Praça;BPCS;Loja;Faturamento;Itens;Boletos;Data;DataPedido;CodPedido
São Luís;21123,0;AREINHA;86083,25;1592;156,0;2025-01-02;;
São Luís;21123,0;AREINHA;113113,04;2149;219,0;2025-01-03;;
São Luís;21123,0;AREINHA;119987,71;2276;186,0;2025-01-04;;
São Luís;21123,0;AREINHA;138445,27;2519;229,0;2025-01-06;;
São Luís;21123,0;AREINHA;118472,53;2111;202,0;2025-01-07;;
São Luís;21123,0;AREINHA;162042,22;3005;286,0;2025-01-08;;
São Luís;21123,0;AREINHA;192652,61;3604;301,0;2025-01-09;;
São Luís;21123,0;AREINHA;164707,36;2938;254,0;2025-01-10;;
São Luís;21123,0;AREINHA;156894,53;3012;253,0;2025-01-11;;
São Luís;21123,0;AREINHA;120601,93;2100;221,0;2025-01-13;;
São Luís;21123,0;AREINHA;121317,54;2124;225,0;2025-01-14;;
São Luís;21123,0;AREINHA;180789,81;2935;274,0;2025-01-15;;
São Luís;21123,0;AREINHA;289445,22;4196;399,0;2025-01-16;;
São Luís;21123,0;AREINHA;245041,22;3586;378,0;2025-01-17;;
São Luís;21123,0;AREINHA;147923,81;2093;220,0;2025-01-18;;
São Luís;21123,0;AREINHA;57637,74;932;72,0;2025-01-19;;
São Luís;21123,0;AREINHA;183209,89;3155;288,0;2025-01-20;;
São Luís;21123,0;AREINHA;218238,59;3793;370,0;2025-01-21;;
São Luís;21123,0;AREINHA;155966,45;2554;257,0;2025-01-22;;
São Luís;21123,0;AREINHA;159708,17;2813;271,0;2025-01-23;;
São Luís;21123,0;AREINHA;178882,36;2935;280,0;2025-01-24;;
São Luís;21123,0;AREINHA;118547,84;2077;210,0;2025-01-25;;
São Luís;21123,0;AREINHA;26281,29;427;52,0;2025-01-26;;
São Luís;21123,0;AREINHA;105205,92;1758;181,0;2025-01-27;;
São Luís;21123,0;AREINHA;138250,31;2507;243,0;2025-01-28;;
São Luís;21123,0;AREINHA;214845,73;3852;335,0;2025-01-29;;
São Luís;21123,0;AREINHA;172308,08;3064;304,0;2025-01-30;;
São Luís;21123,0;AREINHA;128364,85;2206;242,0;2025-01-31;;
São Luís;21123,0;AREINHA;158493,5;2681;236,0;2025-02-01;;
São Luís;21123,0;AREINHA;169879,93;2924;309,0;2025-02-03;;
São Luís;21123,0;AREINHA;170839,88;2933;301,0;2025-02-04;;
São Luís;21123,0;AREINHA;141351,83;2328;274,0;2025-02-05;;
São Luís;21123,0;AREINHA;217375,01;3544;343,0;2025-02-06;;
São Luís;21123,0;AREINHA;195606,02;3170;323,0;2025-02-07;;
São Luís;21123,0;AREINHA;203327,97;3134;308,0;2025-02-08;;
São Luís;21123,0;AREINHA;287614,29;4693;424,0;2025-02-10;;
São Luís;21123,0;AREINHA;249414,67;4044;377,0;2025-02-11;;
São Luís;21123,0;AREINHA;231430,3;4086;414,0;2025-02-12;;
São Luís;21123,0;AREINHA;267528,03;4411;461,0;2025-02-13;;
São Luís;21123,0;AREINHA;173843,1;3071;274,0;2025-02-14;;
São Luís;21123,0;AREINHA;131806,39;2224;183,0;2025-02-15;;
São Luís;21123,0;AREINHA;50921,97;1044;109,0;2025-02-16;;
São Luís;21123,0;AREINHA;102954,79;1854;193,0;2025-02-17;;
São Luís;21123,0;AREINHA;139324,29;2579;272,0;2025-02-18;;
São Luís;21123,0;AREINHA;111477,18;2284;202,0;2025-02-19;;
São Luís;21123,0;AREINHA;99487,53;2122;211,0;2025-02-20;;
São Luís;21123,0;AREINHA;177160,25;3576;283,0;2025-02-21;;
São Luís;21123,0;AREINHA;211146,99;3968;359,0;2025-02-22;;
São Luís;21123,0;AREINHA;23563,63;492;57,0;2025-02-23;;
São Luís;21123,0;AREINHA;74201,64;1456;167,0;2025-02-24;;
São Luís;21123,0;AREINHA;117394,18;2209;202,0;2025-02-25;;
São Luís;21123,0;AREINHA;169572,66;3115;328,0;2025-02-26;;
São Luís;21123,0;AREINHA;148859,54;2581;311,0;2025-02-27;;
São Luís;21123,0;AREINHA;174414,33;3032;313,0;2025-02-28;;
São Luís;21123,0;AREINHA;95923,23;1621;173,0;2025-03-01;;
São Luís;21123,0;AREINHA;120238,92;2275;260,0;2025-03-05;;
São Luís;21123,0;AREINHA;184849,48;3253;334,0;2025-03-06;;
São Luís;21123,0;AREINHA;178557,31;3423;302,0;2025-03-07;;
São Luís;21123,0;AREINHA;184933,66;3668;295,0;2025-03-08;;
São Luís;21123,0;AREINHA;349649,23;6241;399,0;2025-03-10;;
São Luís;21123,0;AREINHA;244663,59;4373;361,0;2025-03-11;;
São Luís;21123,0;AREINHA;282094,06;4672;357,0;2025-03-12;;
São Luís;21123,0;AREINHA;271395,64;4726;370,0;2025-03-13;;
São Luís;21123,0;AREINHA;271209,54;4086;257,0;2025-03-14;;
São Luís;21123,0;AREINHA;339910,81;5442;411,0;2025-03-15;;
São Luís;21123,0;AREINHA;261155,89;3944;349,0;2025-03-17;;
São Luís;21123,0;AREINHA;239819,07;3746;359,0;2025-03-18;;
São Luís;21123,0;AREINHA;281407,41;4522;428,0;2025-03-19;;
São Luís;21123,0;AREINHA;246738,77;3448;376,0;2025-03-20;;
São Luís;21123,0;AREINHA;195927,1;2857;337,0;2025-03-21;;
São Luís;21123,0;AREINHA;209404,17;3119;337,0;2025-03-22;;
São Luís;21123,0;AREINHA;83222,65;1262;125,0;2025-03-23;;
São Luís;21123,0;AREINHA;195841,26;3349;328,0;2025-03-24;;
São Luís;21123,0;AREINHA;215120,23;3433;414,0;2025-03-25;;
São Luís;21123,0;AREINHA;172992,93;2844;273,0;2025-03-26;;
São Luís;21123,0;AREINHA;151774,26;2581;262,0;2025-03-27;;
São Luís;21123,0;AREINHA;160779,71;2774;265,0;2025-03-28;;
São Luís;21123,0;AREINHA;191276,57;3157;293,0;2025-03-29;;
São Luís;21123,0;AREINHA;65476,91;1043;99,0;2025-03-30;;
São Luís;21123,0;AREINHA;148131,77;2717;274,0;2025-03-31;;
São Luís;21123,0;AREINHA;141342,12;2276;259,0;2025-04-01;;
São Luís;21123,0;AREINHA;177961,35;3239;325,0;2025-04-02;;
São Luís;21123,0;AREINHA;152325,54;2792;283,0;2025-04-03;;
São Luís;21123,0;AREINHA;214309,26;3927;328,0;2025-04-04;;
São Luís;21123,0;AREINHA;169621,94;3053;255,0;2025-04-05;;
São Luís;21123,0;AREINHA;166798,38;2944;293,0;2025-04-07;;
São Luís;21123,0;AREINHA;181331,39;2902;340,0;2025-04-08;;
São Luís;21123,0;AREINHA;189804,68;3078;329,0;2025-04-09;;
São Luís;21123,0;AREINHA;186008,07;2870;343,0;2025-04-10;;
São Luís;21123,0;AREINHA;220500,74;3320;336,0;2025-04-11;;
São Luís;21123,0;AREINHA;247123,53;3706;354,0;2025-04-12;;
São Luís;21123,0;AREINHA;53848,4;915;96,0;2025-04-13;;
São Luís;21123,0;AREINHA;216558,53;3673;372,0;2025-04-14;;
São Luís;21123,0;AREINHA;223790,84;3824;360,0;2025-04-15;;
São Luís;21123,0;AREINHA;183041,94;3102;312,0;2025-04-16;;
São Luís;21123,0;AREINHA;173888,16;3081;292,0;2025-04-17;;
São Luís;21123,0;AREINHA;104703,33;1819;187,0;2025-04-19;;
São Luís;21123,0;AREINHA;70414,77;1314;110,0;2025-04-21;;
São Luís;21123,0;AREINHA;147938,46;2521;259,0;2025-04-22;;
São Luís;21123,0;AREINHA;186552,75;3264;284,0;2025-04-23;;
São Luís;21123,0;AREINHA;219015,52;3647;319,0;2025-04-24;;
São Luís;21123,0;AREINHA;194053,18;3218;318,0;2025-04-25;;
São Luís;21123,0;AREINHA;223392,13;3396;352,0;2025-04-26;;
São Luís;21123,0;AREINHA;63816,75;983;92,0;2025-04-27;;
São Luís;21123,0;AREINHA;147033,94;2324;247,0;2025-04-28;;
São Luís;21123,0;AREINHA;199303,57;2918;290,0;2025-04-29;;
São Luís;21123,0;AREINHA;209126,92;3298;341,0;2025-04-30;;
São Luís;21123,0;AREINHA;210395,88;3072;343,0;2025-05-02;;
São Luís;21123,0;AREINHA;224220,75;3236;360,0;2025-05-03;;
São Luís;21123,0;AREINHA;270023,62;3745;367,0;2025-05-05;;
São Luís;21123,0;AREINHA;307684,12;4459;388,0;2025-05-06;;
São Luís;21123,0;AREINHA;286068,09;4055;439,0;2025-05-07;;
São Luís;21123,0;AREINHA;350983,68;5102;494,0;2025-05-08;;
São Luís;21123,0;AREINHA;353257,23;5327;505,0;2025-05-09;;
São Luís;21123,0;AREINHA;289323,66;4896;518,0;2025-05-10;;
São Luís;21123,0;AREINHA;64429,52;1110;144,0;2025-05-11;;
São Luís;21123,0;AREINHA;168402,84;2756;297,0;2025-05-12;;
São Luís;21123,0;AREINHA;223125,07;3838;378,0;2025-05-13;;
São Luís;21123,0;AREINHA;218470,41;3963;292,0;2025-05-14;;
São Luís;21123,0;AREINHA;182291,02;3263;264,0;2025-05-15;;
São Luís;21123,0;AREINHA;194990,33;3629;313,0;2025-05-16;;
São Luís;21123,0;AREINHA;181418,25;3337;280,0;2025-05-17;;
São Luís;21123,0;AREINHA;372360,05;6575;381,0;2025-05-19;;
São Luís;21123,0;AREINHA;259023,31;4729;387,0;2025-05-20;;
São Luís;21123,0;AREINHA;218655,37;3849;363,0;2025-05-21;;
São Luís;21123,0;AREINHA;304526,46;4970;411,0;2025-05-22;;
São Luís;21123,0;AREINHA;268535,25;4486;385,0;2025-05-23;;
São Luís;21123,0;AREINHA;271194,43;4362;380,0;2025-05-24;;
São Luís;21123,0;AREINHA;91996,65;1475;140,0;2025-05-25;;
São Luís;21123,0;AREINHA;195893,44;3281;363,0;2025-05-26;;
São Luís;21123,0;AREINHA;256115,0;4324;425,0;2025-05-27;;
São Luís;21123,0;AREINHA;229340,85;3891;412,0;2025-05-28;;
São Luís;21123,0;AREINHA;148289,45;2520;268,0;2025-05-29;;
São Luís;21123,0;AREINHA;164162,02;2809;295,0;2025-05-30;;
São Luís;21123,0;AREINHA;130180,69;2373;230,0;2025-05-31;;
São Luís;21123,0;AREINHA;151429,33;2761;308,0;2025-06-02;;
São Luís;21123,0;AREINHA;168029,19;3009;325,0;2025-06-03;;
São Luís;21123,0;AREINHA;163103,58;3120;299,0;2025-06-04;;
São Luís;21123,0;AREINHA;176588,22;3375;293,0;2025-06-05;;
São Luís;21123,0;AREINHA;176809,77;3331;312,0;2025-06-06;;
São Luís;21123,0;AREINHA;178740,77;3249;334,0;2025-06-07;;
São Luís;21123,0;AREINHA;61775,7;1107;109,0;2025-06-08;;
São Luís;21123,0;AREINHA;185100,95;3182;312,0;2025-06-09;;
São Luís;21123,0;AREINHA;210750,81;3435;355,0;2025-06-10;;
São Luís;21123,0;AREINHA;272004,01;4302;484,0;2025-06-11;;
São Luís;21123,0;AREINHA;262806,99;4047;489,0;2025-06-12;;
São Luís;21123,0;AREINHA;354381,73;6494;506,0;2025-06-13;;
São Luís;21123,0;AREINHA;234294,42;3738;388,0;2025-06-14;;
São Luís;21123,0;AREINHA;208098,42;3107;331,0;2025-06-16;;
São Luís;21123,0;AREINHA;266618,65;3520;360,0;2025-06-17;;
São Luís;21123,0;AREINHA;273732,72;3642;368,0;2025-06-18;;
São Luís;21123,0;AREINHA;135113,98;1901;237,0;2025-06-19;;
São Luís;21123,0;AREINHA;180918,55;2662;317,0;2025-06-20;;
São Luís;21123,0;AREINHA;157320,89;2362;273,0;2025-06-21;;
São Luís;21123,0;AREINHA;39648,61;603;81,0;2025-06-22;;
São Luís;21123,0;AREINHA;244435,64;3018;315,0;2025-06-23;;
São Luís;21123,0;AREINHA;194983,73;2524;284,0;2025-06-24;;
São Luís;21123,0;AREINHA;223318,2;3332;347,0;2025-06-25;;
São Luís;21123,0;AREINHA;196966,92;3018;310,0;2025-06-26;;
São Luís;21123,0;AREINHA;220044,21;3263;343,0;2025-06-27;;
São Luís;21123,0;AREINHA;228028,64;3208;350,0;2025-06-28;;
São Luís;21123,0;AREINHA;83677,75;1172;121,0;2025-06-29;;
São Luís;21123,0;AREINHA;269560,09;4518;380,0;2025-06-30;;
São Luís;21123,0;AREINHA;247703,37;4369;408,0;2025-07-01;;
São Luís;21123,0;AREINHA;222376,87;4199;395,0;2025-07-02;;
São Luís;21123,0;AREINHA;196303,32;3957;314,0;2025-07-03;;
São Luís;21123,0;AREINHA;199815,53;3945;306,0;2025-07-04;;
São Luís;21123,0;AREINHA;188174,82;3602;278,0;2025-07-05;;
São Luís;21123,0;AREINHA;160031,37;3146;286,0;2025-07-07;;
São Luís;21123,0;AREINHA;181112,63;3446;310,0;2025-07-08;;
São Luís;21123,0;AREINHA;207681,9;3969;332,0;2025-07-09;;
São Luís;21123,0;AREINHA;192671,17;3506;331,0;2025-07-10;;
São Luís;21123,0;AREINHA;171224,21;2638;305,0;2025-07-11;;
São Luís;21123,0;AREINHA;154829,86;2575;290,0;2025-07-12;;
São Luís;21123,0;AREINHA;159442,56;2588;274,0;2025-07-14;;
São Luís;21123,0;AREINHA;173987,46;3033;308,0;2025-07-15;;
São Luís;21123,0;AREINHA;226701,2;4453;353,0;2025-07-16;;
São Luís;21123,0;AREINHA;202922,62;3252;334,0;2025-07-17;;
São Luís;21123,0;AREINHA;257087,56;3948;393,0;2025-07-18;;
São Luís;21123,0;AREINHA;239497,28;3457;347,0;2025-07-19;;
São Luís;21123,0;AREINHA;54774,84;877;98,0;2025-07-20;;
São Luís;21123,0;AREINHA;250443,14;4691;350,0;2025-07-21;;
São Luís;21123,0;AREINHA;252396,65;4428;378,0;2025-07-22;;
São Luís;21123,0;AREINHA;227363,85;4295;348,0;2025-07-23;;
São Luís;21123,0;AREINHA;213451,8;3429;399,0;2025-07-24;;
São Luís;21123,0;AREINHA;168561,9;2897;244,0;2025-07-25;;
São Luís;21123,0;AREINHA;145645,05;2305;213,0;2025-07-26;;
São Luís;21123,0;AREINHA;36922,27;543;58,0;2025-07-27;;
São Luís;21123,0;AREINHA;83989,36;1602;137,0;2025-07-28;;
São Luís;21123,0;AREINHA;143947,82;2725;242,0;2025-07-29;;
São Luís;21123,0;AREINHA;185332,45;3203;272,0;2025-07-30;;
São Luís;21123,0;AREINHA;208512,08;3315;313,0;2025-07-31;;
São Luís;21123,0;AREINHA;208393,65;3229;314,0;2025-08-01;;
São Luís;21123,0;AREINHA;208002,68;3113;287,0;2025-08-02;;
São Luís;21123,0;AREINHA;239864,64;3939;337,0;2025-08-04;;
São Luís;21123,0;AREINHA;241144,04;3734;354,0;2025-08-05;;
São Luís;21123,0;AREINHA;316885,11;5042;448,0;2025-08-06;;
São Luís;21123,0;AREINHA;284460,59;4495;411,0;2025-08-07;;
São Luís;21123,0;AREINHA;410631,71;5791;564,0;2025-08-08;;
São Luís;21123,0;AREINHA;334905,57;4548;496,0;2025-08-09;;
São Luís;21123,0;AREINHA;54742,16;787;89,0;2025-08-10;;
São Luís;21123,0;AREINHA;352882,1;7153;491,0;2025-08-11;;
São Luís;21123,0;AREINHA;262319,83;5226;435,0;2025-08-12;;
São Luís;21123,0;AREINHA;189709,83;3982;292,0;2025-08-13;;
São Luís;21123,0;AREINHA;216538,47;4279;336,0;2025-08-14;;
São Luís;21123,0;AREINHA;189553,22;3842;313,0;2025-08-15;;
São Luís;21123,0;AREINHA;151523,86;3093;268,0;2025-08-16;;
São Luís;21123,0;AREINHA;157466,83;3120;296,0;2025-08-18;;
São Luís;21123,0;AREINHA;94337,13;1719;173,0;2025-08-19;;
São Luís;21123,0;AREINHA;177133,58;3204;314,0;2025-08-20;;
São Luís;21123,0;AREINHA;147797,14;2676;258,0;2025-08-21;;
São Luís;21123,0;AREINHA;192397,39;3378;285,0;2025-08-22;;
São Luís;21123,0;AREINHA;146251,49;2678;252,0;2025-08-23;;
São Luís;21123,0;AREINHA;50573,93;888;86,0;2025-08-24;;
São Luís;21123,0;AREINHA;107099,97;1918;186,0;2025-08-25;;
São Luís;21123,0;AREINHA;146200,72;2696;300,0;2025-08-26;;
São Luís;21123,0;AREINHA;182795,37;3643;316,0;2025-08-27;;
São Luís;21123,0;AREINHA;176485,31;3627;442,0;2025-08-28;;
São Luís;21123,0;AREINHA;171067,03;3367;367,0;2025-08-29;;
São Luís;21123,0;AREINHA;165546,9;3019;284,0;2025-08-30;;
São Luís;21123,0;AREINHA;60494,42;1020;114,0;2025-08-31;;
São Luís;21123,0;AREINHA;187550,23;3636;290,0;2025-09-01;;
São Luís;21123,0;AREINHA;194057,51;3991;359,0;2025-09-02;;
São Luís;21123,0;AREINHA;196140,21;3958;314,0;2025-09-03;;
São Luís;21123,0;AREINHA;149922,89;2837;261,0;2025-09-04;;
São Luís;21123,0;AREINHA;317229,13;5595;412,0;2025-09-05;;
São Luís;21123,0;AREINHA;229041,58;3859;344,0;2025-09-06;;
São Luís;21123,0;AREINHA;46833,33;815;76,0;2025-09-08;;
São Luís;21123,0;AREINHA;204415,72;3488;298,0;2025-09-09;;
São Luís;21123,0;AREINHA;215193,07;3559;329,0;2025-09-10;;
São Luís;21123,0;AREINHA;222876,18;3647;344,0;2025-09-11;;
São Luís;21123,0;AREINHA;251680,62;4247;384,0;2025-09-12;;
São Luís;21123,0;AREINHA;202950,48;3375;313,0;2025-09-13;;
São Luís;21123,0;AREINHA;169811,95;2860;263,0;2025-09-15;;
São Luís;21123,0;AREINHA;223700,37;3458;309,0;2025-09-16;;
São Luís;21123,0;AREINHA;238809,66;4307;368,0;2025-09-17;;
São Luís;21123,0;AREINHA;200149,64;3562;322,0;2025-09-18;;
São Luís;21123,0;AREINHA;162183,45;2662;304,0;2025-09-19;;
São Luís;21123,0;AREINHA;192063,56;2743;299,0;2025-09-20;;
São Luís;21123,0;AREINHA;70852,53;1076;120,0;2025-09-21;;
São Luís;21123,0;AREINHA;238009,92;4752;378,0;2025-09-22;;
São Luís;21123,0;AREINHA;264192,97;4594;360,0;2025-09-23;;
São Luís;21123,0;AREINHA;228526,79;4209;302,0;2025-09-24;;
São Luís;21123,0;AREINHA;272886,52;4493;263,0;2025-09-25;;
São Luís;21123,0;AREINHA;300158,37;5100;334,0;2025-09-26;;
São Luís;21123,0;AREINHA;262462,59;4750;324,0;2025-09-27;;
São Luís;21123,0;AREINHA;47979,89;928;79,0;2025-09-28;;
São Luís;21123,0;AREINHA;139831,07;2734;235,0;2025-09-29;;
São Luís;21123,0;AREINHA;176424,03;3403;271,0;2025-09-30;;
São Luís;21123,0;AREINHA;167699,96;3689;235,0;2025-10-01;;
São Luís;21123,0;AREINHA;210168,28;4892;317,0;2025-10-02;;
São Luís;21123,0;AREINHA;335561,75;5499;355,0;2025-10-03;;
São Luís;21123,0;AREINHA;273344,74;4119;365,0;2025-10-04;;
São Luís;21123,0;AREINHA;194992,75;2738;272,0;2025-10-06;;
São Luís;21123,0;AREINHA;247588,43;3780;326,0;2025-10-07;;
São Luís;21123,0;AREINHA;224459,07;3778;343,0;2025-10-08;;
São Luís;21123,0;AREINHA;194154,25;3038;279,0;2025-10-09;;
São Luís;21123,0;AREINHA;248378,3;3966;336,0;2025-10-10;;
São Luís;21123,0;AREINHA;174740,06;2874;297,0;2025-10-11;;
São Luís;21123,0;AREINHA;226532,03;4395;357,0;2025-10-13;;
São Luís;21123,0;AREINHA;218667,94;4035;373,0;2025-10-14;;
São Luís;21123,0;AREINHA;137680,82;2905;253,0;2025-10-15;;
São Luís;21123,0;AREINHA;134082,41;2909;224,0;2025-10-16;;
São Luís;21123,0;AREINHA;187491,49;3851;317,0;2025-10-17;;
São Luís;21123,0;AREINHA;187716,09;3542;307,0;2025-10-18;;
São Luís;21123,0;AREINHA;29814,12;503;58,0;2025-10-19;;
São Luís;21123,0;AREINHA;139603,98;2250;237,0;2025-10-21;;
São Luís;21123,0;AREINHA;128740,6;2109;241,0;2025-10-22;;
São Luís;21123,0;AREINHA;117640,37;2216;240,0;2025-10-23;;
São Luís;21123,0;AREINHA;161514,82;2902;261,0;2025-10-24;;
São Luís;21123,0;AREINHA;149701,78;2666;228,0;2025-10-25;;
São Luís;21123,0;AREINHA;142922,61;2574;245,0;2025-10-27;;
São Luís;21123,0;AREINHA;143364,9;2506;269,0;2025-10-28;;
São Luís;21123,0;AREINHA;229843,47;3982;348,0;2025-10-29;;
São Luís;21123,0;AREINHA;236601,06;3870;392,0;2025-10-30;;
São Luís;21123,0;AREINHA;164108,65;2546;304,0;2025-10-31;;
São Luís;21123,0;AREINHA;224681,36;3603;362,0;2025-11-01;;
São Luís;21123,0;AREINHA;336351,64;6723;519,0;2025-11-03;;
São Luís;21123,0;AREINHA;286002,09;5503;426,0;2025-11-04;;
São Luís;21123,0;AREINHA;244999,16;4821;381,0;2025-11-05;;
São Luís;21123,0;AREINHA;244845,28;4958;382,0;2025-11-06;;
São Luís;21123,0;AREINHA;250645,1;5297;401,0;2025-11-07;;
São Luís;21123,0;AREINHA;221581,89;4208;368,0;2025-11-08;;
São Luís;21123,0;AREINHA;200182,53;3645;353,0;2025-11-10;;
São Luís;21123,0;AREINHA;200814,83;3877;331,0;2025-11-11;;
São Luís;21123,0;AREINHA;262216,31;4765;389,0;2025-11-12;;
São Luís;21123,0;AREINHA;220137,07;3927;405,0;2025-11-13;;
São Luís;21123,0;AREINHA;219221,42;3919;362,0;2025-11-14;;
São Luís;21123,0;AREINHA;190034,88;3114;309,0;2025-11-15;;
São Luís;21123,0;AREINHA;48220,78;754;72,0;2025-11-16;;
São Luís;21123,0;AREINHA;191170,82;3301;315,0;2025-11-17;;
São Luís;21123,0;AREINHA;190598,77;3167;309,0;2025-11-18;;
São Luís;21123,0;AREINHA;218505,37;3974;327,0;2025-11-19;;
São Luís;21123,0;AREINHA;227802,32;3567;294,0;2025-11-20;;
São Luís;21123,0;AREINHA;243961,0;3586;369,0;2025-11-21;;
São Luís;21123,0;AREINHA;218400,75;3461;344,0;2025-11-22;;
São Luís;21123,0;AREINHA;27903,34;412;63,0;2025-11-23;;
São Luís;21123,0;AREINHA;157066,56;2387;280,0;2025-11-24;;
São Luís;21123,0;AREINHA;190334,97;2926;288,0;2025-11-25;;
São Luís;21123,0;AREINHA;208812,42;3576;335,0;2025-11-26;;
São Luís;21123,0;AREINHA;430221,86;7669;542,0;2025-11-27;;
São Luís;21123,0;AREINHA;351392,07;5914;518,0;2025-11-28;;
São Luís;21123,0;AREINHA;219113,56;3484;334,0;2025-11-29;;
São Luís;21123,0;AREINHA;121111,38;1826;195,0;2025-11-30;;
São Luís;21123,0;AREINHA;186482,65;3248;319,0;2025-12-01;;
São Luís;21123,0;AREINHA;191075,31;3255;357,0;2025-12-02;;
São Luís;21123,0;AREINHA;185871,24;3518;368,0;2025-12-03;;
São Luís;21123,0;AREINHA;194172,71;3543;367,0;2025-12-04;;
São Luís;21123,0;AREINHA;193428,68;4081;307,0;2025-12-05;;
São Luís;21123,0;AREINHA;135979,53;2979;226,0;2025-12-06;;
São Luís;21123,0;AREINHA;105956,13;2458;159,0;2025-12-08;;
São Luís;21123,0;AREINHA;200241,8;4041;304,0;2025-12-09;;
São Luís;21123,0;AREINHA;193728,91;3803;297,0;2025-12-10;;
São Luís;21123,0;AREINHA;242650,17;4565;349,0;2025-12-11;;
São Luís;21123,0;AREINHA;250189,33;4687;377,0;2025-12-12;;
São Luís;21123,0;AREINHA;195310,03;3862;314,0;2025-12-13;;
São Luís;21123,0;AREINHA;240778,97;4556;343,0;2025-12-15;;
São Luís;21123,0;AREINHA;225314,93;4257;332,0;2025-12-16;;
São Luís;21123,0;AREINHA;241349,29;4828;381,0;2025-12-17;;
São Luís;21123,0;AREINHA;247909,75;4530;410,0;2025-12-18;;
São Luís;21123,0;AREINHA;219244,89;3943;381,0;2025-12-19;;
São Luís;21123,0;AREINHA;183692,13;3023;302,0;2025-12-20;;
São Luís;21123,0;AREINHA;77800,66;1083;96,0;2025-12-21;;
São Luís;21123,0;AREINHA;166875,09;2485;302,0;2025-12-22;;
São Luís;21123,0;AREINHA;220706,04;3325;375,0;2025-12-23;;
São Luís;21123,0;AREINHA;112140,04;1637;224,0;2025-12-24;;
São Luís;21123,0;AREINHA;249089,29;4740;337,0;2025-12-26;;
São Luís;21123,0;AREINHA;263373,09;4234;353,0;2025-12-27;;
São Luís;21123,0;AREINHA;92200,76;1558;140,0;2025-12-28;;
São Luís;21123,0;AREINHA;237950,54;3891;351,0;2025-12-29;;
São Luís;21123,0;AREINHA;166807,01;2929;267,0;2025-12-30;;
São Luís;21123,0;AREINHA;92830,09;1671;140,0;2025-12-31;;
Campina Grande;21767,0;CAMPINA GRANDE;57827,36;949;101,0;2025-01-02;;
Campina Grande;21767,0;CAMPINA GRANDE;54068,82;897;94,0;2025-01-03;;
Campina Grande;21767,0;CAMPINA GRANDE;45309,19;796;77,0;2025-01-04;;
Campina Grande;21767,0;CAMPINA GRANDE;133233,33;1806;155,0;2025-01-06;;
Campina Grande;21767,0;CAMPINA GRANDE;105708,42;1806;173,0;2025-01-07;;
Campina Grande;21767,0;CAMPINA GRANDE;94761,46;1582;154,0;2025-01-08;;
Campina Grande;21767,0;CAMPINA GRANDE;116499,42;1830;155,0;2025-01-09;;
Campina Grande;21767,0;CAMPINA GRANDE;62580,16;933;114,0;2025-01-10;;
Campina Grande;21767,0;CAMPINA GRANDE;48450,21;802;97,0;2025-01-11;;
Campina Grande;21767,0;CAMPINA GRANDE;57480,44;937;128,0;2025-01-13;;
Campina Grande;21767,0;CAMPINA GRANDE;73660,22;1080;128,0;2025-01-14;;
Campina Grande;21767,0;CAMPINA GRANDE;93605,34;1396;121,0;2025-01-15;;
Campina Grande;21767,0;CAMPINA GRANDE;482420,59;5254;333,0;2025-01-16;;
Campina Grande;21767,0;CAMPINA GRANDE;185351,9;2101;209,0;2025-01-17;;
Campina Grande;21767,0;CAMPINA GRANDE;96357,69;1172;127,0;2025-01-18;;
Campina Grande;21767,0;CAMPINA GRANDE;251555,75;4051;253,0;2025-01-20;;
Campina Grande;21767,0;CAMPINA GRANDE;185779,34;3304;222,0;2025-01-21;;
Campina Grande;21767,0;CAMPINA GRANDE;127717,71;2229;177,0;2025-01-22;;
Campina Grande;21767,0;CAMPINA GRANDE;129295,95;2138;168,0;2025-01-23;;
Campina Grande;21767,0;CAMPINA GRANDE;78398,9;1347;126,0;2025-01-24;;
Campina Grande;21767,0;CAMPINA GRANDE;54150,21;903;90,0;2025-01-25;;
Campina Grande;21767,0;CAMPINA GRANDE;147847,1;2682;170,0;2025-01-27;;
Campina Grande;21767,0;CAMPINA GRANDE;116180,5;1867;155,0;2025-01-28;;
Campina Grande;21767,0;CAMPINA GRANDE;84225,08;1393;149,0;2025-01-29;;
Campina Grande;21767,0;CAMPINA GRANDE;78906,64;1254;154,0;2025-01-30;;
Campina Grande;21767,0;CAMPINA GRANDE;99618,44;1418;152,0;2025-01-31;;
Campina Grande;21767,0;CAMPINA GRANDE;43859,49;665;84,0;2025-02-01;;
Campina Grande;21767,0;CAMPINA GRANDE;69877,77;1047;107,0;2025-02-03;;
Campina Grande;21767,0;CAMPINA GRANDE;70595,43;1078;136,0;2025-02-04;;
Campina Grande;21767,0;CAMPINA GRANDE;98841,49;1563;143,0;2025-02-05;;
Campina Grande;21767,0;CAMPINA GRANDE;113073,45;1889;171,0;2025-02-06;;
Campina Grande;21767,0;CAMPINA GRANDE;123658,52;1915;199,0;2025-02-07;;
Campina Grande;21767,0;CAMPINA GRANDE;93777,42;1327;175,0;2025-02-08;;
Campina Grande;21767,0;CAMPINA GRANDE;309063,04;4298;270,0;2025-02-10;;
Campina Grande;21767,0;CAMPINA GRANDE;233792,19;3346;254,0;2025-02-11;;
Campina Grande;21767,0;CAMPINA GRANDE;119381,01;1840;195,0;2025-02-12;;
Campina Grande;21767,0;CAMPINA GRANDE;118326,47;1672;215,0;2025-02-13;;
Campina Grande;21767,0;CAMPINA GRANDE;122788,28;1895;194,0;2025-02-14;;
Campina Grande;21767,0;CAMPINA GRANDE;44584,59;764;86,0;2025-02-15;;
Campina Grande;21767,0;CAMPINA GRANDE;67059,33;1120;116,0;2025-02-17;;
Campina Grande;21767,0;CAMPINA GRANDE;77104,21;1038;129,0;2025-02-18;;
Campina Grande;21767,0;CAMPINA GRANDE;60908,24;1027;131,0;2025-02-19;;
Campina Grande;21767,0;CAMPINA GRANDE;51588,53;952;116,0;2025-02-20;;
Campina Grande;21767,0;CAMPINA GRANDE;100959,02;1869;154,0;2025-02-21;;
Campina Grande;21767,0;CAMPINA GRANDE;77399,7;1322;123,0;2025-02-22;;
Campina Grande;21767,0;CAMPINA GRANDE;88847,2;1416;145,0;2025-02-24;;
Campina Grande;21767,0;CAMPINA GRANDE;139698,63;1854;178,0;2025-02-25;;
Campina Grande;21767,0;CAMPINA GRANDE;90993,96;1526;152,0;2025-02-26;;
Campina Grande;21767,0;CAMPINA GRANDE;93603,43;1494;194,0;2025-02-27;;
Campina Grande;21767,0;CAMPINA GRANDE;64993,23;1007;153,0;2025-02-28;;
Campina Grande;21767,0;CAMPINA GRANDE;35282,02;561;89,0;2025-03-01;;
Campina Grande;21767,0;CAMPINA GRANDE;141178,27;2961;180,0;2025-03-05;;
Campina Grande;21767,0;CAMPINA GRANDE;181087,23;3446;273,0;2025-03-06;;
Campina Grande;21767,0;CAMPINA GRANDE;187474,45;3441;209,0;2025-03-07;;
Campina Grande;21767,0;CAMPINA GRANDE;88533,59;1666;118,0;2025-03-08;;
Campina Grande;21767,0;CAMPINA GRANDE;584317,6;6422;242,0;2025-03-10;;
Campina Grande;21767,0;CAMPINA GRANDE;200249,58;3215;221,0;2025-03-11;;
Campina Grande;21767,0;CAMPINA GRANDE;234461,35;3052;213,0;2025-03-12;;
Campina Grande;21767,0;CAMPINA GRANDE;160576,96;2471;200,0;2025-03-13;;
Campina Grande;21767,0;CAMPINA GRANDE;237381,81;2942;244,0;2025-03-14;;
Campina Grande;21767,0;CAMPINA GRANDE;96362,43;1413;124,0;2025-03-15;;
Campina Grande;21767,0;CAMPINA GRANDE;124591,3;1746;169,0;2025-03-17;;
Campina Grande;21767,0;CAMPINA GRANDE;103687,26;1560;192,0;2025-03-18;;
Campina Grande;21767,0;CAMPINA GRANDE;167127,26;2540;187,0;2025-03-19;;
Campina Grande;21767,0;CAMPINA GRANDE;121272,21;1786;203,0;2025-03-20;;
Campina Grande;21767,0;CAMPINA GRANDE;118632,99;1706;215,0;2025-03-21;;
Campina Grande;21767,0;CAMPINA GRANDE;66958,95;1021;122,0;2025-03-22;;
Campina Grande;21767,0;CAMPINA GRANDE;238350,37;3846;249,0;2025-03-24;;
Campina Grande;21767,0;CAMPINA GRANDE;178975,58;2902;253,0;2025-03-25;;
Campina Grande;21767,0;CAMPINA GRANDE;125032,45;2180;150,0;2025-03-26;;
Campina Grande;21767,0;CAMPINA GRANDE;124132,7;2164;182,0;2025-03-27;;
Campina Grande;21767,0;CAMPINA GRANDE;122724,95;1971;203,0;2025-03-28;;
Campina Grande;21767,0;CAMPINA GRANDE;63839,63;972;106,0;2025-03-29;;
Campina Grande;21767,0;CAMPINA GRANDE;121489,4;1883;173,0;2025-03-31;;
Campina Grande;21767,0;CAMPINA GRANDE;88457,14;1408;157,0;2025-04-01;;
Campina Grande;21767,0;CAMPINA GRANDE;87116,5;1406;164,0;2025-04-02;;
Campina Grande;21767,0;CAMPINA GRANDE;96990,27;1371;163,0;2025-04-03;;
Campina Grande;21767,0;CAMPINA GRANDE;97128,33;1651;174,0;2025-04-04;;
Campina Grande;21767,0;CAMPINA GRANDE;66831,68;988;117,0;2025-04-05;;
Campina Grande;21767,0;CAMPINA GRANDE;139190,01;1670;169,0;2025-04-07;;
Campina Grande;21767,0;CAMPINA GRANDE;103606,28;1820;171,0;2025-04-08;;
Campina Grande;21767,0;CAMPINA GRANDE;103175,99;1661;188,0;2025-04-09;;
Campina Grande;21767,0;CAMPINA GRANDE;104397,18;1510;165,0;2025-04-10;;
Campina Grande;21767,0;CAMPINA GRANDE;106680,96;1739;191,0;2025-04-11;;
Campina Grande;21767,0;CAMPINA GRANDE;72056,62;1058;117,0;2025-04-12;;
Campina Grande;21767,0;CAMPINA GRANDE;178522,13;3306;224,0;2025-04-14;;
Campina Grande;21767,0;CAMPINA GRANDE;209579,22;3741;264,0;2025-04-15;;
Campina Grande;21767,0;CAMPINA GRANDE;140522,02;2365;176,0;2025-04-16;;
Campina Grande;21767,0;CAMPINA GRANDE;105207,44;1658;162,0;2025-04-17;;
Campina Grande;21767,0;CAMPINA GRANDE;26037,71;378;49,0;2025-04-18;;
Campina Grande;21767,0;CAMPINA GRANDE;46190,1;674;76,0;2025-04-19;;
Campina Grande;21767,0;CAMPINA GRANDE;159305,33;2128;187,0;2025-04-22;;
Campina Grande;21767,0;CAMPINA GRANDE;116056,96;1505;170,0;2025-04-23;;
Campina Grande;21767,0;CAMPINA GRANDE;136779,84;1859;190,0;2025-04-24;;
Campina Grande;21767,0;CAMPINA GRANDE;121380,35;1545;183,0;2025-04-25;;
Campina Grande;21767,0;CAMPINA GRANDE;68024,72;909;109,0;2025-04-26;;
Campina Grande;21767,0;CAMPINA GRANDE;100201,88;1362;159,0;2025-04-28;;
Campina Grande;21767,0;CAMPINA GRANDE;84072,55;1247;143,0;2025-04-29;;
Campina Grande;21767,0;CAMPINA GRANDE;96313,54;1384;158,0;2025-04-30;;
Campina Grande;21767,0;CAMPINA GRANDE;105127,52;1462;185,0;2025-05-02;;
Campina Grande;21767,0;CAMPINA GRANDE;77199,58;937;123,0;2025-05-03;;
Campina Grande;21767,0;CAMPINA GRANDE;162142,9;1879;206,0;2025-05-05;;
Campina Grande;21767,0;CAMPINA GRANDE;136078,2;1867;187,0;2025-05-06;;
Campina Grande;21767,0;CAMPINA GRANDE;104440,29;1286;204,0;2025-05-07;;
Campina Grande;21767,0;CAMPINA GRANDE;124150,14;1651;206,0;2025-05-08;;
Campina Grande;21767,0;CAMPINA GRANDE;142516,22;1793;233,0;2025-05-09;;
Campina Grande;21767,0;CAMPINA GRANDE;127720,15;1634;214,0;2025-05-10;;
Campina Grande;21767,0;CAMPINA GRANDE;21748,95;268;47,0;2025-05-11;;
Campina Grande;21767,0;CAMPINA GRANDE;220904,92;4054;226,0;2025-05-12;;
Campina Grande;21767,0;CAMPINA GRANDE;242751,88;4944;277,0;2025-05-13;;
Campina Grande;21767,0;CAMPINA GRANDE;162101,99;2802;179,0;2025-05-14;;
Campina Grande;21767,0;CAMPINA GRANDE;137984,77;2190;155,0;2025-05-15;;
Campina Grande;21767,0;CAMPINA GRANDE;136024,74;2210;166,0;2025-05-16;;
Campina Grande;21767,0;CAMPINA GRANDE;68360,22;1191;117,0;2025-05-17;;
Campina Grande;21767,0;CAMPINA GRANDE;298972,82;4892;254,0;2025-05-19;;
Campina Grande;21767,0;CAMPINA GRANDE;210235,6;3321;230,0;2025-05-20;;
Campina Grande;21767,0;CAMPINA GRANDE;165819,38;2670;210,0;2025-05-21;;
Campina Grande;21767,0;CAMPINA GRANDE;292889,0;4190;285,0;2025-05-22;;
Campina Grande;21767,0;CAMPINA GRANDE;246161,07;3434;267,0;2025-05-23;;
Campina Grande;21767,0;CAMPINA GRANDE;150969,48;2153;189,0;2025-05-24;;
Campina Grande;21767,0;CAMPINA GRANDE;217512,54;3044;285,0;2025-05-26;;
Campina Grande;21767,0;CAMPINA GRANDE;198096,04;3358;229,0;2025-05-27;;
Campina Grande;21767,0;CAMPINA GRANDE;124403,33;1967;197,0;2025-05-28;;
Campina Grande;21767,0;CAMPINA GRANDE;74095,95;1169;126,0;2025-05-29;;
Campina Grande;21767,0;CAMPINA GRANDE;80865,78;1450;121,0;2025-05-30;;
Campina Grande;21767,0;CAMPINA GRANDE;55710,63;1064;95,0;2025-05-31;;
Campina Grande;21767,0;CAMPINA GRANDE;76904,26;1432;147,0;2025-06-02;;
Campina Grande;21767,0;CAMPINA GRANDE;86732,67;1546;171,0;2025-06-03;;
Campina Grande;21767,0;CAMPINA GRANDE;74956,86;1509;159,0;2025-06-04;;
Campina Grande;21767,0;CAMPINA GRANDE;124114,92;2511;207,0;2025-06-05;;
Campina Grande;21767,0;CAMPINA GRANDE;120936,14;2023;207,0;2025-06-06;;
Campina Grande;21767,0;CAMPINA GRANDE;91545,31;1689;143,0;2025-06-07;;
Campina Grande;21767,0;CAMPINA GRANDE;113063,5;1954;195,0;2025-06-09;;
Campina Grande;21767,0;CAMPINA GRANDE;113175,32;1834;223,0;2025-06-10;;
Campina Grande;21767,0;CAMPINA GRANDE;115347,6;1703;222,0;2025-06-11;;
Campina Grande;21767,0;CAMPINA GRANDE;87538,92;1246;211,0;2025-06-12;;
Campina Grande;21767,0;CAMPINA GRANDE;446751,97;7617;325,0;2025-06-13;;
Campina Grande;21767,0;CAMPINA GRANDE;173779,04;2942;174,0;2025-06-14;;
Campina Grande;21767,0;CAMPINA GRANDE;212715,69;3008;218,0;2025-06-16;;
Campina Grande;21767,0;CAMPINA GRANDE;197699,28;2966;183,0;2025-06-17;;
Campina Grande;21767,0;CAMPINA GRANDE;193103,77;2595;185,0;2025-06-18;;
Campina Grande;21767,0;CAMPINA GRANDE;89339,81;1051;64,0;2025-06-19;;
Campina Grande;21767,0;CAMPINA GRANDE;80083,31;1186;124,0;2025-06-20;;
Campina Grande;21767,0;CAMPINA GRANDE;9022,02;121;19,0;2025-06-21;;
Campina Grande;21767,0;CAMPINA GRANDE;138189,01;1590;160,0;2025-06-23;;
Campina Grande;21767,0;CAMPINA GRANDE;73810,4;774;61,0;2025-06-24;;
Campina Grande;21767,0;CAMPINA GRANDE;137886,6;1605;176,0;2025-06-25;;
Campina Grande;21767,0;CAMPINA GRANDE;166267,11;2269;143,0;2025-06-26;;
Campina Grande;21767,0;CAMPINA GRANDE;201923,68;2711;237,0;2025-06-27;;
Campina Grande;21767,0;CAMPINA GRANDE;110951,12;1462;165,0;2025-06-28;;
Campina Grande;21767,0;CAMPINA GRANDE;285279,6;4543;304,0;2025-06-30;;
Campina Grande;21767,0;CAMPINA GRANDE;159864,75;2410;211,0;2025-07-01;;
Campina Grande;21767,0;CAMPINA GRANDE;166549,14;2994;197,0;2025-07-02;;
Campina Grande;21767,0;CAMPINA GRANDE;156675,32;2712;199,0;2025-07-03;;
Campina Grande;21767,0;CAMPINA GRANDE;115481,8;1806;145,0;2025-07-04;;
Campina Grande;21767,0;CAMPINA GRANDE;57111,01;879;93,0;2025-07-05;;
Campina Grande;21767,0;CAMPINA GRANDE;59328,17;958;107,0;2025-07-07;;
Campina Grande;21767,0;CAMPINA GRANDE;75550,8;1463;138,0;2025-07-08;;
Campina Grande;21767,0;CAMPINA GRANDE;81653,23;1413;133,0;2025-07-09;;
Campina Grande;21767,0;CAMPINA GRANDE;81590,25;1393;132,0;2025-07-10;;
Campina Grande;21767,0;CAMPINA GRANDE;62966,55;1009;110,0;2025-07-11;;
Campina Grande;21767,0;CAMPINA GRANDE;45835,09;630;88,0;2025-07-12;;
Campina Grande;21767,0;CAMPINA GRANDE;103431,29;1494;146,0;2025-07-14;;
Campina Grande;21767,0;CAMPINA GRANDE;7786,0;133;11,0;2025-07-15;;
Campina Grande;21767,0;CAMPINA GRANDE;316304,39;6833;316,0;2025-07-16;;
Campina Grande;21767,0;CAMPINA GRANDE;168862,76;3260;235,0;2025-07-17;;
Campina Grande;21767,0;CAMPINA GRANDE;169049,03;3075;232,0;2025-07-18;;
Campina Grande;21767,0;CAMPINA GRANDE;99205,62;1982;159,0;2025-07-19;;
Campina Grande;21767,0;CAMPINA GRANDE;281683,34;5570;288,0;2025-07-21;;
Campina Grande;21767,0;CAMPINA GRANDE;277949,85;5161;319,0;2025-07-22;;
Campina Grande;21767,0;CAMPINA GRANDE;204989,76;4339;257,0;2025-07-23;;
Campina Grande;21767,0;CAMPINA GRANDE;215887,23;4520;228,0;2025-07-24;;
Campina Grande;21767,0;CAMPINA GRANDE;134413,66;2536;183,0;2025-07-25;;
Campina Grande;21767,0;CAMPINA GRANDE;98942,15;1939;147,0;2025-07-26;;
Campina Grande;21767,0;CAMPINA GRANDE;99244,02;1767;132,0;2025-07-28;;
Campina Grande;21767,0;CAMPINA GRANDE;108205,26;1978;166,0;2025-07-29;;
Campina Grande;21767,0;CAMPINA GRANDE;146284,22;2445;215,0;2025-07-30;;
Campina Grande;21767,0;CAMPINA GRANDE;164761,15;2916;221,0;2025-07-31;;
Campina Grande;21767,0;CAMPINA GRANDE;146752,47;2674;222,0;2025-08-01;;
Campina Grande;21767,0;CAMPINA GRANDE;124196,99;2190;150,0;2025-08-02;;
Campina Grande;21767,0;CAMPINA GRANDE;173213,52;3177;262,0;2025-08-04;;
Campina Grande;21767,0;CAMPINA GRANDE;60000,51;1113;92,0;2025-08-05;;
Campina Grande;21767,0;CAMPINA GRANDE;163394,55;3079;274,0;2025-08-06;;
Campina Grande;21767,0;CAMPINA GRANDE;197818,45;3671;298,0;2025-08-07;;
Campina Grande;21767,0;CAMPINA GRANDE;204586,55;3471;303,0;2025-08-08;;
Campina Grande;21767,0;CAMPINA GRANDE;158441,08;2414;239,0;2025-08-09;;
Campina Grande;21767,0;CAMPINA GRANDE;213359,22;4281;298,0;2025-08-11;;
Campina Grande;21767,0;CAMPINA GRANDE;159433,06;3717;228,0;2025-08-12;;
Campina Grande;21767,0;CAMPINA GRANDE;300378,72;7205;219,0;2025-08-13;;
Campina Grande;21767,0;CAMPINA GRANDE;169784,37;3872;245,0;2025-08-14;;
Campina Grande;21767,0;CAMPINA GRANDE;158457,77;3663;190,0;2025-08-15;;
Campina Grande;21767,0;CAMPINA GRANDE;93615,18;2060;144,0;2025-08-16;;
Campina Grande;21767,0;CAMPINA GRANDE;116983,89;2688;187,0;2025-08-18;;
Campina Grande;21767,0;CAMPINA GRANDE;95497,48;2042;166,0;2025-08-19;;
Campina Grande;21767,0;CAMPINA GRANDE;105614,82;2221;193,0;2025-08-20;;
Campina Grande;21767,0;CAMPINA GRANDE;130589,34;2768;213,0;2025-08-21;;
Campina Grande;21767,0;CAMPINA GRANDE;107013,37;2518;204,0;2025-08-22;;
Campina Grande;21767,0;CAMPINA GRANDE;58376,04;1296;113,0;2025-08-23;;
Campina Grande;21767,0;CAMPINA GRANDE;81302,17;1774;160,0;2025-08-25;;
Campina Grande;21767,0;CAMPINA GRANDE;106305,75;2020;208,0;2025-08-26;;
Campina Grande;21767,0;CAMPINA GRANDE;179058,45;4052;218,0;2025-08-27;;
Campina Grande;21767,0;CAMPINA GRANDE;175021,41;3556;235,0;2025-08-28;;
Campina Grande;21767,0;CAMPINA GRANDE;122396,27;2569;168,0;2025-08-29;;
Campina Grande;21767,0;CAMPINA GRANDE;91416,81;1996;167,0;2025-08-30;;
Campina Grande;21767,0;CAMPINA GRANDE;305957,1;5004;233,0;2025-09-01;;
Campina Grande;21767,0;CAMPINA GRANDE;250510,04;4909;267,0;2025-09-02;;
Campina Grande;21767,0;CAMPINA GRANDE;161032,49;3371;222,0;2025-09-03;;
Campina Grande;21767,0;CAMPINA GRANDE;148013,42;3697;184,0;2025-09-04;;
Campina Grande;21767,0;CAMPINA GRANDE;299743,59;6921;289,0;2025-09-05;;
Campina Grande;21767,0;CAMPINA GRANDE;232760,52;3944;179,0;2025-09-06;;
Campina Grande;21767,0;CAMPINA GRANDE;224034,6;3876;305,0;2025-09-08;;
Campina Grande;21767,0;CAMPINA GRANDE;186818,39;3315;254,0;2025-09-09;;
Campina Grande;21767,0;CAMPINA GRANDE;201014,08;3379;271,0;2025-09-10;;
Campina Grande;21767,0;CAMPINA GRANDE;140145,19;2394;219,0;2025-09-11;;
Campina Grande;21767,0;CAMPINA GRANDE;162538,92;2902;260,0;2025-09-12;;
Campina Grande;21767,0;CAMPINA GRANDE;88817,49;1797;146,0;2025-09-13;;
Campina Grande;21767,0;CAMPINA GRANDE;123316,65;2405;266,0;2025-09-16;;
Campina Grande;21767,0;CAMPINA GRANDE;154493,34;3148;285,0;2025-09-17;;
Campina Grande;21767,0;CAMPINA GRANDE;206132,82;4461;251,0;2025-09-18;;
Campina Grande;21767,0;CAMPINA GRANDE;137717,89;2503;228,0;2025-09-19;;
Campina Grande;21767,0;CAMPINA GRANDE;81396,6;1569;158,0;2025-09-20;;
Campina Grande;21767,0;CAMPINA GRANDE;441789,31;7219;345,0;2025-09-22;;
Campina Grande;21767,0;CAMPINA GRANDE;337188,9;7433;335,0;2025-09-23;;
Campina Grande;21767,0;CAMPINA GRANDE;349412,42;6063;227,0;2025-09-24;;
Campina Grande;21767,0;CAMPINA GRANDE;243367,08;4977;255,0;2025-09-25;;
Campina Grande;21767,0;CAMPINA GRANDE;215961,71;3561;233,0;2025-09-26;;
Campina Grande;21767,0;CAMPINA GRANDE;57929,5;1179;114,0;2025-09-27;;
Campina Grande;21767,0;CAMPINA GRANDE;165216,92;3294;203,0;2025-09-29;;
Campina Grande;21767,0;CAMPINA GRANDE;163426,79;3355;186,0;2025-09-30;;
Campina Grande;21767,0;CAMPINA GRANDE;140237,02;3043;195,0;2025-10-01;;
Campina Grande;21767,0;CAMPINA GRANDE;105970,54;2474;188,0;2025-10-02;;
Campina Grande;21767,0;CAMPINA GRANDE;176808,3;2829;243,0;2025-10-03;;
Campina Grande;21767,0;CAMPINA GRANDE;96032,31;1631;148,0;2025-10-04;;
Campina Grande;21767,0;CAMPINA GRANDE;136726,27;2168;189,0;2025-10-06;;
Campina Grande;21767,0;CAMPINA GRANDE;128954,09;2377;202,0;2025-10-07;;
Campina Grande;21767,0;CAMPINA GRANDE;169255,63;3293;231,0;2025-10-08;;
Campina Grande;21767,0;CAMPINA GRANDE;152266,16;3087;225,0;2025-10-09;;
Campina Grande;21767,0;CAMPINA GRANDE;144233,64;2877;247,0;2025-10-10;;
Campina Grande;21767,0;CAMPINA GRANDE;76415,14;1292;98,0;2025-10-11;;
Campina Grande;21767,0;CAMPINA GRANDE;220014,75;4365;271,0;2025-10-13;;
Campina Grande;21767,0;CAMPINA GRANDE;190201,63;4120;221,0;2025-10-14;;
Campina Grande;21767,0;CAMPINA GRANDE;107362,35;2571;181,0;2025-10-15;;
Campina Grande;21767,0;CAMPINA GRANDE;133301,76;2950;196,0;2025-10-16;;
Campina Grande;21767,0;CAMPINA GRANDE;138589,51;3019;195,0;2025-10-17;;
Campina Grande;21767,0;CAMPINA GRANDE;51023,8;973;90,0;2025-10-18;;
Campina Grande;21767,0;CAMPINA GRANDE;109597,76;1934;178,0;2025-10-20;;
Campina Grande;21767,0;CAMPINA GRANDE;81400,54;1471;154,0;2025-10-21;;
Campina Grande;21767,0;CAMPINA GRANDE;94071,45;1781;160,0;2025-10-22;;
Campina Grande;21767,0;CAMPINA GRANDE;66348,47;1306;129,0;2025-10-23;;
Campina Grande;21767,0;CAMPINA GRANDE;106192,64;2445;171,0;2025-10-24;;
Campina Grande;21767,0;CAMPINA GRANDE;53814,49;1110;110,0;2025-10-25;;
Campina Grande;21767,0;CAMPINA GRANDE;87907,66;1430;148,0;2025-10-27;;
Campina Grande;21767,0;CAMPINA GRANDE;121309,76;2051;203,0;2025-10-28;;
Campina Grande;21767,0;CAMPINA GRANDE;82140,68;1581;105,0;2025-10-29;;
Campina Grande;21767,0;CAMPINA GRANDE;182662,58;3677;283,0;2025-10-30;;
Campina Grande;21767,0;CAMPINA GRANDE;218994,8;5193;289,0;2025-10-31;;
Campina Grande;21767,0;CAMPINA GRANDE;181211,35;3106;213,0;2025-11-01;;
Campina Grande;21767,0;CAMPINA GRANDE;346501,55;7628;344,0;2025-11-03;;
Campina Grande;21767,0;CAMPINA GRANDE;211588,87;4814;323,0;2025-11-04;;
Campina Grande;21767,0;CAMPINA GRANDE;135166,97;3087;233,0;2025-11-05;;
Campina Grande;21767,0;CAMPINA GRANDE;157061,68;3672;251,0;2025-11-06;;
Campina Grande;21767,0;CAMPINA GRANDE;175813,17;7619;287,0;2025-11-07;;
Campina Grande;21767,0;CAMPINA GRANDE;94820,4;2304;161,0;2025-11-08;;
Campina Grande;21767,0;CAMPINA GRANDE;124698,84;3464;215,0;2025-11-10;;
Campina Grande;21767,0;CAMPINA GRANDE;121656,76;4027;231,0;2025-11-11;;
Campina Grande;21767,0;CAMPINA GRANDE;167770,58;4008;284,0;2025-11-12;;
Campina Grande;21767,0;CAMPINA GRANDE;144097,93;2973;276,0;2025-11-13;;
Campina Grande;21767,0;CAMPINA GRANDE;148318,75;3055;251,0;2025-11-14;;
Campina Grande;21767,0;CAMPINA GRANDE;80862,39;1650;153,0;2025-11-15;;
Campina Grande;21767,0;CAMPINA GRANDE;161820,94;3765;271,0;2025-11-17;;
Campina Grande;21767,0;CAMPINA GRANDE;125204,53;2357;230,0;2025-11-18;;
Campina Grande;21767,0;CAMPINA GRANDE;181787,52;3083;304,0;2025-11-19;;
Campina Grande;21767,0;CAMPINA GRANDE;128579,69;2082;155,0;2025-11-20;;
Campina Grande;21767,0;CAMPINA GRANDE;164661,71;2704;281,0;2025-11-21;;
Campina Grande;21767,0;CAMPINA GRANDE;53967,52;939;100,0;2025-11-22;;
Campina Grande;21767,0;CAMPINA GRANDE;29875,09;505;68,0;2025-11-25;;
Campina Grande;21767,0;CAMPINA GRANDE;146816,87;2637;222,0;2025-11-26;;
Campina Grande;21767,0;CAMPINA GRANDE;505827,0;8872;446,0;2025-11-27;;
Campina Grande;21767,0;CAMPINA GRANDE;276749,27;5236;308,0;2025-11-28;;
Campina Grande;21767,0;CAMPINA GRANDE;152856,31;2972;224,0;2025-11-29;;
Campina Grande;21767,0;CAMPINA GRANDE;53585,34;883;89,0;2025-11-30;;
Campina Grande;21767,0;CAMPINA GRANDE;157884,34;3307;247,0;2025-12-01;;
Campina Grande;21767,0;CAMPINA GRANDE;165865,06;3481;238,0;2025-12-02;;
Campina Grande;21767,0;CAMPINA GRANDE;116467,42;2689;223,0;2025-12-03;;
Campina Grande;21767,0;CAMPINA GRANDE;143254,32;3570;283,0;2025-12-04;;
Campina Grande;21767,0;CAMPINA GRANDE;128719,71;3547;195,0;2025-12-05;;
Campina Grande;21767,0;CAMPINA GRANDE;87534,28;2272;133,0;2025-12-06;;
Campina Grande;21767,0;CAMPINA GRANDE;92075,29;2058;81,0;2025-12-08;;
Campina Grande;21767,0;CAMPINA GRANDE;133602,98;2673;203,0;2025-12-09;;
Campina Grande;21767,0;CAMPINA GRANDE;134358,54;2889;200,0;2025-12-10;;
Campina Grande;21767,0;CAMPINA GRANDE;137792,9;2831;208,0;2025-12-11;;
Campina Grande;21767,0;CAMPINA GRANDE;139227,43;2561;212,0;2025-12-12;;
Campina Grande;21767,0;CAMPINA GRANDE;112736,26;2115;171,0;2025-12-13;;
Campina Grande;21767,0;CAMPINA GRANDE;149122,01;2679;252,0;2025-12-15;;
Campina Grande;21767,0;CAMPINA GRANDE;125965,51;2464;218,0;2025-12-16;;
Campina Grande;21767,0;CAMPINA GRANDE;163768,2;3297;237,0;2025-12-17;;
Campina Grande;21767,0;CAMPINA GRANDE;156009,17;3170;250,0;2025-12-18;;
Campina Grande;21767,0;CAMPINA GRANDE;110215,03;2390;202,0;2025-12-19;;
Campina Grande;21767,0;CAMPINA GRANDE;88364,88;2514;166,0;2025-12-20;;
Campina Grande;21767,0;CAMPINA GRANDE;51101,78;1202;98,0;2025-12-21;;
Campina Grande;21767,0;CAMPINA GRANDE;134302,44;3153;200,0;2025-12-22;;
Campina Grande;21767,0;CAMPINA GRANDE;129209,13;2722;251,0;2025-12-23;;
Campina Grande;21767,0;CAMPINA GRANDE;126194,26;2137;196,0;2025-12-24;;
Campina Grande;21767,0;CAMPINA GRANDE;272474,54;5362;259,0;2025-12-26;;
Campina Grande;21767,0;CAMPINA GRANDE;148997,76;3077;211,0;2025-12-27;;
Campina Grande;21767,0;CAMPINA GRANDE;176240,54;3438;269,0;2025-12-29;;
Campina Grande;21767,0;CAMPINA GRANDE;261705,67;4718;267,0;2025-12-30;;
Campina Grande;21767,0;CAMPINA GRANDE;174717,61;2922;137,0;2025-12-31;;
Litoral Sul;23772,0;CANGUARETAMA;11306,67;177;11,0;2025-03-19;;
Litoral Sul;23772,0;CANGUARETAMA;15239,15;197;14,0;2025-03-20;;
Litoral Sul;23772,0;CANGUARETAMA;9141,75;150;12,0;2025-03-21;;
Litoral Sul;23772,0;CANGUARETAMA;19382,94;232;13,0;2025-03-22;;
Litoral Sul;23772,0;CANGUARETAMA;40184,52;647;19,0;2025-03-24;;
Litoral Sul;23772,0;CANGUARETAMA;28124,09;1005;25,0;2025-03-25;;
Litoral Sul;23772,0;CANGUARETAMA;13433,39;216;16,0;2025-03-26;;
Litoral Sul;23772,0;CANGUARETAMA;21704,87;333;21,0;2025-03-27;;
Litoral Sul;23772,0;CANGUARETAMA;11859,86;189;14,0;2025-03-28;;
Litoral Sul;23772,0;CANGUARETAMA;11718,78;178;12,0;2025-03-29;;
Litoral Sul;23772,0;CANGUARETAMA;9545,78;185;13,0;2025-03-31;;
Litoral Sul;23772,0;CANGUARETAMA;5918,43;108;10,0;2025-04-01;;
Litoral Sul;23772,0;CANGUARETAMA;12566,65;188;13,0;2025-04-02;;
Litoral Sul;23772,0;CANGUARETAMA;6463,13;102;11,0;2025-04-03;;
Litoral Sul;23772,0;CANGUARETAMA;7603,52;139;15,0;2025-04-04;;
Litoral Sul;23772,0;CANGUARETAMA;13367,99;176;15,0;2025-04-05;;
Litoral Sul;23772,0;CANGUARETAMA;7612,01;109;11,0;2025-04-07;;
Litoral Sul;23772,0;CANGUARETAMA;6845,14;103;13,0;2025-04-08;;
Litoral Sul;23772,0;CANGUARETAMA;7710,59;146;11,0;2025-04-09;;
Litoral Sul;23772,0;CANGUARETAMA;10307,24;189;13,0;2025-04-10;;
Litoral Sul;23772,0;CANGUARETAMA;10715,27;172;15,0;2025-04-11;;
Litoral Sul;23772,0;CANGUARETAMA;8754,62;127;13,0;2025-04-12;;
Litoral Sul;23772,0;CANGUARETAMA;33126,92;577;28,0;2025-04-14;;
Litoral Sul;23772,0;CANGUARETAMA;11683,63;208;13,0;2025-04-15;;
Litoral Sul;23772,0;CANGUARETAMA;7558,69;119;10,0;2025-04-16;;
Litoral Sul;23772,0;CANGUARETAMA;4068,54;69;7,0;2025-04-17;;
Litoral Sul;23772,0;CANGUARETAMA;6562,19;90;7,0;2025-04-18;;
Litoral Sul;23772,0;CANGUARETAMA;9804,16;149;10,0;2025-04-19;;
Litoral Sul;23772,0;CANGUARETAMA;14808,89;210;11,0;2025-04-22;;
Litoral Sul;23772,0;CANGUARETAMA;11052,31;161;13,0;2025-04-23;;
Litoral Sul;23772,0;CANGUARETAMA;11372,09;209;17,0;2025-04-24;;
Litoral Sul;23772,0;CANGUARETAMA;14421,2;195;19,0;2025-04-25;;
Litoral Sul;23772,0;CANGUARETAMA;11045,02;128;12,0;2025-04-26;;
Litoral Sul;23772,0;CANGUARETAMA;5641,68;77;9,0;2025-04-28;;
Litoral Sul;23772,0;CANGUARETAMA;5356,76;66;9,0;2025-04-29;;
Litoral Sul;23772,0;CANGUARETAMA;13674,28;140;13,0;2025-04-30;;
Litoral Sul;23772,0;CANGUARETAMA;20041,97;219;14,0;2025-05-02;;
Litoral Sul;23772,0;CANGUARETAMA;5798,87;88;12,0;2025-05-03;;
Litoral Sul;23772,0;CANGUARETAMA;9182,45;115;11,0;2025-05-05;;
Litoral Sul;23772,0;CANGUARETAMA;8724,23;104;9,0;2025-05-06;;
Litoral Sul;23772,0;CANGUARETAMA;16683,17;368;27,0;2025-05-07;;
Litoral Sul;23772,0;CANGUARETAMA;8374,24;164;15,0;2025-05-08;;
Litoral Sul;23772,0;CANGUARETAMA;12135,94;152;21,0;2025-05-09;;
Litoral Sul;23772,0;CANGUARETAMA;13853,1;193;22,0;2025-05-10;;
Litoral Sul;23772,0;CANGUARETAMA;2532,34;28;5,0;2025-05-11;;
Litoral Sul;23772,0;CANGUARETAMA;23622,8;339;10,0;2025-05-12;;
Litoral Sul;23772,0;CANGUARETAMA;11706,9;167;15,0;2025-05-13;;
Litoral Sul;23772,0;CANGUARETAMA;7221,35;103;10,0;2025-05-14;;
Litoral Sul;23772,0;CANGUARETAMA;14716,41;173;11,0;2025-05-15;;
Litoral Sul;23772,0;CANGUARETAMA;3732,18;48;4,0;2025-05-16;;
Litoral Sul;23772,0;CANGUARETAMA;6940,22;106;7,0;2025-05-17;;
Litoral Sul;23772,0;CANGUARETAMA;28054,71;408;26,0;2025-05-19;;
Litoral Sul;23772,0;CANGUARETAMA;10308,44;148;10,0;2025-05-20;;
Litoral Sul;23772,0;CANGUARETAMA;11725,2;266;17,0;2025-05-21;;
Litoral Sul;23772,0;CANGUARETAMA;21452,72;355;26,0;2025-05-22;;
Litoral Sul;23772,0;CANGUARETAMA;16069,32;247;20,0;2025-05-23;;
Litoral Sul;23772,0;CANGUARETAMA;32226,71;445;23,0;2025-05-24;;
Litoral Sul;23772,0;CANGUARETAMA;9676,98;142;14,0;2025-05-26;;
Litoral Sul;23772,0;CANGUARETAMA;12194,9;206;15,0;2025-05-27;;
Litoral Sul;23772,0;CANGUARETAMA;12949,42;204;17,0;2025-05-28;;
Litoral Sul;23772,0;CANGUARETAMA;1080,2;14;2,0;2025-05-29;;
Litoral Sul;23772,0;CANGUARETAMA;5607,03;99;6,0;2025-05-30;;
Litoral Sul;23772,0;CANGUARETAMA;16596,83;307;17,0;2025-05-31;;
Litoral Sul;23772,0;CANGUARETAMA;2721,03;40;6,0;2025-06-02;;
Litoral Sul;23772,0;CANGUARETAMA;3281,63;49;6,0;2025-06-03;;
Litoral Sul;23772,0;CANGUARETAMA;1519,36;26;5,0;2025-06-04;;
Litoral Sul;23772,0;CANGUARETAMA;12262,69;183;14,0;2025-06-05;;
Litoral Sul;23772,0;CANGUARETAMA;9250,75;168;19,0;2025-06-06;;
Litoral Sul;23772,0;CANGUARETAMA;14265,16;203;19,0;2025-06-07;;
Litoral Sul;23772,0;CANGUARETAMA;9364,93;149;15,0;2025-06-09;;
Litoral Sul;23772,0;CANGUARETAMA;8782,06;115;16,0;2025-06-10;;
Litoral Sul;23772,0;CANGUARETAMA;9210,97;156;19,0;2025-06-11;;
Litoral Sul;23772,0;CANGUARETAMA;5251,54;77;14,0;2025-06-12;;
Litoral Sul;23772,0;CANGUARETAMA;36749,45;523;41,0;2025-06-13;;
Litoral Sul;23772,0;CANGUARETAMA;38923,86;599;18,0;2025-06-14;;
Litoral Sul;23772,0;CANGUARETAMA;5423,24;79;7,0;2025-06-16;;
Litoral Sul;23772,0;CANGUARETAMA;4460,71;60;7,0;2025-06-17;;
Litoral Sul;23772,0;CANGUARETAMA;6345,92;85;8,0;2025-06-18;;
Litoral Sul;23772,0;CANGUARETAMA;19566,35;279;17,0;2025-06-20;;
Litoral Sul;23772,0;CANGUARETAMA;16201,32;153;8,0;2025-06-21;;
Litoral Sul;23772,0;CANGUARETAMA;27481,39;273;23,0;2025-06-23;;
Litoral Sul;23772,0;CANGUARETAMA;10759,12;143;15,0;2025-06-24;;
Litoral Sul;23772,0;CANGUARETAMA;11753,64;119;13,0;2025-06-25;;
Litoral Sul;23772,0;CANGUARETAMA;7020,69;102;7,0;2025-06-26;;
Litoral Sul;23772,0;CANGUARETAMA;6589,0;77;7,0;2025-06-27;;
Litoral Sul;23772,0;CANGUARETAMA;6100,52;80;11,0;2025-06-28;;
Litoral Sul;23772,0;CANGUARETAMA;28027,48;450;33,0;2025-06-30;;
Litoral Sul;23772,0;CANGUARETAMA;29388,99;420;37,0;2025-07-01;;
Litoral Sul;23772,0;CANGUARETAMA;11294,61;156;14,0;2025-07-02;;
Litoral Sul;23772,0;CANGUARETAMA;3762,69;58;11,0;2025-07-03;;
Litoral Sul;23772,0;CANGUARETAMA;16689,0;229;18,0;2025-07-04;;
Litoral Sul;23772,0;CANGUARETAMA;19283,3;265;22,0;2025-07-05;;
Litoral Sul;23772,0;CANGUARETAMA;9188,65;128;14,0;2025-07-07;;
Litoral Sul;23772,0;CANGUARETAMA;16322,51;231;18,0;2025-07-08;;
Litoral Sul;23772,0;CANGUARETAMA;15904,32;255;13,0;2025-07-09;;
Litoral Sul;23772,0;CANGUARETAMA;6641,44;91;11,0;2025-07-10;;
Litoral Sul;23772,0;CANGUARETAMA;14088,83;179;8,0;2025-07-11;;
Litoral Sul;23772,0;CANGUARETAMA;11160,14;198;18,0;2025-07-12;;
Litoral Sul;23772,0;CANGUARETAMA;2856,88;44;5,0;2025-07-14;;
Litoral Sul;23772,0;CANGUARETAMA;2654,14;33;2,0;2025-07-15;;
Litoral Sul;23772,0;CANGUARETAMA;9643,39;189;11,0;2025-07-16;;
Litoral Sul;23772,0;CANGUARETAMA;13845,06;268;22,0;2025-07-17;;
Litoral Sul;23772,0;CANGUARETAMA;31958,98;604;28,0;2025-07-18;;
Litoral Sul;23772,0;CANGUARETAMA;14227,42;283;23,0;2025-07-19;;
Litoral Sul;23772,0;CANGUARETAMA;31726,54;500;21,0;2025-07-21;;
Litoral Sul;23772,0;CANGUARETAMA;23531,43;462;21,0;2025-07-22;;
Litoral Sul;23772,0;CANGUARETAMA;21590,43;387;16,0;2025-07-23;;
Litoral Sul;23772,0;CANGUARETAMA;20174,67;405;24,0;2025-07-24;;
Litoral Sul;23772,0;CANGUARETAMA;5959,59;141;10,0;2025-07-25;;
Litoral Sul;23772,0;CANGUARETAMA;8028,33;152;10,0;2025-07-26;;
Litoral Sul;23772,0;CANGUARETAMA;11228,63;225;14,0;2025-07-28;;
Litoral Sul;23772,0;CANGUARETAMA;9170,88;158;16,0;2025-07-29;;
Litoral Sul;23772,0;CANGUARETAMA;7166,58;144;13,0;2025-07-30;;
Litoral Sul;23772,0;CANGUARETAMA;13614,96;195;8,0;2025-07-31;;
Litoral Sul;23772,0;CANGUARETAMA;5368,95;90;9,0;2025-08-01;;
Litoral Sul;23772,0;CANGUARETAMA;10854,26;197;13,0;2025-08-02;;
Litoral Sul;23772,0;CANGUARETAMA;4009,29;84;11,0;2025-08-04;;
Litoral Sul;23772,0;CANGUARETAMA;11461,16;222;16,0;2025-08-05;;
Litoral Sul;23772,0;CANGUARETAMA;13921,89;260;17,0;2025-08-06;;
Litoral Sul;23772,0;CANGUARETAMA;7248,46;145;14,0;2025-08-07;;
Litoral Sul;23772,0;CANGUARETAMA;13475,66;284;24,0;2025-08-08;;
Litoral Sul;23772,0;CANGUARETAMA;12350,88;198;20,0;2025-08-09;;
Litoral Sul;23772,0;CANGUARETAMA;22248,13;492;29,0;2025-08-11;;
Litoral Sul;23772,0;CANGUARETAMA;14943,31;338;19,0;2025-08-12;;
Litoral Sul;23772,0;CANGUARETAMA;15632,07;219;13,0;2025-08-13;;
Litoral Sul;23772,0;CANGUARETAMA;34377,64;667;11,0;2025-08-14;;
Litoral Sul;23772,0;CANGUARETAMA;8801,65;149;11,0;2025-08-15;;
Litoral Sul;23772,0;CANGUARETAMA;6425,17;116;8,0;2025-08-16;;
Litoral Sul;23772,0;CANGUARETAMA;5731,39;125;8,0;2025-08-18;;
Litoral Sul;23772,0;CANGUARETAMA;4332,88;89;7,0;2025-08-19;;
Litoral Sul;23772,0;CANGUARETAMA;18041,0;306;21,0;2025-08-20;;
Litoral Sul;23772,0;CANGUARETAMA;8343,86;169;12,0;2025-08-21;;
Litoral Sul;23772,0;CANGUARETAMA;11436,28;206;17,0;2025-08-22;;
Litoral Sul;23772,0;CANGUARETAMA;8341,69;271;8,0;2025-08-23;;
Litoral Sul;23772,0;CANGUARETAMA;10673,81;146;15,0;2025-08-25;;
Litoral Sul;23772,0;CANGUARETAMA;6814,2;129;11,0;2025-08-26;;
Litoral Sul;23772,0;CANGUARETAMA;11855,54;225;9,0;2025-08-27;;
Litoral Sul;23772,0;CANGUARETAMA;8626,44;149;11,0;2025-08-28;;
Litoral Sul;23772,0;CANGUARETAMA;3700,79;73;6,0;2025-08-29;;
Litoral Sul;23772,0;CANGUARETAMA;9140,98;177;16,0;2025-08-30;;
Litoral Sul;23772,0;CANGUARETAMA;30904,14;504;24,0;2025-09-01;;
Litoral Sul;23772,0;CANGUARETAMA;13199,59;267;23,0;2025-09-02;;
Litoral Sul;23772,0;CANGUARETAMA;9110,09;194;10,0;2025-09-03;;
Litoral Sul;23772,0;CANGUARETAMA;8191,19;159;12,0;2025-09-04;;
Litoral Sul;23772,0;CANGUARETAMA;43001,25;616;35,0;2025-09-05;;
Litoral Sul;23772,0;CANGUARETAMA;14000,84;238;15,0;2025-09-06;;
Litoral Sul;23772,0;CANGUARETAMA;9623,94;199;15,0;2025-09-08;;
Litoral Sul;23772,0;CANGUARETAMA;10778,94;184;14,0;2025-09-09;;
Litoral Sul;23772,0;CANGUARETAMA;16102,25;250;20,0;2025-09-10;;
Litoral Sul;23772,0;CANGUARETAMA;22127,21;292;14,0;2025-09-11;;
Litoral Sul;23772,0;CANGUARETAMA;17171,8;273;21,0;2025-09-12;;
Litoral Sul;23772,0;CANGUARETAMA;6002,88;99;12,0;2025-09-13;;
Litoral Sul;23772,0;CANGUARETAMA;11550,14;155;10,0;2025-09-15;;
Litoral Sul;23772,0;CANGUARETAMA;7981,17;162;13,0;2025-09-16;;
Litoral Sul;23772,0;CANGUARETAMA;6088,41;159;6,0;2025-09-17;;
Litoral Sul;23772,0;CANGUARETAMA;11388,41;167;16,0;2025-09-18;;
Litoral Sul;23772,0;CANGUARETAMA;6021,73;118;13,0;2025-09-19;;
Litoral Sul;23772,0;CANGUARETAMA;12606,31;214;15,0;2025-09-20;;
Litoral Sul;23772,0;CANGUARETAMA;73990,51;1047;28,0;2025-09-22;;
Litoral Sul;23772,0;CANGUARETAMA;28543,05;502;21,0;2025-09-23;;
Litoral Sul;23772,0;CANGUARETAMA;13470,29;352;10,0;2025-09-24;;
Litoral Sul;23772,0;CANGUARETAMA;6864,83;115;4,0;2025-09-25;;
Litoral Sul;23772,0;CANGUARETAMA;10787,08;209;14,0;2025-09-26;;
Litoral Sul;23772,0;CANGUARETAMA;10931,16;193;14,0;2025-09-27;;
Litoral Sul;23772,0;CANGUARETAMA;3094,78;114;7,0;2025-09-29;;
Litoral Sul;23772,0;CANGUARETAMA;1597,19;43;4,0;2025-09-30;;
Litoral Sul;23772,0;CANGUARETAMA;20720,01;621;18,0;2025-10-01;;
Litoral Sul;23772,0;CANGUARETAMA;22093,41;372;16,0;2025-10-02;;
Litoral Sul;23772,0;CANGUARETAMA;87,38;2;1,0;2025-10-03;;
Litoral Sul;23772,0;CANGUARETAMA;33478,74;530;25,0;2025-10-04;;
Litoral Sul;23772,0;CANGUARETAMA;7579,6;196;11,0;2025-10-06;;
Litoral Sul;23772,0;CANGUARETAMA;16804,04;316;20,0;2025-10-07;;
Litoral Sul;23772,0;CANGUARETAMA;13099,29;264;17,0;2025-10-08;;
Litoral Sul;23772,0;CANGUARETAMA;6340,15;93;9,0;2025-10-09;;
Litoral Sul;23772,0;CANGUARETAMA;8502,2;140;10,0;2025-10-10;;
Litoral Sul;23772,0;CANGUARETAMA;12131,22;194;17,0;2025-10-11;;
Litoral Sul;23772,0;CANGUARETAMA;14449,35;276;21,0;2025-10-13;;
Litoral Sul;23772,0;CANGUARETAMA;15406,44;346;12,0;2025-10-14;;
Litoral Sul;23772,0;CANGUARETAMA;3391,36;73;6,0;2025-10-15;;
Litoral Sul;23772,0;CANGUARETAMA;6594,9;151;14,0;2025-10-16;;
Litoral Sul;23772,0;CANGUARETAMA;9735,03;187;10,0;2025-10-17;;
Litoral Sul;23772,0;CANGUARETAMA;6274,94;151;10,0;2025-10-18;;
Litoral Sul;23772,0;CANGUARETAMA;4490,41;90;7,0;2025-10-20;;
Litoral Sul;23772,0;CANGUARETAMA;7981,46;158;13,0;2025-10-21;;
Litoral Sul;23772,0;CANGUARETAMA;10304,45;190;11,0;2025-10-22;;
Litoral Sul;23772,0;CANGUARETAMA;6164,61;125;8,0;2025-10-23;;
Litoral Sul;23772,0;CANGUARETAMA;4242,25;100;8,0;2025-10-24;;
Litoral Sul;23772,0;CANGUARETAMA;5620,29;157;8,0;2025-10-25;;
Litoral Sul;23772,0;CANGUARETAMA;8309,8;135;9,0;2025-10-27;;
Litoral Sul;23772,0;CANGUARETAMA;7323,8;130;10,0;2025-10-28;;
Litoral Sul;23772,0;CANGUARETAMA;8682,44;169;10,0;2025-10-29;;
Litoral Sul;23772,0;CANGUARETAMA;14438,32;281;24,0;2025-10-30;;
Litoral Sul;23772,0;CANGUARETAMA;5542,88;102;9,0;2025-10-31;;
Litoral Sul;23772,0;CANGUARETAMA;12794,52;223;24,0;2025-11-01;;
Litoral Sul;23772,0;CANGUARETAMA;19533,52;382;21,0;2025-11-03;;
Litoral Sul;23772,0;CANGUARETAMA;9053,27;182;17,0;2025-11-04;;
Litoral Sul;23772,0;CANGUARETAMA;17277,27;292;18,0;2025-11-05;;
Litoral Sul;23772,0;CANGUARETAMA;14118,3;236;18,0;2025-11-06;;
Litoral Sul;23772,0;CANGUARETAMA;21931,77;347;18,0;2025-11-07;;
Litoral Sul;23772,0;CANGUARETAMA;14260,67;323;15,0;2025-11-08;;
Litoral Sul;23772,0;CANGUARETAMA;12239,43;288;10,0;2025-11-10;;
Litoral Sul;23772,0;CANGUARETAMA;15569,89;276;15,0;2025-11-11;;
Litoral Sul;23772,0;CANGUARETAMA;6187,49;127;11,0;2025-11-12;;
Litoral Sul;23772,0;CANGUARETAMA;17031,31;308;21,0;2025-11-13;;
Litoral Sul;23772,0;CANGUARETAMA;15407,01;281;19,0;2025-11-14;;
Litoral Sul;23772,0;CANGUARETAMA;7433,49;146;14,0;2025-11-15;;
Litoral Sul;23772,0;CANGUARETAMA;10863,1;198;13,0;2025-11-17;;
Litoral Sul;23772,0;CANGUARETAMA;15844,92;260;21,0;2025-11-18;;
Litoral Sul;23772,0;CANGUARETAMA;14165,79;347;26,0;2025-11-19;;
Litoral Sul;23772,0;CANGUARETAMA;36214,54;553;22,0;2025-11-20;;
Litoral Sul;23772,0;CANGUARETAMA;12882,01;206;21,0;2025-11-21;;
Litoral Sul;23772,0;CANGUARETAMA;7540,45;134;13,0;2025-11-22;;
Litoral Sul;23772,0;CANGUARETAMA;12322,43;167;15,0;2025-11-24;;
Litoral Sul;23772,0;CANGUARETAMA;26210,11;394;18,0;2025-11-25;;
Litoral Sul;23772,0;CANGUARETAMA;17556,76;509;18,0;2025-11-26;;
Litoral Sul;23772,0;CANGUARETAMA;24676,68;472;27,0;2025-11-27;;
Litoral Sul;23772,0;CANGUARETAMA;23549,7;464;29,0;2025-11-28;;
Litoral Sul;23772,0;CANGUARETAMA;31424,85;560;18,0;2025-11-29;;
Litoral Sul;23772,0;CANGUARETAMA;7156,45;103;10,0;2025-11-30;;
Litoral Sul;23772,0;CANGUARETAMA;11891,85;290;20,0;2025-12-01;;
Litoral Sul;23772,0;CANGUARETAMA;11187,73;267;21,0;2025-12-02;;
Litoral Sul;23772,0;CANGUARETAMA;8900,41;156;15,0;2025-12-03;;
Litoral Sul;23772,0;CANGUARETAMA;3962,75;79;8,0;2025-12-04;;
Litoral Sul;23772,0;CANGUARETAMA;5817,65;141;8,0;2025-12-05;;
Litoral Sul;23772,0;CANGUARETAMA;7980,02;240;12,0;2025-12-06;;
Litoral Sul;23772,0;CANGUARETAMA;2396,95;33;3,0;2025-12-08;;
Litoral Sul;23772,0;CANGUARETAMA;11575,46;364;21,0;2025-12-09;;
Litoral Sul;23772,0;CANGUARETAMA;4383,06;102;9,0;2025-12-10;;
Litoral Sul;23772,0;CANGUARETAMA;13399,32;254;19,0;2025-12-11;;
Litoral Sul;23772,0;CANGUARETAMA;9508,95;195;16,0;2025-12-12;;
Litoral Sul;23772,0;CANGUARETAMA;13886,05;259;27,0;2025-12-13;;
Litoral Sul;23772,0;CANGUARETAMA;6328,65;111;15,0;2025-12-15;;
Litoral Sul;23772,0;CANGUARETAMA;10920,37;168;21,0;2025-12-16;;
Litoral Sul;23772,0;CANGUARETAMA;11981,06;258;17,0;2025-12-17;;
Litoral Sul;23772,0;CANGUARETAMA;6693,14;164;11,0;2025-12-18;;
Litoral Sul;23772,0;CANGUARETAMA;4785,16;128;11,0;2025-12-19;;
Litoral Sul;23772,0;CANGUARETAMA;8996,34;151;12,0;2025-12-20;;
Litoral Sul;23772,0;CANGUARETAMA;3148,24;39;1,0;2025-12-21;;
Litoral Sul;23772,0;CANGUARETAMA;15829,4;267;21,0;2025-12-22;;
Litoral Sul;23772,0;CANGUARETAMA;10859,94;189;17,0;2025-12-23;;
Litoral Sul;23772,0;CANGUARETAMA;4744,77;98;13,0;2025-12-24;;
Litoral Sul;23772,0;CANGUARETAMA;21796,57;407;28,0;2025-12-26;;
Litoral Sul;23772,0;CANGUARETAMA;13111,35;261;24,0;2025-12-27;;
Litoral Sul;23772,0;CANGUARETAMA;436,34;15;2,0;2025-12-28;;
Litoral Sul;23772,0;CANGUARETAMA;27136,96;444;25,0;2025-12-29;;
Litoral Sul;23772,0;CANGUARETAMA;20293,87;318;19,0;2025-12-30;;
Litoral Sul;23772,0;CANGUARETAMA;6294,01;120;11,0;2025-12-31;;
Oeste do Maranhão;20924,0;CARUTAPERA;6282,08;108;10,0;2025-01-02;;
Oeste do Maranhão;20924,0;CARUTAPERA;5483,72;111;7,0;2025-01-03;;
Oeste do Maranhão;20924,0;CARUTAPERA;1540,43;35;5,0;2025-01-04;;
Oeste do Maranhão;20924,0;CARUTAPERA;14577,86;256;22,0;2025-01-06;;
Oeste do Maranhão;20924,0;CARUTAPERA;10621,4;215;22,0;2025-01-07;;
Oeste do Maranhão;20924,0;CARUTAPERA;29154,49;633;44,0;2025-01-08;;
Oeste do Maranhão;20924,0;CARUTAPERA;8891,9;184;17,0;2025-01-09;;
Oeste do Maranhão;20924,0;CARUTAPERA;10832,08;201;21,0;2025-01-10;;
Oeste do Maranhão;20924,0;CARUTAPERA;9619,98;154;17,0;2025-01-11;;
Oeste do Maranhão;20924,0;CARUTAPERA;12903,29;198;20,0;2025-01-13;;
Oeste do Maranhão;20924,0;CARUTAPERA;10377,39;191;16,0;2025-01-14;;
Oeste do Maranhão;20924,0;CARUTAPERA;25439,97;423;37,0;2025-01-15;;
Oeste do Maranhão;20924,0;CARUTAPERA;22789,94;358;32,0;2025-01-16;;
Oeste do Maranhão;20924,0;CARUTAPERA;11598,3;196;24,0;2025-01-17;;
Oeste do Maranhão;20924,0;CARUTAPERA;10780,39;161;21,0;2025-01-18;;
Oeste do Maranhão;20924,0;CARUTAPERA;4123,72;75;6,0;2025-01-20;;
Oeste do Maranhão;20924,0;CARUTAPERA;15200,72;213;26,0;2025-01-21;;
Oeste do Maranhão;20924,0;CARUTAPERA;30006,97;472;39,0;2025-01-22;;
Oeste do Maranhão;20924,0;CARUTAPERA;20037,14;365;29,0;2025-01-23;;
Oeste do Maranhão;20924,0;CARUTAPERA;30903,07;508;37,0;2025-01-24;;
Oeste do Maranhão;20924,0;CARUTAPERA;15784,94;297;24,0;2025-01-25;;
Oeste do Maranhão;20924,0;CARUTAPERA;18306,56;285;33,0;2025-01-27;;
Oeste do Maranhão;20924,0;CARUTAPERA;17417,02;308;33,0;2025-01-28;;
Oeste do Maranhão;20924,0;CARUTAPERA;31483,62;548;49,0;2025-01-29;;
Oeste do Maranhão;20924,0;CARUTAPERA;16342,26;296;18,0;2025-01-30;;
Oeste do Maranhão;20924,0;CARUTAPERA;15255,13;266;28,0;2025-01-31;;
Oeste do Maranhão;20924,0;CARUTAPERA;6001,21;99;10,0;2025-02-01;;
Oeste do Maranhão;20924,0;CARUTAPERA;19160,6;317;28,0;2025-02-03;;
Oeste do Maranhão;20924,0;CARUTAPERA;22072,49;353;42,0;2025-02-04;;
Oeste do Maranhão;20924,0;CARUTAPERA;24416,26;436;47,0;2025-02-05;;
Oeste do Maranhão;20924,0;CARUTAPERA;13456,59;243;24,0;2025-02-06;;
Oeste do Maranhão;20924,0;CARUTAPERA;13772,39;242;15,0;2025-02-07;;
Oeste do Maranhão;20924,0;CARUTAPERA;4868,43;80;9,0;2025-02-08;;
Oeste do Maranhão;20924,0;CARUTAPERA;14019,02;208;26,0;2025-02-10;;
Oeste do Maranhão;20924,0;CARUTAPERA;30992,2;466;37,0;2025-02-11;;
Oeste do Maranhão;20924,0;CARUTAPERA;29285,55;467;51,0;2025-02-12;;
Oeste do Maranhão;20924,0;CARUTAPERA;9256,21;155;19,0;2025-02-13;;
Oeste do Maranhão;20924,0;CARUTAPERA;14041,53;259;24,0;2025-02-14;;
Oeste do Maranhão;20924,0;CARUTAPERA;19161,75;331;32,0;2025-02-15;;
Oeste do Maranhão;20924,0;CARUTAPERA;9375,64;160;18,0;2025-02-17;;
Oeste do Maranhão;20924,0;CARUTAPERA;10643,54;243;29,0;2025-02-18;;
Oeste do Maranhão;20924,0;CARUTAPERA;20960,6;383;38,0;2025-02-19;;
Oeste do Maranhão;20924,0;CARUTAPERA;4998,08;95;7,0;2025-02-20;;
Oeste do Maranhão;20924,0;CARUTAPERA;21226,61;390;28,0;2025-02-21;;
Oeste do Maranhão;20924,0;CARUTAPERA;12796,31;232;23,0;2025-02-22;;
Oeste do Maranhão;20924,0;CARUTAPERA;20070,18;364;31,0;2025-02-24;;
Oeste do Maranhão;20924,0;CARUTAPERA;16068,85;253;35,0;2025-02-25;;
Oeste do Maranhão;20924,0;CARUTAPERA;29853,34;493;41,0;2025-02-26;;
Oeste do Maranhão;20924,0;CARUTAPERA;7489,01;137;20,0;2025-02-27;;
Oeste do Maranhão;20924,0;CARUTAPERA;9260,95;136;23,0;2025-02-28;;
Oeste do Maranhão;20924,0;CARUTAPERA;9055,91;151;14,0;2025-03-01;;
Oeste do Maranhão;20924,0;CARUTAPERA;8146,3;159;13,0;2025-03-03;;
Oeste do Maranhão;20924,0;CARUTAPERA;19474,54;331;34,0;2025-03-05;;
Oeste do Maranhão;20924,0;CARUTAPERA;20288,53;414;38,0;2025-03-06;;
Oeste do Maranhão;20924,0;CARUTAPERA;20751,41;400;32,0;2025-03-07;;
Oeste do Maranhão;20924,0;CARUTAPERA;15095,33;288;21,0;2025-03-08;;
Oeste do Maranhão;20924,0;CARUTAPERA;14620,21;283;24,0;2025-03-10;;
Oeste do Maranhão;20924,0;CARUTAPERA;33454,87;583;46,0;2025-03-11;;
Oeste do Maranhão;20924,0;CARUTAPERA;58803,74;945;73,0;2025-03-12;;
Oeste do Maranhão;20924,0;CARUTAPERA;18190,8;321;28,0;2025-03-13;;
Oeste do Maranhão;20924,0;CARUTAPERA;16444,4;263;21,0;2025-03-14;;
Oeste do Maranhão;20924,0;CARUTAPERA;13433,04;196;19,0;2025-03-15;;
Oeste do Maranhão;20924,0;CARUTAPERA;22303,51;349;32,0;2025-03-17;;
Oeste do Maranhão;20924,0;CARUTAPERA;28304,73;335;31,0;2025-03-18;;
Oeste do Maranhão;20924,0;CARUTAPERA;52404,06;724;87,0;2025-03-19;;
Oeste do Maranhão;20924,0;CARUTAPERA;8160,45;134;14,0;2025-03-20;;
Oeste do Maranhão;20924,0;CARUTAPERA;14530,75;215;18,0;2025-03-21;;
Oeste do Maranhão;20924,0;CARUTAPERA;8684,65;117;17,0;2025-03-22;;
Oeste do Maranhão;20924,0;CARUTAPERA;15449,1;277;24,0;2025-03-24;;
Oeste do Maranhão;20924,0;CARUTAPERA;21715,01;259;35,0;2025-03-25;;
Oeste do Maranhão;20924,0;CARUTAPERA;43786,98;641;52,0;2025-03-26;;
Oeste do Maranhão;20924,0;CARUTAPERA;14669,04;241;27,0;2025-03-27;;
Oeste do Maranhão;20924,0;CARUTAPERA;22153,88;374;36,0;2025-03-28;;
Oeste do Maranhão;20924,0;CARUTAPERA;14826,93;238;28,0;2025-03-29;;
Oeste do Maranhão;20924,0;CARUTAPERA;40204,68;539;57,0;2025-03-31;;
Oeste do Maranhão;20924,0;CARUTAPERA;14423,96;202;19,0;2025-04-01;;
Oeste do Maranhão;20924,0;CARUTAPERA;27624,51;378;50,0;2025-04-02;;
Oeste do Maranhão;20924,0;CARUTAPERA;22581,83;363;35,0;2025-04-03;;
Oeste do Maranhão;20924,0;CARUTAPERA;11067,81;183;16,0;2025-04-04;;
Oeste do Maranhão;20924,0;CARUTAPERA;7048,62;106;10,0;2025-04-05;;
Oeste do Maranhão;20924,0;CARUTAPERA;20997,23;315;37,0;2025-04-07;;
Oeste do Maranhão;20924,0;CARUTAPERA;28647,56;322;30,0;2025-04-08;;
Oeste do Maranhão;20924,0;CARUTAPERA;37194,13;581;55,0;2025-04-09;;
Oeste do Maranhão;20924,0;CARUTAPERA;11736,92;147;28,0;2025-04-10;;
Oeste do Maranhão;20924,0;CARUTAPERA;11149,09;157;19,0;2025-04-11;;
Oeste do Maranhão;20924,0;CARUTAPERA;5756,32;69;12,0;2025-04-12;;
Oeste do Maranhão;20924,0;CARUTAPERA;25470,43;386;33,0;2025-04-14;;
Oeste do Maranhão;20924,0;CARUTAPERA;27956,19;412;50,0;2025-04-15;;
Oeste do Maranhão;20924,0;CARUTAPERA;21005,53;311;27,0;2025-04-16;;
Oeste do Maranhão;20924,0;CARUTAPERA;10402,02;186;16,0;2025-04-17;;
Oeste do Maranhão;20924,0;CARUTAPERA;12062,19;215;24,0;2025-04-19;;
Oeste do Maranhão;20924,0;CARUTAPERA;23330,07;355;26,0;2025-04-21;;
Oeste do Maranhão;20924,0;CARUTAPERA;24799,48;358;37,0;2025-04-22;;
Oeste do Maranhão;20924,0;CARUTAPERA;35075,24;520;36,0;2025-04-23;;
Oeste do Maranhão;20924,0;CARUTAPERA;12326,75;194;21,0;2025-04-24;;
Oeste do Maranhão;20924,0;CARUTAPERA;13463,18;205;22,0;2025-04-25;;
Oeste do Maranhão;20924,0;CARUTAPERA;7510,08;109;11,0;2025-04-26;;
Oeste do Maranhão;20924,0;CARUTAPERA;15765,43;225;31,0;2025-04-28;;
Oeste do Maranhão;20924,0;CARUTAPERA;19626,22;264;30,0;2025-04-29;;
Oeste do Maranhão;20924,0;CARUTAPERA;59209,24;738;70,0;2025-04-30;;
Oeste do Maranhão;20924,0;CARUTAPERA;29532,26;405;35,0;2025-05-02;;
Oeste do Maranhão;20924,0;CARUTAPERA;20378,22;245;23,0;2025-05-03;;
Oeste do Maranhão;20924,0;CARUTAPERA;35818,38;485;41,0;2025-05-05;;
Oeste do Maranhão;20924,0;CARUTAPERA;41955,8;507;47,0;2025-05-06;;
Oeste do Maranhão;20924,0;CARUTAPERA;42118,32;565;68,0;2025-05-07;;
Oeste do Maranhão;20924,0;CARUTAPERA;27484,04;339;36,0;2025-05-08;;
Oeste do Maranhão;20924,0;CARUTAPERA;19840,08;282;36,0;2025-05-09;;
Oeste do Maranhão;20924,0;CARUTAPERA;33130,61;436;53,0;2025-05-10;;
Oeste do Maranhão;20924,0;CARUTAPERA;6380,25;94;16,0;2025-05-11;;
Oeste do Maranhão;20924,0;CARUTAPERA;19173,17;294;31,0;2025-05-12;;
Oeste do Maranhão;20924,0;CARUTAPERA;40139,57;658;45,0;2025-05-13;;
Oeste do Maranhão;20924,0;CARUTAPERA;51267,99;783;50,0;2025-05-14;;
Oeste do Maranhão;20924,0;CARUTAPERA;17136,08;326;28,0;2025-05-15;;
Oeste do Maranhão;20924,0;CARUTAPERA;28256,32;412;31,0;2025-05-16;;
Oeste do Maranhão;20924,0;CARUTAPERA;18953,38;350;24,0;2025-05-17;;
Oeste do Maranhão;20924,0;CARUTAPERA;35397,44;554;42,0;2025-05-19;;
Oeste do Maranhão;20924,0;CARUTAPERA;27146,83;489;24,0;2025-05-20;;
Oeste do Maranhão;20924,0;CARUTAPERA;65266,61;1022;82,0;2025-05-21;;
Oeste do Maranhão;20924,0;CARUTAPERA;23398,03;412;32,0;2025-05-22;;
Oeste do Maranhão;20924,0;CARUTAPERA;12863,59;201;22,0;2025-05-23;;
Oeste do Maranhão;20924,0;CARUTAPERA;32597,8;528;43,0;2025-05-24;;
Oeste do Maranhão;20924,0;CARUTAPERA;24141,8;316;32,0;2025-05-26;;
Oeste do Maranhão;20924,0;CARUTAPERA;22150,88;321;35,0;2025-05-27;;
Oeste do Maranhão;20924,0;CARUTAPERA;39093,9;527;61,0;2025-05-28;;
Oeste do Maranhão;20924,0;CARUTAPERA;26456,37;494;43,0;2025-05-29;;
Oeste do Maranhão;20924,0;CARUTAPERA;23459,96;350;42,0;2025-05-30;;
Oeste do Maranhão;20924,0;CARUTAPERA;15115,97;269;21,0;2025-05-31;;
Oeste do Maranhão;20924,0;CARUTAPERA;21274,64;449;41,0;2025-06-02;;
Oeste do Maranhão;20924,0;CARUTAPERA;13652,5;205;21,0;2025-06-03;;
Oeste do Maranhão;20924,0;CARUTAPERA;25169,63;461;44,0;2025-06-04;;
Oeste do Maranhão;20924,0;CARUTAPERA;23126,54;486;36,0;2025-06-05;;
Oeste do Maranhão;20924,0;CARUTAPERA;19925,38;358;27,0;2025-06-06;;
Oeste do Maranhão;20924,0;CARUTAPERA;14463,02;236;26,0;2025-06-07;;
Oeste do Maranhão;20924,0;CARUTAPERA;17778,64;282;30,0;2025-06-09;;
Oeste do Maranhão;20924,0;CARUTAPERA;23879,03;399;42,0;2025-06-10;;
Oeste do Maranhão;20924,0;CARUTAPERA;38114,14;646;59,0;2025-06-11;;
Oeste do Maranhão;20924,0;CARUTAPERA;20123,49;330;43,0;2025-06-12;;
Oeste do Maranhão;20924,0;CARUTAPERA;29627,19;537;36,0;2025-06-13;;
Oeste do Maranhão;20924,0;CARUTAPERA;17927,55;280;46,0;2025-06-14;;
Oeste do Maranhão;20924,0;CARUTAPERA;19993,41;328;37,0;2025-06-16;;
Oeste do Maranhão;20924,0;CARUTAPERA;39049,4;594;59,0;2025-06-17;;
Oeste do Maranhão;20924,0;CARUTAPERA;20989,87;303;28,0;2025-06-18;;
Oeste do Maranhão;20924,0;CARUTAPERA;12784,62;162;18,0;2025-06-19;;
Oeste do Maranhão;20924,0;CARUTAPERA;21350,77;377;25,0;2025-06-20;;
Oeste do Maranhão;20924,0;CARUTAPERA;13127,43;208;22,0;2025-06-21;;
Oeste do Maranhão;20924,0;CARUTAPERA;35892,54;388;40,0;2025-06-23;;
Oeste do Maranhão;20924,0;CARUTAPERA;41152,21;573;73,0;2025-06-24;;
Oeste do Maranhão;20924,0;CARUTAPERA;39717,13;588;63,0;2025-06-25;;
Oeste do Maranhão;20924,0;CARUTAPERA;19370,27;307;22,0;2025-06-26;;
Oeste do Maranhão;20924,0;CARUTAPERA;19974,1;363;33,0;2025-06-27;;
Oeste do Maranhão;20924,0;CARUTAPERA;7814,7;105;13,0;2025-06-28;;
Oeste do Maranhão;20924,0;CARUTAPERA;18085,16;313;28,0;2025-06-30;;
Oeste do Maranhão;20924,0;CARUTAPERA;12897,84;217;23,0;2025-07-01;;
Oeste do Maranhão;20924,0;CARUTAPERA;31882,96;460;65,0;2025-07-02;;
Oeste do Maranhão;20924,0;CARUTAPERA;18077,27;326;18,0;2025-07-03;;
Oeste do Maranhão;20924,0;CARUTAPERA;35181,04;573;45,0;2025-07-04;;
Oeste do Maranhão;20924,0;CARUTAPERA;12810,25;230;22,0;2025-07-05;;
Oeste do Maranhão;20924,0;CARUTAPERA;13651,96;273;26,0;2025-07-07;;
Oeste do Maranhão;20924,0;CARUTAPERA;13932,03;290;23,0;2025-07-08;;
Oeste do Maranhão;20924,0;CARUTAPERA;32474,41;556;65,0;2025-07-09;;
Oeste do Maranhão;20924,0;CARUTAPERA;10546,79;200;18,0;2025-07-10;;
Oeste do Maranhão;20924,0;CARUTAPERA;17656,93;347;33,0;2025-07-11;;
Oeste do Maranhão;20924,0;CARUTAPERA;10851,51;176;20,0;2025-07-12;;
Oeste do Maranhão;20924,0;CARUTAPERA;15984,76;299;25,0;2025-07-14;;
Oeste do Maranhão;20924,0;CARUTAPERA;33537,62;598;61,0;2025-07-15;;
Oeste do Maranhão;20924,0;CARUTAPERA;21098,75;395;44,0;2025-07-16;;
Oeste do Maranhão;20924,0;CARUTAPERA;15179,09;310;14,0;2025-07-17;;
Oeste do Maranhão;20924,0;CARUTAPERA;21545,53;365;26,0;2025-07-18;;
Oeste do Maranhão;20924,0;CARUTAPERA;5142,93;104;8,0;2025-07-19;;
Oeste do Maranhão;20924,0;CARUTAPERA;23358,74;413;23,0;2025-07-21;;
Oeste do Maranhão;20924,0;CARUTAPERA;23651,71;405;36,0;2025-07-22;;
Oeste do Maranhão;20924,0;CARUTAPERA;44107,59;714;54,0;2025-07-23;;
Oeste do Maranhão;20924,0;CARUTAPERA;12959,85;287;53,0;2025-07-24;;
Oeste do Maranhão;20924,0;CARUTAPERA;20994,04;404;35,0;2025-07-25;;
Oeste do Maranhão;20924,0;CARUTAPERA;10996,22;170;16,0;2025-07-26;;
Oeste do Maranhão;20924,0;CARUTAPERA;24125,63;425;32,0;2025-07-28;;
Oeste do Maranhão;20924,0;CARUTAPERA;26857,08;507;49,0;2025-07-29;;
Oeste do Maranhão;20924,0;CARUTAPERA;29316,86;491;55,0;2025-07-30;;
Oeste do Maranhão;20924,0;CARUTAPERA;28138,16;645;44,0;2025-07-31;;
Oeste do Maranhão;20924,0;CARUTAPERA;13191,42;257;28,0;2025-08-01;;
Oeste do Maranhão;20924,0;CARUTAPERA;8273,76;152;16,0;2025-08-02;;
Oeste do Maranhão;20924,0;CARUTAPERA;24813,38;420;37,0;2025-08-04;;
Oeste do Maranhão;20924,0;CARUTAPERA;18568,25;329;25,0;2025-08-05;;
Oeste do Maranhão;20924,0;CARUTAPERA;36325,22;651;43,0;2025-08-06;;
Oeste do Maranhão;20924,0;CARUTAPERA;25156,2;474;34,0;2025-08-07;;
Oeste do Maranhão;20924,0;CARUTAPERA;28623,6;482;40,0;2025-08-08;;
Oeste do Maranhão;20924,0;CARUTAPERA;21909,55;334;30,0;2025-08-09;;
Oeste do Maranhão;20924,0;CARUTAPERA;7069,1;96;9,0;2025-08-10;;
Oeste do Maranhão;20924,0;CARUTAPERA;27178,51;596;33,0;2025-08-11;;
Oeste do Maranhão;20924,0;CARUTAPERA;31838,21;626;53,0;2025-08-12;;
Oeste do Maranhão;20924,0;CARUTAPERA;23326,19;508;43,0;2025-08-13;;
Oeste do Maranhão;20924,0;CARUTAPERA;15326,71;392;30,0;2025-08-14;;
Oeste do Maranhão;20924,0;CARUTAPERA;20892,15;535;38,0;2025-08-15;;
Oeste do Maranhão;20924,0;CARUTAPERA;11424,59;270;19,0;2025-08-16;;
Oeste do Maranhão;20924,0;CARUTAPERA;13058,12;240;25,0;2025-08-18;;
Oeste do Maranhão;20924,0;CARUTAPERA;14427,26;269;28,0;2025-08-19;;
Oeste do Maranhão;20924,0;CARUTAPERA;35816,15;664;60,0;2025-08-20;;
Oeste do Maranhão;20924,0;CARUTAPERA;4262,44;79;12,0;2025-08-21;;
Oeste do Maranhão;20924,0;CARUTAPERA;17047,44;318;27,0;2025-08-22;;
Oeste do Maranhão;20924,0;CARUTAPERA;11182,54;221;26,0;2025-08-23;;
Oeste do Maranhão;20924,0;CARUTAPERA;22711,43;501;38,0;2025-08-25;;
Oeste do Maranhão;20924,0;CARUTAPERA;22857,37;411;44,0;2025-08-26;;
Oeste do Maranhão;20924,0;CARUTAPERA;34513,53;640;52,0;2025-08-27;;
Oeste do Maranhão;20924,0;CARUTAPERA;15551,41;287;27,0;2025-08-28;;
Oeste do Maranhão;20924,0;CARUTAPERA;14685,38;286;25,0;2025-08-29;;
Oeste do Maranhão;20924,0;CARUTAPERA;9547,14;197;19,0;2025-08-30;;
Oeste do Maranhão;20924,0;CARUTAPERA;25116,47;425;45,0;2025-09-01;;
Oeste do Maranhão;20924,0;CARUTAPERA;7683,15;155;14,0;2025-09-02;;
Oeste do Maranhão;20924,0;CARUTAPERA;26579,47;477;44,0;2025-09-03;;
Oeste do Maranhão;20924,0;CARUTAPERA;17418,37;333;30,0;2025-09-04;;
Oeste do Maranhão;20924,0;CARUTAPERA;44703,3;742;63,0;2025-09-05;;
Oeste do Maranhão;20924,0;CARUTAPERA;17987,45;281;19,0;2025-09-06;;
Oeste do Maranhão;20924,0;CARUTAPERA;25117,7;512;44,0;2025-09-08;;
Oeste do Maranhão;20924,0;CARUTAPERA;27783,99;534;46,0;2025-09-09;;
Oeste do Maranhão;20924,0;CARUTAPERA;28921,04;509;49,0;2025-09-10;;
Oeste do Maranhão;20924,0;CARUTAPERA;11502,85;196;17,0;2025-09-11;;
Oeste do Maranhão;20924,0;CARUTAPERA;20905,46;291;36,0;2025-09-12;;
Oeste do Maranhão;20924,0;CARUTAPERA;6815,27;115;14,0;2025-09-13;;
Oeste do Maranhão;20924,0;CARUTAPERA;15492,66;221;32,0;2025-09-15;;
Oeste do Maranhão;20924,0;CARUTAPERA;15161,25;242;31,0;2025-09-16;;
Oeste do Maranhão;20924,0;CARUTAPERA;25403,09;447;41,0;2025-09-17;;
Oeste do Maranhão;20924,0;CARUTAPERA;17785,3;370;31,0;2025-09-18;;
Oeste do Maranhão;20924,0;CARUTAPERA;12544,52;214;18,0;2025-09-19;;
Oeste do Maranhão;20924,0;CARUTAPERA;7466,64;115;9,0;2025-09-20;;
Oeste do Maranhão;20924,0;CARUTAPERA;25710,88;543;35,0;2025-09-22;;
Oeste do Maranhão;20924,0;CARUTAPERA;20112,29;418;28,0;2025-09-23;;
Oeste do Maranhão;20924,0;CARUTAPERA;34573,34;717;53,0;2025-09-24;;
Oeste do Maranhão;20924,0;CARUTAPERA;10566,46;178;14,0;2025-09-25;;
Oeste do Maranhão;20924,0;CARUTAPERA;46005,34;615;28,0;2025-09-26;;
Oeste do Maranhão;20924,0;CARUTAPERA;10957,05;191;10,0;2025-09-27;;
Oeste do Maranhão;20924,0;CARUTAPERA;18256,59;318;28,0;2025-09-29;;
Oeste do Maranhão;20924,0;CARUTAPERA;24429,94;485;43,0;2025-09-30;;
Oeste do Maranhão;20924,0;CARUTAPERA;23428,89;484;45,0;2025-10-01;;
Oeste do Maranhão;20924,0;CARUTAPERA;26829,0;461;27,0;2025-10-02;;
Oeste do Maranhão;20924,0;CARUTAPERA;45330,85;787;40,0;2025-10-03;;
Oeste do Maranhão;20924,0;CARUTAPERA;14356,03;261;19,0;2025-10-04;;
Oeste do Maranhão;20924,0;CARUTAPERA;31096,1;495;34,0;2025-10-06;;
Oeste do Maranhão;20924,0;CARUTAPERA;17109,3;277;36,0;2025-10-07;;
Oeste do Maranhão;20924,0;CARUTAPERA;26987,18;471;43,0;2025-10-08;;
Oeste do Maranhão;20924,0;CARUTAPERA;29095,6;415;43,0;2025-10-09;;
Oeste do Maranhão;20924,0;CARUTAPERA;21600,52;332;24,0;2025-10-10;;
Oeste do Maranhão;20924,0;CARUTAPERA;12368,04;251;19,0;2025-10-11;;
Oeste do Maranhão;20924,0;CARUTAPERA;17228,83;322;21,0;2025-10-13;;
Oeste do Maranhão;20924,0;CARUTAPERA;19453,55;407;30,0;2025-10-14;;
Oeste do Maranhão;20924,0;CARUTAPERA;36287,4;668;54,0;2025-10-15;;
Oeste do Maranhão;20924,0;CARUTAPERA;15168,53;342;18,0;2025-10-16;;
Oeste do Maranhão;20924,0;CARUTAPERA;22285,36;518;43,0;2025-10-17;;
Oeste do Maranhão;20924,0;CARUTAPERA;9064,74;175;17,0;2025-10-18;;
Oeste do Maranhão;20924,0;CARUTAPERA;15750,86;316;26,0;2025-10-21;;
Oeste do Maranhão;20924,0;CARUTAPERA;36015,19;722;45,0;2025-10-22;;
Oeste do Maranhão;20924,0;CARUTAPERA;10632,49;257;22,0;2025-10-23;;
Oeste do Maranhão;20924,0;CARUTAPERA;11156,98;235;20,0;2025-10-24;;
Oeste do Maranhão;20924,0;CARUTAPERA;8498,82;159;11,0;2025-10-25;;
Oeste do Maranhão;20924,0;CARUTAPERA;23620,52;422;42,0;2025-10-27;;
Oeste do Maranhão;20924,0;CARUTAPERA;9329,9;133;17,0;2025-10-28;;
Oeste do Maranhão;20924,0;CARUTAPERA;16288,77;285;19,0;2025-10-29;;
Oeste do Maranhão;20924,0;CARUTAPERA;40266,48;669;45,0;2025-10-30;;
Oeste do Maranhão;20924,0;CARUTAPERA;20168,8;290;29,0;2025-10-31;;
Oeste do Maranhão;20924,0;CARUTAPERA;22385,28;364;36,0;2025-11-01;;
Oeste do Maranhão;20924,0;CARUTAPERA;34713,48;614;51,0;2025-11-03;;
Oeste do Maranhão;20924,0;CARUTAPERA;22456,36;374;44,0;2025-11-04;;
Oeste do Maranhão;20924,0;CARUTAPERA;32376,33;649;50,0;2025-11-05;;
Oeste do Maranhão;20924,0;CARUTAPERA;45475,91;951;76,0;2025-11-06;;
Oeste do Maranhão;20924,0;CARUTAPERA;22908,84;479;40,0;2025-11-07;;
Oeste do Maranhão;20924,0;CARUTAPERA;15623,22;326;22,0;2025-11-08;;
Oeste do Maranhão;20924,0;CARUTAPERA;24980,91;429;36,0;2025-11-10;;
Oeste do Maranhão;20924,0;CARUTAPERA;21806,38;437;43,0;2025-11-11;;
Oeste do Maranhão;20924,0;CARUTAPERA;32747,79;715;69,0;2025-11-12;;
Oeste do Maranhão;20924,0;CARUTAPERA;10373,98;227;24,0;2025-11-13;;
Oeste do Maranhão;20924,0;CARUTAPERA;10602,45;201;26,0;2025-11-14;;
Oeste do Maranhão;20924,0;CARUTAPERA;8103,97;130;16,0;2025-11-15;;
Oeste do Maranhão;20924,0;CARUTAPERA;16359,32;310;30,0;2025-11-17;;
Oeste do Maranhão;20924,0;CARUTAPERA;29277,05;575;44,0;2025-11-18;;
Oeste do Maranhão;20924,0;CARUTAPERA;36001,75;610;68,0;2025-11-19;;
Oeste do Maranhão;20924,0;CARUTAPERA;17915,07;285;22,0;2025-11-20;;
Oeste do Maranhão;20924,0;CARUTAPERA;27407,82;404;37,0;2025-11-21;;
Oeste do Maranhão;20924,0;CARUTAPERA;6667,32;109;10,0;2025-11-22;;
Oeste do Maranhão;20924,0;CARUTAPERA;38408,62;540;52,0;2025-11-24;;
Oeste do Maranhão;20924,0;CARUTAPERA;37779,87;590;54,0;2025-11-25;;
Oeste do Maranhão;20924,0;CARUTAPERA;41244,19;662;85,0;2025-11-26;;
Oeste do Maranhão;20924,0;CARUTAPERA;49417,94;840;54,0;2025-11-27;;
Oeste do Maranhão;20924,0;CARUTAPERA;31430,28;512;49,0;2025-11-28;;
Oeste do Maranhão;20924,0;CARUTAPERA;22782,13;333;35,0;2025-11-29;;
Oeste do Maranhão;20924,0;CARUTAPERA;17302,29;262;26,0;2025-11-30;;
Oeste do Maranhão;20924,0;CARUTAPERA;20195,39;338;31,0;2025-12-01;;
Oeste do Maranhão;20924,0;CARUTAPERA;31560,27;519;58,0;2025-12-02;;
Oeste do Maranhão;20924,0;CARUTAPERA;34681,06;594;59,0;2025-12-03;;
Oeste do Maranhão;20924,0;CARUTAPERA;20642,93;405;38,0;2025-12-04;;
Oeste do Maranhão;20924,0;CARUTAPERA;10218,9;257;23,0;2025-12-05;;
Oeste do Maranhão;20924,0;CARUTAPERA;9386,28;216;12,0;2025-12-06;;
Oeste do Maranhão;20924,0;CARUTAPERA;25501,11;628;45,0;2025-12-08;;
Oeste do Maranhão;20924,0;CARUTAPERA;25012,19;506;40,0;2025-12-09;;
Oeste do Maranhão;20924,0;CARUTAPERA;22699,24;472;42,0;2025-12-10;;
Oeste do Maranhão;20924,0;CARUTAPERA;16481,76;291;28,0;2025-12-11;;
Oeste do Maranhão;20924,0;CARUTAPERA;12277,01;272;26,0;2025-12-12;;
Oeste do Maranhão;20924,0;CARUTAPERA;13679,31;260;23,0;2025-12-13;;
Oeste do Maranhão;20924,0;CARUTAPERA;16273,66;287;29,0;2025-12-15;;
Oeste do Maranhão;20924,0;CARUTAPERA;21913,65;396;36,0;2025-12-16;;
Oeste do Maranhão;20924,0;CARUTAPERA;35562,03;648;59,0;2025-12-17;;
Oeste do Maranhão;20924,0;CARUTAPERA;24499,44;458;35,0;2025-12-18;;
Oeste do Maranhão;20924,0;CARUTAPERA;19138,8;337;33,0;2025-12-19;;
Oeste do Maranhão;20924,0;CARUTAPERA;10641,67;236;25,0;2025-12-20;;
Oeste do Maranhão;20924,0;CARUTAPERA;1579,59;24;5,0;2025-12-21;;
Oeste do Maranhão;20924,0;CARUTAPERA;25642,6;411;40,0;2025-12-22;;
Oeste do Maranhão;20924,0;CARUTAPERA;29096,71;479;41,0;2025-12-23;;
Oeste do Maranhão;20924,0;CARUTAPERA;25115,56;379;52,0;2025-12-24;;
Oeste do Maranhão;20924,0;CARUTAPERA;18883,47;358;25,0;2025-12-26;;
Oeste do Maranhão;20924,0;CARUTAPERA;14032,65;267;16,0;2025-12-27;;
Oeste do Maranhão;20924,0;CARUTAPERA;54550,05;873;55,0;2025-12-29;;
Oeste do Maranhão;20924,0;CARUTAPERA;28271,96;517;33,0;2025-12-30;;
Oeste do Maranhão;20924,0;CARUTAPERA;22845,95;388;36,0;2025-12-31;;
Litoral Norte;21270,0;CEARÁ-MIRIM;6445,86;96;10,0;2025-01-02;;
Litoral Norte;21270,0;CEARÁ-MIRIM;16881,45;299;28,0;2025-01-03;;
Litoral Norte;21270,0;CEARÁ-MIRIM;36245,59;622;48,0;2025-01-04;;
Litoral Norte;21270,0;CEARÁ-MIRIM;11736,27;181;19,0;2025-01-06;;
Litoral Norte;21270,0;CEARÁ-MIRIM;22965,87;377;32,0;2025-01-07;;
Litoral Norte;21270,0;CEARÁ-MIRIM;16267,81;295;22,0;2025-01-08;;
Litoral Norte;21270,0;CEARÁ-MIRIM;15306,21;253;27,0;2025-01-09;;
Litoral Norte;21270,0;CEARÁ-MIRIM;11102,03;181;25,0;2025-01-10;;
Litoral Norte;21270,0;CEARÁ-MIRIM;23372,0;365;37,0;2025-01-11;;
Litoral Norte;21270,0;CEARÁ-MIRIM;16668,55;246;15,0;2025-01-13;;
Litoral Norte;21270,0;CEARÁ-MIRIM;17657,84;250;16,0;2025-01-14;;
Litoral Norte;21270,0;CEARÁ-MIRIM;15407,91;258;26,0;2025-01-15;;
Litoral Norte;21270,0;CEARÁ-MIRIM;70082,57;776;44,0;2025-01-16;;
Litoral Norte;21270,0;CEARÁ-MIRIM;35695,94;487;45,0;2025-01-17;;
Litoral Norte;21270,0;CEARÁ-MIRIM;31257,86;464;44,0;2025-01-18;;
Litoral Norte;21270,0;CEARÁ-MIRIM;36593,96;711;35,0;2025-01-20;;
Litoral Norte;21270,0;CEARÁ-MIRIM;22799,75;384;39,0;2025-01-21;;
Litoral Norte;21270,0;CEARÁ-MIRIM;19511,43;340;26,0;2025-01-22;;
Litoral Norte;21270,0;CEARÁ-MIRIM;16678,79;278;27,0;2025-01-23;;
Litoral Norte;21270,0;CEARÁ-MIRIM;24514,63;454;37,0;2025-01-24;;
Litoral Norte;21270,0;CEARÁ-MIRIM;29370,11;596;34,0;2025-01-25;;
Litoral Norte;21270,0;CEARÁ-MIRIM;7982,95;129;18,0;2025-01-27;;
Litoral Norte;21270,0;CEARÁ-MIRIM;31130,85;479;34,0;2025-01-28;;
Litoral Norte;21270,0;CEARÁ-MIRIM;12590,81;236;22,0;2025-01-29;;
Litoral Norte;21270,0;CEARÁ-MIRIM;17733,56;310;25,0;2025-01-30;;
Litoral Norte;21270,0;CEARÁ-MIRIM;15962,91;254;22,0;2025-01-31;;
Litoral Norte;21270,0;CEARÁ-MIRIM;27777,96;386;29,0;2025-02-01;;
Litoral Norte;21270,0;CEARÁ-MIRIM;14348,24;237;25,0;2025-02-03;;
Litoral Norte;21270,0;CEARÁ-MIRIM;27004,24;451;40,0;2025-02-04;;
Litoral Norte;21270,0;CEARÁ-MIRIM;17383,27;316;24,0;2025-02-05;;
Litoral Norte;21270,0;CEARÁ-MIRIM;20109,36;303;22,0;2025-02-06;;
Litoral Norte;21270,0;CEARÁ-MIRIM;30683,3;493;45,0;2025-02-07;;
Litoral Norte;21270,0;CEARÁ-MIRIM;33885,09;567;47,0;2025-02-08;;
Litoral Norte;21270,0;CEARÁ-MIRIM;32524,88;527;35,0;2025-02-10;;
Litoral Norte;21270,0;CEARÁ-MIRIM;36321,55;616;44,0;2025-02-11;;
Litoral Norte;21270,0;CEARÁ-MIRIM;22535,01;383;41,0;2025-02-12;;
Litoral Norte;21270,0;CEARÁ-MIRIM;21348,14;392;35,0;2025-02-13;;
Litoral Norte;21270,0;CEARÁ-MIRIM;10064,84;152;15,0;2025-02-14;;
Litoral Norte;21270,0;CEARÁ-MIRIM;34317,91;562;46,0;2025-02-15;;
Litoral Norte;21270,0;CEARÁ-MIRIM;22291,0;321;31,0;2025-02-17;;
Litoral Norte;21270,0;CEARÁ-MIRIM;12064,04;211;20,0;2025-02-18;;
Litoral Norte;21270,0;CEARÁ-MIRIM;12883,86;240;20,0;2025-02-19;;
Litoral Norte;21270,0;CEARÁ-MIRIM;7755,7;132;16,0;2025-02-20;;
Litoral Norte;21270,0;CEARÁ-MIRIM;13025,54;244;23,0;2025-02-21;;
Litoral Norte;21270,0;CEARÁ-MIRIM;16720,25;313;34,0;2025-02-22;;
Litoral Norte;21270,0;CEARÁ-MIRIM;5040,28;134;12,0;2025-02-24;;
Litoral Norte;21270,0;CEARÁ-MIRIM;10084,22;195;19,0;2025-02-25;;
Litoral Norte;21270,0;CEARÁ-MIRIM;19879,65;342;38,0;2025-02-26;;
Litoral Norte;21270,0;CEARÁ-MIRIM;26282,09;423;34,0;2025-02-27;;
Litoral Norte;21270,0;CEARÁ-MIRIM;25949,77;414;44,0;2025-02-28;;
Litoral Norte;21270,0;CEARÁ-MIRIM;23405,67;364;37,0;2025-03-01;;
Litoral Norte;21270,0;CEARÁ-MIRIM;7929,89;173;7,0;2025-03-05;;
Litoral Norte;21270,0;CEARÁ-MIRIM;23452,62;513;34,0;2025-03-06;;
Litoral Norte;21270,0;CEARÁ-MIRIM;16954,91;318;21,0;2025-03-07;;
Litoral Norte;21270,0;CEARÁ-MIRIM;31549,21;695;46,0;2025-03-08;;
Litoral Norte;21270,0;CEARÁ-MIRIM;33069,78;606;36,0;2025-03-10;;
Litoral Norte;21270,0;CEARÁ-MIRIM;27238,67;461;29,0;2025-03-11;;
Litoral Norte;21270,0;CEARÁ-MIRIM;37653,11;616;41,0;2025-03-12;;
Litoral Norte;21270,0;CEARÁ-MIRIM;65706,58;796;29,0;2025-03-13;;
Litoral Norte;21270,0;CEARÁ-MIRIM;81140,84;995;50,0;2025-03-14;;
Litoral Norte;21270,0;CEARÁ-MIRIM;56486,62;781;68,0;2025-03-15;;
Litoral Norte;21270,0;CEARÁ-MIRIM;36579,47;451;25,0;2025-03-17;;
Litoral Norte;21270,0;CEARÁ-MIRIM;19350,6;269;24,0;2025-03-18;;
Litoral Norte;21270,0;CEARÁ-MIRIM;22877,56;354;33,0;2025-03-19;;
Litoral Norte;21270,0;CEARÁ-MIRIM;12019,01;151;14,0;2025-03-20;;
Litoral Norte;21270,0;CEARÁ-MIRIM;24900,36;368;31,0;2025-03-21;;
Litoral Norte;21270,0;CEARÁ-MIRIM;25400,15;352;37,0;2025-03-22;;
Litoral Norte;21270,0;CEARÁ-MIRIM;44000,63;903;47,0;2025-03-24;;
Litoral Norte;21270,0;CEARÁ-MIRIM;29128,45;569;41,0;2025-03-25;;
Litoral Norte;21270,0;CEARÁ-MIRIM;24312,1;433;27,0;2025-03-26;;
Litoral Norte;21270,0;CEARÁ-MIRIM;16065,92;282;22,0;2025-03-27;;
Litoral Norte;21270,0;CEARÁ-MIRIM;17653,43;291;26,0;2025-03-28;;
Litoral Norte;21270,0;CEARÁ-MIRIM;41521,07;696;43,0;2025-03-29;;
Litoral Norte;21270,0;CEARÁ-MIRIM;26057,69;393;38,0;2025-03-31;;
Litoral Norte;21270,0;CEARÁ-MIRIM;16631,46;265;24,0;2025-04-01;;
Litoral Norte;21270,0;CEARÁ-MIRIM;18008,76;265;22,0;2025-04-02;;
Litoral Norte;21270,0;CEARÁ-MIRIM;19372,91;289;31,0;2025-04-03;;
Litoral Norte;21270,0;CEARÁ-MIRIM;27480,99;425;40,0;2025-04-04;;
Litoral Norte;21270,0;CEARÁ-MIRIM;32337,62;545;41,0;2025-04-05;;
Litoral Norte;21270,0;CEARÁ-MIRIM;29843,13;449;38,0;2025-04-07;;
Litoral Norte;21270,0;CEARÁ-MIRIM;17409,55;244;21,0;2025-04-08;;
Litoral Norte;21270,0;CEARÁ-MIRIM;22483,84;341;28,0;2025-04-09;;
Litoral Norte;21270,0;CEARÁ-MIRIM;19650,73;372;28,0;2025-04-10;;
Litoral Norte;21270,0;CEARÁ-MIRIM;31572,91;467;38,0;2025-04-11;;
Litoral Norte;21270,0;CEARÁ-MIRIM;43392,15;574;47,0;2025-04-12;;
Litoral Norte;21270,0;CEARÁ-MIRIM;2769,05;37;1,0;2025-04-13;;
Litoral Norte;21270,0;CEARÁ-MIRIM;46681,99;834;52,0;2025-04-14;;
Litoral Norte;21270,0;CEARÁ-MIRIM;30985,94;557;55,0;2025-04-15;;
Litoral Norte;21270,0;CEARÁ-MIRIM;27600,85;590;31,0;2025-04-16;;
Litoral Norte;21270,0;CEARÁ-MIRIM;31896,2;533;33,0;2025-04-17;;
Litoral Norte;21270,0;CEARÁ-MIRIM;34159,07;555;41,0;2025-04-19;;
Litoral Norte;21270,0;CEARÁ-MIRIM;23955,8;415;18,0;2025-04-21;;
Litoral Norte;21270,0;CEARÁ-MIRIM;33756,35;494;34,0;2025-04-22;;
Litoral Norte;21270,0;CEARÁ-MIRIM;27599,91;410;44,0;2025-04-23;;
Litoral Norte;21270,0;CEARÁ-MIRIM;18258,91;238;24,0;2025-04-24;;
Litoral Norte;21270,0;CEARÁ-MIRIM;26050,82;437;36,0;2025-04-25;;
Litoral Norte;21270,0;CEARÁ-MIRIM;54586,23;854;69,0;2025-04-26;;
Litoral Norte;21270,0;CEARÁ-MIRIM;20310,58;261;29,0;2025-04-28;;
Litoral Norte;21270,0;CEARÁ-MIRIM;9019,47;119;17,0;2025-04-29;;
Litoral Norte;21270,0;CEARÁ-MIRIM;24024,07;318;38,0;2025-04-30;;
Litoral Norte;21270,0;CEARÁ-MIRIM;39228,41;577;46,0;2025-05-02;;
Litoral Norte;21270,0;CEARÁ-MIRIM;36828,6;487;54,0;2025-05-03;;
Litoral Norte;21270,0;CEARÁ-MIRIM;26711,11;252;30,0;2025-05-05;;
Litoral Norte;21270,0;CEARÁ-MIRIM;25571,05;363;39,0;2025-05-06;;
Litoral Norte;21270,0;CEARÁ-MIRIM;56077,33;789;72,0;2025-05-07;;
Litoral Norte;21270,0;CEARÁ-MIRIM;45718,16;521;54,0;2025-05-08;;
Litoral Norte;21270,0;CEARÁ-MIRIM;35962,11;465;51,0;2025-05-09;;
Litoral Norte;21270,0;CEARÁ-MIRIM;52675,06;725;104,0;2025-05-10;;
Litoral Norte;21270,0;CEARÁ-MIRIM;3901,48;72;8,0;2025-05-11;;
Litoral Norte;21270,0;CEARÁ-MIRIM;24246,42;478;30,0;2025-05-12;;
Litoral Norte;21270,0;CEARÁ-MIRIM;47398,16;745;41,0;2025-05-13;;
Litoral Norte;21270,0;CEARÁ-MIRIM;22967,31;372;26,0;2025-05-14;;
Litoral Norte;21270,0;CEARÁ-MIRIM;9878,28;182;14,0;2025-05-15;;
Litoral Norte;21270,0;CEARÁ-MIRIM;12096,47;178;16,0;2025-05-16;;
Litoral Norte;21270,0;CEARÁ-MIRIM;37710,25;684;42,0;2025-05-17;;
Litoral Norte;21270,0;CEARÁ-MIRIM;54594,27;859;34,0;2025-05-19;;
Litoral Norte;21270,0;CEARÁ-MIRIM;44508,34;861;46,0;2025-05-20;;
Litoral Norte;21270,0;CEARÁ-MIRIM;36712,68;787;47,0;2025-05-21;;
Litoral Norte;21270,0;CEARÁ-MIRIM;46341,96;869;50,0;2025-05-22;;
Litoral Norte;21270,0;CEARÁ-MIRIM;43182,18;852;48,0;2025-05-23;;
Litoral Norte;21270,0;CEARÁ-MIRIM;56005,03;1026;61,0;2025-05-24;;
Litoral Norte;21270,0;CEARÁ-MIRIM;21209,02;374;29,0;2025-05-26;;
Litoral Norte;21270,0;CEARÁ-MIRIM;36524,32;649;45,0;2025-05-27;;
Litoral Norte;21270,0;CEARÁ-MIRIM;27017,9;478;35,0;2025-05-28;;
Litoral Norte;21270,0;CEARÁ-MIRIM;7439,59;135;17,0;2025-05-29;;
Litoral Norte;21270,0;CEARÁ-MIRIM;18615,67;397;30,0;2025-05-30;;
Litoral Norte;21270,0;CEARÁ-MIRIM;53007,71;888;62,0;2025-05-31;;
Litoral Norte;21270,0;CEARÁ-MIRIM;18646,42;346;23,0;2025-06-02;;
Litoral Norte;21270,0;CEARÁ-MIRIM;13022,1;240;25,0;2025-06-03;;
Litoral Norte;21270,0;CEARÁ-MIRIM;12027,13;250;28,0;2025-06-04;;
Litoral Norte;21270,0;CEARÁ-MIRIM;25252,5;418;31,0;2025-06-05;;
Litoral Norte;21270,0;CEARÁ-MIRIM;17567,34;338;31,0;2025-06-06;;
Litoral Norte;21270,0;CEARÁ-MIRIM;26050,44;553;47,0;2025-06-07;;
Litoral Norte;21270,0;CEARÁ-MIRIM;11924,2;221;19,0;2025-06-09;;
Litoral Norte;21270,0;CEARÁ-MIRIM;17878,22;313;38,0;2025-06-10;;
Litoral Norte;21270,0;CEARÁ-MIRIM;27696,15;489;46,0;2025-06-11;;
Litoral Norte;21270,0;CEARÁ-MIRIM;34827,92;643;55,0;2025-06-12;;
Litoral Norte;21270,0;CEARÁ-MIRIM;61946,3;1261;65,0;2025-06-13;;
Litoral Norte;21270,0;CEARÁ-MIRIM;44347,26;849;55,0;2025-06-14;;
Litoral Norte;21270,0;CEARÁ-MIRIM;33161,42;549;38,0;2025-06-16;;
Litoral Norte;21270,0;CEARÁ-MIRIM;33347,17;492;30,0;2025-06-17;;
Litoral Norte;21270,0;CEARÁ-MIRIM;27223,52;422;31,0;2025-06-18;;
Litoral Norte;21270,0;CEARÁ-MIRIM;14189,94;230;9,0;2025-06-19;;
Litoral Norte;21270,0;CEARÁ-MIRIM;23198,42;400;34,0;2025-06-20;;
Litoral Norte;21270,0;CEARÁ-MIRIM;32035,4;572;29,0;2025-06-21;;
Litoral Norte;21270,0;CEARÁ-MIRIM;55376,07;740;49,0;2025-06-23;;
Litoral Norte;21270,0;CEARÁ-MIRIM;58406,98;735;48,0;2025-06-24;;
Litoral Norte;21270,0;CEARÁ-MIRIM;24607,68;341;30,0;2025-06-25;;
Litoral Norte;21270,0;CEARÁ-MIRIM;30184,93;419;39,0;2025-06-26;;
Litoral Norte;21270,0;CEARÁ-MIRIM;33442,73;483;37,0;2025-06-27;;
Litoral Norte;21270,0;CEARÁ-MIRIM;44473,56;711;136,0;2025-06-28;;
Litoral Norte;21270,0;CEARÁ-MIRIM;40718,69;618;150,0;2025-06-30;;
Litoral Norte;21270,0;CEARÁ-MIRIM;59683,99;844;144,0;2025-07-01;;
Litoral Norte;21270,0;CEARÁ-MIRIM;20889,77;387;32,0;2025-07-02;;
Litoral Norte;21270,0;CEARÁ-MIRIM;24094,45;426;30,0;2025-07-03;;
Litoral Norte;21270,0;CEARÁ-MIRIM;28779,1;478;34,0;2025-07-04;;
Litoral Norte;21270,0;CEARÁ-MIRIM;31525,13;541;49,0;2025-07-05;;
Litoral Norte;21270,0;CEARÁ-MIRIM;26378,56;473;37,0;2025-07-07;;
Litoral Norte;21270,0;CEARÁ-MIRIM;16415,42;281;27,0;2025-07-08;;
Litoral Norte;21270,0;CEARÁ-MIRIM;23483,7;453;26,0;2025-07-09;;
Litoral Norte;21270,0;CEARÁ-MIRIM;15512,11;246;17,0;2025-07-10;;
Litoral Norte;21270,0;CEARÁ-MIRIM;30497,99;596;44,0;2025-07-11;;
Litoral Norte;21270,0;CEARÁ-MIRIM;28361,63;440;37,0;2025-07-12;;
Litoral Norte;21270,0;CEARÁ-MIRIM;9628,17;146;16,0;2025-07-14;;
Litoral Norte;21270,0;CEARÁ-MIRIM;14692,03;230;19,0;2025-07-15;;
Litoral Norte;21270,0;CEARÁ-MIRIM;85613,26;2079;89,0;2025-07-16;;
Litoral Norte;21270,0;CEARÁ-MIRIM;40468,32;793;53,0;2025-07-17;;
Litoral Norte;21270,0;CEARÁ-MIRIM;23446,47;498;39,0;2025-07-18;;
Litoral Norte;21270,0;CEARÁ-MIRIM;31200,87;627;52,0;2025-07-19;;
Litoral Norte;21270,0;CEARÁ-MIRIM;26632,99;578;25,0;2025-07-21;;
Litoral Norte;21270,0;CEARÁ-MIRIM;43328,37;984;50,0;2025-07-22;;
Litoral Norte;21270,0;CEARÁ-MIRIM;24148,66;622;36,0;2025-07-23;;
Litoral Norte;21270,0;CEARÁ-MIRIM;25338,59;571;47,0;2025-07-24;;
Litoral Norte;21270,0;CEARÁ-MIRIM;24465,67;533;37,0;2025-07-25;;
Litoral Norte;21270,0;CEARÁ-MIRIM;48936,78;897;46,0;2025-07-26;;
Litoral Norte;21270,0;CEARÁ-MIRIM;26785,92;456;27,0;2025-07-28;;
Litoral Norte;21270,0;CEARÁ-MIRIM;27937,02;519;32,0;2025-07-29;;
Litoral Norte;21270,0;CEARÁ-MIRIM;8261,11;137;13,0;2025-07-30;;
Litoral Norte;21270,0;CEARÁ-MIRIM;17923,09;375;26,0;2025-07-31;;
Litoral Norte;21270,0;CEARÁ-MIRIM;29441,11;539;36,0;2025-08-01;;
Litoral Norte;21270,0;CEARÁ-MIRIM;39073,0;599;58,0;2025-08-02;;
Litoral Norte;21270,0;CEARÁ-MIRIM;26776,87;398;28,0;2025-08-04;;
Litoral Norte;21270,0;CEARÁ-MIRIM;43658,14;670;52,0;2025-08-05;;
Litoral Norte;21270,0;CEARÁ-MIRIM;33278,15;607;43,0;2025-08-06;;
Litoral Norte;21270,0;CEARÁ-MIRIM;39208,98;675;50,0;2025-08-07;;
Litoral Norte;21270,0;CEARÁ-MIRIM;43360,13;841;71,0;2025-08-08;;
Litoral Norte;21270,0;CEARÁ-MIRIM;46854,96;894;86,0;2025-08-09;;
Litoral Norte;21270,0;CEARÁ-MIRIM;21420,81;451;33,0;2025-08-11;;
Litoral Norte;21270,0;CEARÁ-MIRIM;44620,05;1154;55,0;2025-08-12;;
Litoral Norte;21270,0;CEARÁ-MIRIM;35599,12;810;41,0;2025-08-13;;
Litoral Norte;21270,0;CEARÁ-MIRIM;23624,27;508;31,0;2025-08-14;;
Litoral Norte;21270,0;CEARÁ-MIRIM;20364,92;504;30,0;2025-08-15;;
Litoral Norte;21270,0;CEARÁ-MIRIM;35853,14;760;52,0;2025-08-16;;
Litoral Norte;21270,0;CEARÁ-MIRIM;8090,09;190;17,0;2025-08-18;;
Litoral Norte;21270,0;CEARÁ-MIRIM;16322,05;298;27,0;2025-08-19;;
Litoral Norte;21270,0;CEARÁ-MIRIM;30877,08;604;39,0;2025-08-20;;
Litoral Norte;21270,0;CEARÁ-MIRIM;25788,13;485;34,0;2025-08-21;;
Litoral Norte;21270,0;CEARÁ-MIRIM;30615,12;531;35,0;2025-08-22;;
Litoral Norte;21270,0;CEARÁ-MIRIM;44531,73;816;62,0;2025-08-23;;
Litoral Norte;21270,0;CEARÁ-MIRIM;20399,87;338;29,0;2025-08-25;;
Litoral Norte;21270,0;CEARÁ-MIRIM;17454,53;317;32,0;2025-08-26;;
Litoral Norte;21270,0;CEARÁ-MIRIM;34270,2;665;51,0;2025-08-27;;
Litoral Norte;21270,0;CEARÁ-MIRIM;20900,58;422;24,0;2025-08-28;;
Litoral Norte;21270,0;CEARÁ-MIRIM;8992,54;199;19,0;2025-08-29;;
Litoral Norte;21270,0;CEARÁ-MIRIM;39588,16;832;64,0;2025-08-30;;
Litoral Norte;21270,0;CEARÁ-MIRIM;58301,83;1165;55,0;2025-09-01;;
Litoral Norte;21270,0;CEARÁ-MIRIM;25986,68;566;52,0;2025-09-02;;
Litoral Norte;21270,0;CEARÁ-MIRIM;31515,6;671;35,0;2025-09-03;;
Litoral Norte;21270,0;CEARÁ-MIRIM;18164,44;396;29,0;2025-09-04;;
Litoral Norte;21270,0;CEARÁ-MIRIM;77507,76;1261;76,0;2025-09-05;;
Litoral Norte;21270,0;CEARÁ-MIRIM;67566,05;1144;89,0;2025-09-06;;
Litoral Norte;21270,0;CEARÁ-MIRIM;41045,99;685;47,0;2025-09-08;;
Litoral Norte;21270,0;CEARÁ-MIRIM;41918,56;652;39,0;2025-09-09;;
Litoral Norte;21270,0;CEARÁ-MIRIM;34139,41;587;51,0;2025-09-10;;
Litoral Norte;21270,0;CEARÁ-MIRIM;20540,72;373;36,0;2025-09-11;;
Litoral Norte;21270,0;CEARÁ-MIRIM;28489,86;461;45,0;2025-09-12;;
Litoral Norte;21270,0;CEARÁ-MIRIM;45331,59;745;61,0;2025-09-13;;
Litoral Norte;21270,0;CEARÁ-MIRIM;5495,17;85;8,0;2025-09-14;;
Litoral Norte;21270,0;CEARÁ-MIRIM;15499,89;264;28,0;2025-09-15;;
Litoral Norte;21270,0;CEARÁ-MIRIM;13288,18;275;35,0;2025-09-16;;
Litoral Norte;21270,0;CEARÁ-MIRIM;28766,36;609;37,0;2025-09-17;;
Litoral Norte;21270,0;CEARÁ-MIRIM;14192,71;311;36,0;2025-09-18;;
Litoral Norte;21270,0;CEARÁ-MIRIM;18260,69;335;33,0;2025-09-19;;
Litoral Norte;21270,0;CEARÁ-MIRIM;28440,24;705;42,0;2025-09-20;;
Litoral Norte;21270,0;CEARÁ-MIRIM;85015,22;1284;50,0;2025-09-22;;
Litoral Norte;21270,0;CEARÁ-MIRIM;31269,74;631;45,0;2025-09-23;;
Litoral Norte;21270,0;CEARÁ-MIRIM;26052,7;657;42,0;2025-09-24;;
Litoral Norte;21270,0;CEARÁ-MIRIM;12741,83;300;27,0;2025-09-25;;
Litoral Norte;21270,0;CEARÁ-MIRIM;22239,62;676;34,0;2025-09-26;;
Litoral Norte;21270,0;CEARÁ-MIRIM;82755,87;1625;54,0;2025-09-27;;
Litoral Norte;21270,0;CEARÁ-MIRIM;9178,05;212;13,0;2025-09-29;;
Litoral Norte;21270,0;CEARÁ-MIRIM;39936,6;876;40,0;2025-09-30;;
Litoral Norte;21270,0;CEARÁ-MIRIM;15679,64;554;31,0;2025-10-01;;
Litoral Norte;21270,0;CEARÁ-MIRIM;17823,27;351;23,0;2025-10-02;;
Litoral Norte;21270,0;CEARÁ-MIRIM;64552,83;913;43,0;2025-10-03;;
Litoral Norte;21270,0;CEARÁ-MIRIM;50016,27;861;62,0;2025-10-04;;
Litoral Norte;21270,0;CEARÁ-MIRIM;14215,66;293;23,0;2025-10-06;;
Litoral Norte;21270,0;CEARÁ-MIRIM;18188,92;418;31,0;2025-10-07;;
Litoral Norte;21270,0;CEARÁ-MIRIM;37082,66;711;44,0;2025-10-08;;
Litoral Norte;21270,0;CEARÁ-MIRIM;29751,07;565;36,0;2025-10-09;;
Litoral Norte;21270,0;CEARÁ-MIRIM;29368,79;619;46,0;2025-10-10;;
Litoral Norte;21270,0;CEARÁ-MIRIM;43141,68;919;63,0;2025-10-11;;
Litoral Norte;21270,0;CEARÁ-MIRIM;25645,84;624;30,0;2025-10-13;;
Litoral Norte;21270,0;CEARÁ-MIRIM;35452,37;837;53,0;2025-10-14;;
Litoral Norte;21270,0;CEARÁ-MIRIM;14162,47;414;25,0;2025-10-15;;
Litoral Norte;21270,0;CEARÁ-MIRIM;31346,18;739;38,0;2025-10-16;;
Litoral Norte;21270,0;CEARÁ-MIRIM;20935,63;462;30,0;2025-10-17;;
Litoral Norte;21270,0;CEARÁ-MIRIM;22605,3;583;38,0;2025-10-18;;
Litoral Norte;21270,0;CEARÁ-MIRIM;17185,5;399;33,0;2025-10-20;;
Litoral Norte;21270,0;CEARÁ-MIRIM;26999,31;596;35,0;2025-10-21;;
Litoral Norte;21270,0;CEARÁ-MIRIM;20936,03;438;33,0;2025-10-22;;
Litoral Norte;21270,0;CEARÁ-MIRIM;14944,68;278;22,0;2025-10-23;;
Litoral Norte;21270,0;CEARÁ-MIRIM;23466,15;592;45,0;2025-10-24;;
Litoral Norte;21270,0;CEARÁ-MIRIM;25762,9;589;39,0;2025-10-25;;
Litoral Norte;21270,0;CEARÁ-MIRIM;27588,4;550;35,0;2025-10-27;;
Litoral Norte;21270,0;CEARÁ-MIRIM;16946,03;459;32,0;2025-10-28;;
Litoral Norte;21270,0;CEARÁ-MIRIM;26015,9;700;21,0;2025-10-29;;
Litoral Norte;21270,0;CEARÁ-MIRIM;48892,51;908;49,0;2025-10-30;;
Litoral Norte;21270,0;CEARÁ-MIRIM;52431,73;925;62,0;2025-10-31;;
Litoral Norte;21270,0;CEARÁ-MIRIM;51350,24;944;65,0;2025-11-01;;
Litoral Norte;21270,0;CEARÁ-MIRIM;62427,49;1610;80,0;2025-11-03;;
Litoral Norte;21270,0;CEARÁ-MIRIM;46676,98;1047;77,0;2025-11-04;;
Litoral Norte;21270,0;CEARÁ-MIRIM;24961,33;570;35,0;2025-11-05;;
Litoral Norte;21270,0;CEARÁ-MIRIM;22670,45;456;36,0;2025-11-06;;
Litoral Norte;21270,0;CEARÁ-MIRIM;37676,63;1011;42,0;2025-11-07;;
Litoral Norte;21270,0;CEARÁ-MIRIM;34109,25;755;51,0;2025-11-08;;
Litoral Norte;21270,0;CEARÁ-MIRIM;22479,08;619;32,0;2025-11-10;;
Litoral Norte;21270,0;CEARÁ-MIRIM;32390,98;855;40,0;2025-11-11;;
Litoral Norte;21270,0;CEARÁ-MIRIM;21970,43;510;33,0;2025-11-12;;
Litoral Norte;21270,0;CEARÁ-MIRIM;27764,99;598;43,0;2025-11-13;;
Litoral Norte;21270,0;CEARÁ-MIRIM;35494,49;648;56,0;2025-11-14;;
Litoral Norte;21270,0;CEARÁ-MIRIM;36735,28;835;31,0;2025-11-15;;
Litoral Norte;21270,0;CEARÁ-MIRIM;34003,39;777;45,0;2025-11-17;;
Litoral Norte;21270,0;CEARÁ-MIRIM;33042,3;574;52,0;2025-11-18;;
Litoral Norte;21270,0;CEARÁ-MIRIM;37763,99;677;56,0;2025-11-19;;
Litoral Norte;21270,0;CEARÁ-MIRIM;52856,54;727;41,0;2025-11-20;;
Litoral Norte;21270,0;CEARÁ-MIRIM;40005,87;632;62,0;2025-11-21;;
Litoral Norte;21270,0;CEARÁ-MIRIM;29228,73;482;40,0;2025-11-22;;
Litoral Norte;21270,0;CEARÁ-MIRIM;20121,2;385;33,0;2025-11-24;;
Litoral Norte;21270,0;CEARÁ-MIRIM;35928,05;573;36,0;2025-11-25;;
Litoral Norte;21270,0;CEARÁ-MIRIM;31067,2;647;41,0;2025-11-26;;
Litoral Norte;21270,0;CEARÁ-MIRIM;82811,33;1561;83,0;2025-11-27;;
Litoral Norte;21270,0;CEARÁ-MIRIM;55186,01;1050;70,0;2025-11-28;;
Litoral Norte;21270,0;CEARÁ-MIRIM;69330,78;1169;85,0;2025-11-29;;
Litoral Norte;21270,0;CEARÁ-MIRIM;20480,43;437;16,0;2025-11-30;;
Litoral Norte;21270,0;CEARÁ-MIRIM;38940,77;1048;47,0;2025-12-01;;
Litoral Norte;21270,0;CEARÁ-MIRIM;23491,56;501;46,0;2025-12-02;;
Litoral Norte;21270,0;CEARÁ-MIRIM;26047,77;564;45,0;2025-12-03;;
Litoral Norte;21270,0;CEARÁ-MIRIM;33438,75;626;52,0;2025-12-04;;
Litoral Norte;21270,0;CEARÁ-MIRIM;19619,53;501;27,0;2025-12-05;;
Litoral Norte;21270,0;CEARÁ-MIRIM;25878,84;650;42,0;2025-12-06;;
Litoral Norte;21270,0;CEARÁ-MIRIM;7986,57;249;10,0;2025-12-08;;
Litoral Norte;21270,0;CEARÁ-MIRIM;19971,65;513;28,0;2025-12-09;;
Litoral Norte;21270,0;CEARÁ-MIRIM;26623,5;640;38,0;2025-12-10;;
Litoral Norte;21270,0;CEARÁ-MIRIM;27365,75;692;41,0;2025-12-11;;
Litoral Norte;21270,0;CEARÁ-MIRIM;28584,22;681;38,0;2025-12-12;;
Litoral Norte;21270,0;CEARÁ-MIRIM;35253,42;744;50,0;2025-12-13;;
Litoral Norte;21270,0;CEARÁ-MIRIM;31224,74;745;54,0;2025-12-15;;
Litoral Norte;21270,0;CEARÁ-MIRIM;19518,42;400;35,0;2025-12-16;;
Litoral Norte;21270,0;CEARÁ-MIRIM;17850,45;419;36,0;2025-12-17;;
Litoral Norte;21270,0;CEARÁ-MIRIM;39257,9;929;54,0;2025-12-18;;
Litoral Norte;21270,0;CEARÁ-MIRIM;27296,45;643;46,0;2025-12-19;;
Litoral Norte;21270,0;CEARÁ-MIRIM;26182,93;540;51,0;2025-12-20;;
Litoral Norte;21270,0;CEARÁ-MIRIM;7751,34;129;8,0;2025-12-21;;
Litoral Norte;21270,0;CEARÁ-MIRIM;28467,25;535;32,0;2025-12-22;;
Litoral Norte;21270,0;CEARÁ-MIRIM;39009,94;722;64,0;2025-12-23;;
Litoral Norte;21270,0;CEARÁ-MIRIM;20015,57;439;35,0;2025-12-24;;
Litoral Norte;21270,0;CEARÁ-MIRIM;55006,81;991;38,0;2025-12-26;;
Litoral Norte;21270,0;CEARÁ-MIRIM;52197,28;1095;59,0;2025-12-27;;
Litoral Norte;21270,0;CEARÁ-MIRIM;38989,35;805;51,0;2025-12-29;;
Litoral Norte;21270,0;CEARÁ-MIRIM;49729,7;1024;54,0;2025-12-30;;
Litoral Norte;21270,0;CEARÁ-MIRIM;15707,35;287;18,0;2025-12-31;;
Mossoró;19595,0;CENTRO MOSSORÓ;37647,54;737;83,0;2025-01-02;;
Mossoró;19595,0;CENTRO MOSSORÓ;64816,29;1223;121,0;2025-01-03;;
Mossoró;19595,0;CENTRO MOSSORÓ;57048,92;1038;97,0;2025-01-04;;
Mossoró;19595,0;CENTRO MOSSORÓ;127227,42;2524;182,0;2025-01-06;;
Mossoró;19595,0;CENTRO MOSSORÓ;76281,2;1576;132,0;2025-01-07;;
Mossoró;19595,0;CENTRO MOSSORÓ;106902,02;1949;177,0;2025-01-08;;
Mossoró;19595,0;CENTRO MOSSORÓ;136854,86;2694;208,0;2025-01-09;;
Mossoró;19595,0;CENTRO MOSSORÓ;103354,38;1992;182,0;2025-01-10;;
Mossoró;19595,0;CENTRO MOSSORÓ;56951,2;1000;94,0;2025-01-11;;
Mossoró;19595,0;CENTRO MOSSORÓ;125036,55;2658;188,0;2025-01-13;;
Mossoró;19595,0;CENTRO MOSSORÓ;82253,37;1501;133,0;2025-01-14;;
Mossoró;19595,0;CENTRO MOSSORÓ;72683,84;1333;147,0;2025-01-15;;
Mossoró;19595,0;CENTRO MOSSORÓ;336978,97;4089;315,0;2025-01-16;;
Mossoró;19595,0;CENTRO MOSSORÓ;199735,35;2716;231,0;2025-01-17;;
Mossoró;19595,0;CENTRO MOSSORÓ;158280,31;2070;175,0;2025-01-18;;
Mossoró;19595,0;CENTRO MOSSORÓ;209631,66;3607;222,0;2025-01-20;;
Mossoró;19595,0;CENTRO MOSSORÓ;156786,39;2676;211,0;2025-01-21;;
Mossoró;19595,0;CENTRO MOSSORÓ;129791,36;2210;158,0;2025-01-22;;
Mossoró;19595,0;CENTRO MOSSORÓ;135241,11;2339;169,0;2025-01-23;;
Mossoró;19595,0;CENTRO MOSSORÓ;109842,8;1900;149,0;2025-01-24;;
Mossoró;19595,0;CENTRO MOSSORÓ;63378,45;989;86,0;2025-01-25;;
Mossoró;19595,0;CENTRO MOSSORÓ;85977,66;1482;128,0;2025-01-27;;
Mossoró;19595,0;CENTRO MOSSORÓ;110452,23;1859;147,0;2025-01-28;;
Mossoró;19595,0;CENTRO MOSSORÓ;162263,71;3109;182,0;2025-01-29;;
Mossoró;19595,0;CENTRO MOSSORÓ;149496,52;2492;198,0;2025-01-30;;
Mossoró;19595,0;CENTRO MOSSORÓ;157522,95;2406;165,0;2025-01-31;;
Mossoró;19595,0;CENTRO MOSSORÓ;48936,73;879;73,0;2025-02-01;;
Mossoró;19595,0;CENTRO MOSSORÓ;98294,16;1592;182,0;2025-02-03;;
Mossoró;19595,0;CENTRO MOSSORÓ;122496,36;2007;204,0;2025-02-04;;
Mossoró;19595,0;CENTRO MOSSORÓ;109016,29;1800;176,0;2025-02-05;;
Mossoró;19595,0;CENTRO MOSSORÓ;112361,7;2070;174,0;2025-02-06;;
Mossoró;19595,0;CENTRO MOSSORÓ;133669,91;2093;223,0;2025-02-07;;
Mossoró;19595,0;CENTRO MOSSORÓ;138956,58;2054;192,0;2025-02-08;;
Mossoró;19595,0;CENTRO MOSSORÓ;178637,72;2734;233,0;2025-02-10;;
Mossoró;19595,0;CENTRO MOSSORÓ;168295,16;2645;199,0;2025-02-11;;
Mossoró;19595,0;CENTRO MOSSORÓ;124009,53;2025;207,0;2025-02-12;;
Mossoró;19595,0;CENTRO MOSSORÓ;325431,19;5629;176,0;2025-02-13;;
Mossoró;19595,0;CENTRO MOSSORÓ;123042,84;1943;181,0;2025-02-14;;
Mossoró;19595,0;CENTRO MOSSORÓ;58468,06;953;88,0;2025-02-15;;
Mossoró;19595,0;CENTRO MOSSORÓ;74109,07;1324;134,0;2025-02-17;;
Mossoró;19595,0;CENTRO MOSSORÓ;101894,31;1636;148,0;2025-02-18;;
Mossoró;19595,0;CENTRO MOSSORÓ;88017,46;1991;140,0;2025-02-19;;
Mossoró;19595,0;CENTRO MOSSORÓ;68796,42;1504;99,0;2025-02-20;;
Mossoró;19595,0;CENTRO MOSSORÓ;91188,55;1708;168,0;2025-02-21;;
Mossoró;19595,0;CENTRO MOSSORÓ;77555,61;1384;127,0;2025-02-22;;
Mossoró;19595,0;CENTRO MOSSORÓ;101780,35;1722;142,0;2025-02-24;;
Mossoró;19595,0;CENTRO MOSSORÓ;102252,43;1987;137,0;2025-02-25;;
Mossoró;19595,0;CENTRO MOSSORÓ;139921,82;2455;199,0;2025-02-26;;
Mossoró;19595,0;CENTRO MOSSORÓ;117186,54;1906;207,0;2025-02-27;;
Mossoró;19595,0;CENTRO MOSSORÓ;121389,72;2197;201,0;2025-02-28;;
Mossoró;19595,0;CENTRO MOSSORÓ;33027,73;651;76,0;2025-03-01;;
Mossoró;19595,0;CENTRO MOSSORÓ;85439,6;1718;127,0;2025-03-05;;
Mossoró;19595,0;CENTRO MOSSORÓ;118754,74;2748;151,0;2025-03-06;;
Mossoró;19595,0;CENTRO MOSSORÓ;110222,71;2639;191,0;2025-03-07;;
Mossoró;19595,0;CENTRO MOSSORÓ;105740,84;2233;154,0;2025-03-08;;
Mossoró;19595,0;CENTRO MOSSORÓ;902853,32;9937;229,0;2025-03-10;;
Mossoró;19595,0;CENTRO MOSSORÓ;198655,62;3422;222,0;2025-03-11;;
Mossoró;19595,0;CENTRO MOSSORÓ;314657,37;4284;257,0;2025-03-12;;
Mossoró;19595,0;CENTRO MOSSORÓ;141858,76;2428;193,0;2025-03-13;;
Mossoró;19595,0;CENTRO MOSSORÓ;298513,3;3716;233,0;2025-03-14;;
Mossoró;19595,0;CENTRO MOSSORÓ;126015,66;1832;148,0;2025-03-15;;
Mossoró;19595,0;CENTRO MOSSORÓ;117562,82;1797;176,0;2025-03-17;;
Mossoró;19595,0;CENTRO MOSSORÓ;195394,35;2939;194,0;2025-03-18;;
Mossoró;19595,0;CENTRO MOSSORÓ;127721,0;1854;184,0;2025-03-19;;
Mossoró;19595,0;CENTRO MOSSORÓ;143101,28;2333;198,0;2025-03-20;;
Mossoró;19595,0;CENTRO MOSSORÓ;117871,62;2022;174,0;2025-03-21;;
Mossoró;19595,0;CENTRO MOSSORÓ;88548,93;1321;106,0;2025-03-22;;
Mossoró;19595,0;CENTRO MOSSORÓ;198675,66;3406;185,0;2025-03-24;;
Mossoró;19595,0;CENTRO MOSSORÓ;165687,79;2983;222,0;2025-03-25;;
Mossoró;19595,0;CENTRO MOSSORÓ;100646,59;1826;149,0;2025-03-26;;
Mossoró;19595,0;CENTRO MOSSORÓ;123985,51;2279;183,0;2025-03-27;;
Mossoró;19595,0;CENTRO MOSSORÓ;108881,13;1698;133,0;2025-03-28;;
Mossoró;19595,0;CENTRO MOSSORÓ;68809,88;1120;109,0;2025-03-29;;
Mossoró;19595,0;CENTRO MOSSORÓ;155321,36;2458;206,0;2025-03-31;;
Mossoró;19595,0;CENTRO MOSSORÓ;76041,33;1202;158,0;2025-04-01;;
Mossoró;19595,0;CENTRO MOSSORÓ;90107,14;1533;138,0;2025-04-02;;
Mossoró;19595,0;CENTRO MOSSORÓ;71790,82;1432;120,0;2025-04-03;;
Mossoró;19595,0;CENTRO MOSSORÓ;155183,22;2639;239,0;2025-04-04;;
Mossoró;19595,0;CENTRO MOSSORÓ;95856,17;1383;137,0;2025-04-05;;
Mossoró;19595,0;CENTRO MOSSORÓ;107525,2;1626;181,0;2025-04-07;;
Mossoró;19595,0;CENTRO MOSSORÓ;125899,24;2005;164,0;2025-04-08;;
Mossoró;19595,0;CENTRO MOSSORÓ;149611,5;2066;180,0;2025-04-09;;
Mossoró;19595,0;CENTRO MOSSORÓ;124990,73;2162;183,0;2025-04-10;;
Mossoró;19595,0;CENTRO MOSSORÓ;132940,58;1950;222,0;2025-04-11;;
Mossoró;19595,0;CENTRO MOSSORÓ;114069,84;1728;168,0;2025-04-12;;
Mossoró;19595,0;CENTRO MOSSORÓ;153627,73;3032;229,0;2025-04-14;;
Mossoró;19595,0;CENTRO MOSSORÓ;135972,43;2655;185,0;2025-04-15;;
Mossoró;19595,0;CENTRO MOSSORÓ;126838,42;2199;168,0;2025-04-16;;
Mossoró;19595,0;CENTRO MOSSORÓ;145597,45;2451;192,0;2025-04-17;;
Mossoró;19595,0;CENTRO MOSSORÓ;82072,64;1379;81,0;2025-04-18;;
Mossoró;19595,0;CENTRO MOSSORÓ;74132,5;1185;102,0;2025-04-19;;
Mossoró;19595,0;CENTRO MOSSORÓ;33381,7;524;54,0;2025-04-21;;
Mossoró;19595,0;CENTRO MOSSORÓ;139936,43;2253;140,0;2025-04-22;;
Mossoró;19595,0;CENTRO MOSSORÓ;165479,9;3016;197,0;2025-04-23;;
Mossoró;19595,0;CENTRO MOSSORÓ;121189,1;2109;153,0;2025-04-24;;
Mossoró;19595,0;CENTRO MOSSORÓ;135370,61;2608;176,0;2025-04-25;;
Mossoró;19595,0;CENTRO MOSSORÓ;82462,03;1551;112,0;2025-04-26;;
Mossoró;19595,0;CENTRO MOSSORÓ;81535,79;1667;152,0;2025-04-28;;
Mossoró;19595,0;CENTRO MOSSORÓ;121850,96;2128;198,0;2025-04-29;;
Mossoró;19595,0;CENTRO MOSSORÓ;131789,52;2177;229,0;2025-04-30;;
Mossoró;19595,0;CENTRO MOSSORÓ;132656,17;2075;216,0;2025-05-02;;
Mossoró;19595,0;CENTRO MOSSORÓ;95204,12;1575;141,0;2025-05-03;;
Mossoró;19595,0;CENTRO MOSSORÓ;233293,09;3036;225,0;2025-05-05;;
Mossoró;19595,0;CENTRO MOSSORÓ;175150,53;2705;211,0;2025-05-06;;
Mossoró;19595,0;CENTRO MOSSORÓ;153761,29;2286;229,0;2025-05-07;;
Mossoró;19595,0;CENTRO MOSSORÓ;180021,04;2528;250,0;2025-05-08;;
Mossoró;19595,0;CENTRO MOSSORÓ;242560,24;3925;256,0;2025-05-09;;
Mossoró;19595,0;CENTRO MOSSORÓ;177112,12;2892;267,0;2025-05-10;;
Mossoró;19595,0;CENTRO MOSSORÓ;161714,76;2796;192,0;2025-05-12;;
Mossoró;19595,0;CENTRO MOSSORÓ;184020,35;2726;182,0;2025-05-13;;
Mossoró;19595,0;CENTRO MOSSORÓ;162216,07;3414;180,0;2025-05-14;;
Mossoró;19595,0;CENTRO MOSSORÓ;160525,11;3179;185,0;2025-05-15;;
Mossoró;19595,0;CENTRO MOSSORÓ;190702,76;3894;204,0;2025-05-16;;
Mossoró;19595,0;CENTRO MOSSORÓ;118810,91;2155;145,0;2025-05-17;;
Mossoró;19595,0;CENTRO MOSSORÓ;419025,72;7210;315,0;2025-05-19;;
Mossoró;19595,0;CENTRO MOSSORÓ;126313,91;2332;177,0;2025-05-20;;
Mossoró;19595,0;CENTRO MOSSORÓ;218425,98;3271;220,0;2025-05-21;;
Mossoró;19595,0;CENTRO MOSSORÓ;263386,76;4633;324,0;2025-05-22;;
Mossoró;19595,0;CENTRO MOSSORÓ;205157,1;3756;248,0;2025-05-23;;
Mossoró;19595,0;CENTRO MOSSORÓ;167632,94;3107;194,0;2025-05-24;;
Mossoró;19595,0;CENTRO MOSSORÓ;985,24;13;2,0;2025-05-25;;
Mossoró;19595,0;CENTRO MOSSORÓ;129262,46;2443;192,0;2025-05-26;;
Mossoró;19595,0;CENTRO MOSSORÓ;138941,25;2472;233,0;2025-05-27;;
Mossoró;19595,0;CENTRO MOSSORÓ;140053,04;2497;233,0;2025-05-28;;
Mossoró;19595,0;CENTRO MOSSORÓ;151158,97;2691;200,0;2025-05-29;;
Mossoró;19595,0;CENTRO MOSSORÓ;159373,11;3008;193,0;2025-05-30;;
Mossoró;19595,0;CENTRO MOSSORÓ;120557,88;2184;129,0;2025-05-31;;
Mossoró;19595,0;CENTRO MOSSORÓ;91036,74;1753;162,0;2025-06-02;;
Mossoró;19595,0;CENTRO MOSSORÓ;89025,04;1522;151,0;2025-06-03;;
Mossoró;19595,0;CENTRO MOSSORÓ;98626,2;2181;191,0;2025-06-04;;
Mossoró;19595,0;CENTRO MOSSORÓ;157229,82;2993;224,0;2025-06-05;;
Mossoró;19595,0;CENTRO MOSSORÓ;119542,06;2140;212,0;2025-06-06;;
Mossoró;19595,0;CENTRO MOSSORÓ;67026,53;1038;123,0;2025-06-07;;
Mossoró;19595,0;CENTRO MOSSORÓ;93009,61;1564;157,0;2025-06-09;;
Mossoró;19595,0;CENTRO MOSSORÓ;119422,78;2345;209,0;2025-06-10;;
Mossoró;19595,0;CENTRO MOSSORÓ;150000,12;2268;240,0;2025-06-11;;
Mossoró;19595,0;CENTRO MOSSORÓ;126296,26;1855;252,0;2025-06-12;;
Mossoró;19595,0;CENTRO MOSSORÓ;408200,55;7448;266,0;2025-06-13;;
Mossoró;19595,0;CENTRO MOSSORÓ;134025,22;2313;150,0;2025-06-14;;
Mossoró;19595,0;CENTRO MOSSORÓ;22680,83;365;44,0;2025-06-15;;
Mossoró;19595,0;CENTRO MOSSORÓ;248952,21;3865;222,0;2025-06-16;;
Mossoró;19595,0;CENTRO MOSSORÓ;346401,68;4720;209,0;2025-06-17;;
Mossoró;19595,0;CENTRO MOSSORÓ;153850,82;2448;196,0;2025-06-18;;
Mossoró;19595,0;CENTRO MOSSORÓ;60073,29;941;81,0;2025-06-19;;
Mossoró;19595,0;CENTRO MOSSORÓ;252973,06;3295;238,0;2025-06-20;;
Mossoró;19595,0;CENTRO MOSSORÓ;82316,11;1276;141,0;2025-06-21;;
Mossoró;19595,0;CENTRO MOSSORÓ;266198,36;3141;245,0;2025-06-23;;
Mossoró;19595,0;CENTRO MOSSORÓ;222077,43;2780;182,0;2025-06-24;;
Mossoró;19595,0;CENTRO MOSSORÓ;178271,81;2893;199,0;2025-06-25;;
Mossoró;19595,0;CENTRO MOSSORÓ;224164,07;5611;200,0;2025-06-26;;
Mossoró;19595,0;CENTRO MOSSORÓ;186692,39;2636;211,0;2025-06-27;;
Mossoró;19595,0;CENTRO MOSSORÓ;214532,05;3488;195,0;2025-06-28;;
Mossoró;19595,0;CENTRO MOSSORÓ;340332,77;5872;267,0;2025-06-30;;
Mossoró;19595,0;CENTRO MOSSORÓ;168790,3;2815;228,0;2025-07-01;;
Mossoró;19595,0;CENTRO MOSSORÓ;156310,13;2873;209,0;2025-07-02;;
Mossoró;19595,0;CENTRO MOSSORÓ;188268,89;3263;239,0;2025-07-03;;
Mossoró;19595,0;CENTRO MOSSORÓ;198961,8;3229;227,0;2025-07-04;;
Mossoró;19595,0;CENTRO MOSSORÓ;75911,67;1290;100,0;2025-07-05;;
Mossoró;19595,0;CENTRO MOSSORÓ;111984,02;1954;181,0;2025-07-07;;
Mossoró;19595,0;CENTRO MOSSORÓ;149070,3;2418;203,0;2025-07-08;;
Mossoró;19595,0;CENTRO MOSSORÓ;120436,1;1977;155,0;2025-07-09;;
Mossoró;19595,0;CENTRO MOSSORÓ;164290,15;2878;194,0;2025-07-10;;
Mossoró;19595,0;CENTRO MOSSORÓ;120821,91;1903;188,0;2025-07-11;;
Mossoró;19595,0;CENTRO MOSSORÓ;61577,36;1026;108,0;2025-07-12;;
Mossoró;19595,0;CENTRO MOSSORÓ;88388,05;1482;163,0;2025-07-14;;
Mossoró;19595,0;CENTRO MOSSORÓ;140156,76;2547;168,0;2025-07-15;;
Mossoró;19595,0;CENTRO MOSSORÓ;92273,99;2087;139,0;2025-07-16;;
Mossoró;19595,0;CENTRO MOSSORÓ;139074,46;2412;169,0;2025-07-17;;
Mossoró;19595,0;CENTRO MOSSORÓ;184600,75;3285;191,0;2025-07-18;;
Mossoró;19595,0;CENTRO MOSSORÓ;123820,91;1996;140,0;2025-07-19;;
Mossoró;19595,0;CENTRO MOSSORÓ;205846,11;4102;217,0;2025-07-21;;
Mossoró;19595,0;CENTRO MOSSORÓ;189095,61;4032;205,0;2025-07-22;;
Mossoró;19595,0;CENTRO MOSSORÓ;204939,67;4374;200,0;2025-07-23;;
Mossoró;19595,0;CENTRO MOSSORÓ;112433,62;3187;156,0;2025-07-24;;
Mossoró;19595,0;CENTRO MOSSORÓ;151493,7;3266;124,0;2025-07-25;;
Mossoró;19595,0;CENTRO MOSSORÓ;76788,38;1447;113,0;2025-07-26;;
Mossoró;19595,0;CENTRO MOSSORÓ;263664,78;3791;138,0;2025-07-28;;
Mossoró;19595,0;CENTRO MOSSORÓ;165860,6;2964;169,0;2025-07-29;;
Mossoró;19595,0;CENTRO MOSSORÓ;59665,78;1132;86,0;2025-07-30;;
Mossoró;19595,0;CENTRO MOSSORÓ;75527,13;1389;118,0;2025-07-31;;
Mossoró;19595,0;CENTRO MOSSORÓ;148644,47;2647;192,0;2025-08-01;;
Mossoró;19595,0;CENTRO MOSSORÓ;75098,26;1445;119,0;2025-08-02;;
Mossoró;19595,0;CENTRO MOSSORÓ;89744,44;1561;150,0;2025-08-04;;
Mossoró;19595,0;CENTRO MOSSORÓ;131702,08;2423;199,0;2025-08-05;;
Mossoró;19595,0;CENTRO MOSSORÓ;197814,49;3797;223,0;2025-08-06;;
Mossoró;19595,0;CENTRO MOSSORÓ;160010,79;3300;200,0;2025-08-07;;
Mossoró;19595,0;CENTRO MOSSORÓ;127604,13;2209;220,0;2025-08-08;;
Mossoró;19595,0;CENTRO MOSSORÓ;132690,52;2226;206,0;2025-08-09;;
Mossoró;19595,0;CENTRO MOSSORÓ;222455,75;5533;216,0;2025-08-11;;
Mossoró;19595,0;CENTRO MOSSORÓ;142257,87;3080;199,0;2025-08-12;;
Mossoró;19595,0;CENTRO MOSSORÓ;187579,5;4744;142,0;2025-08-13;;
Mossoró;19595,0;CENTRO MOSSORÓ;109729,34;2362;158,0;2025-08-14;;
Mossoró;19595,0;CENTRO MOSSORÓ;125590,84;2479;139,0;2025-08-15;;
Mossoró;19595,0;CENTRO MOSSORÓ;82999,28;1694;130,0;2025-08-16;;
Mossoró;19595,0;CENTRO MOSSORÓ;76208,19;1500;144,0;2025-08-18;;
Mossoró;19595,0;CENTRO MOSSORÓ;115805,57;2244;175,0;2025-08-19;;
Mossoró;19595,0;CENTRO MOSSORÓ;101197,88;2191;170,0;2025-08-20;;
Mossoró;19595,0;CENTRO MOSSORÓ;97575,01;1994;179,0;2025-08-21;;
Mossoró;19595,0;CENTRO MOSSORÓ;88740,12;1750;166,0;2025-08-22;;
Mossoró;19595,0;CENTRO MOSSORÓ;90799,9;1726;148,0;2025-08-23;;
Mossoró;19595,0;CENTRO MOSSORÓ;68822,47;1548;151,0;2025-08-25;;
Mossoró;19595,0;CENTRO MOSSORÓ;94834,3;1899;178,0;2025-08-26;;
Mossoró;19595,0;CENTRO MOSSORÓ;183169,33;3604;200,0;2025-08-27;;
Mossoró;19595,0;CENTRO MOSSORÓ;136000,48;2459;141,0;2025-08-28;;
Mossoró;19595,0;CENTRO MOSSORÓ;87152,89;1715;133,0;2025-08-29;;
Mossoró;19595,0;CENTRO MOSSORÓ;65942,15;1308;120,0;2025-08-30;;
Mossoró;19595,0;CENTRO MOSSORÓ;205897,14;4333;197,0;2025-09-01;;
Mossoró;19595,0;CENTRO MOSSORÓ;125831,75;2688;167,0;2025-09-02;;
Mossoró;19595,0;CENTRO MOSSORÓ;133559,54;2863;135,0;2025-09-03;;
Mossoró;19595,0;CENTRO MOSSORÓ;131787,26;2394;158,0;2025-09-04;;
Mossoró;19595,0;CENTRO MOSSORÓ;248986,74;3829;242,0;2025-09-05;;
Mossoró;19595,0;CENTRO MOSSORÓ;123134,17;2139;155,0;2025-09-06;;
Mossoró;19595,0;CENTRO MOSSORÓ;149152,5;2548;177,0;2025-09-08;;
Mossoró;19595,0;CENTRO MOSSORÓ;172359,9;2887;247,0;2025-09-09;;
Mossoró;19595,0;CENTRO MOSSORÓ;100466,5;1625;155,0;2025-09-10;;
Mossoró;19595,0;CENTRO MOSSORÓ;136404,0;2260;211,0;2025-09-11;;
Mossoró;19595,0;CENTRO MOSSORÓ;97726,28;1543;164,0;2025-09-12;;
Mossoró;19595,0;CENTRO MOSSORÓ;92653,37;1534;171,0;2025-09-13;;
Mossoró;19595,0;CENTRO MOSSORÓ;124311,05;2064;196,0;2025-09-15;;
Mossoró;19595,0;CENTRO MOSSORÓ;103608,14;1880;177,0;2025-09-16;;
Mossoró;19595,0;CENTRO MOSSORÓ;121705,06;2572;170,0;2025-09-17;;
Mossoró;19595,0;CENTRO MOSSORÓ;122692,95;2165;159,0;2025-09-18;;
Mossoró;19595,0;CENTRO MOSSORÓ;136579,68;2882;177,0;2025-09-19;;
Mossoró;19595,0;CENTRO MOSSORÓ;131537,63;2044;130,0;2025-09-20;;
Mossoró;19595,0;CENTRO MOSSORÓ;1020281,06;12956;213,0;2025-09-22;;
Mossoró;19595,0;CENTRO MOSSORÓ;189234,63;3786;171,0;2025-09-23;;
Mossoró;19595,0;CENTRO MOSSORÓ;89507,06;1906;136,0;2025-09-24;;
Mossoró;19595,0;CENTRO MOSSORÓ;101508,36;2448;139,0;2025-09-25;;
Mossoró;19595,0;CENTRO MOSSORÓ;184447,87;4230;220,0;2025-09-26;;
Mossoró;19595,0;CENTRO MOSSORÓ;80173,38;1807;102,0;2025-09-27;;
Mossoró;19595,0;CENTRO MOSSORÓ;243747,57;5694;202,0;2025-09-29;;
Mossoró;19595,0;CENTRO MOSSORÓ;327632,2;4593;166,0;2025-09-30;;
Mossoró;19595,0;CENTRO MOSSORÓ;96573,04;2040;143,0;2025-10-01;;
Mossoró;19595,0;CENTRO MOSSORÓ;88909,39;2207;153,0;2025-10-02;;
Mossoró;19595,0;CENTRO MOSSORÓ;58061,3;1026;58,0;2025-10-03;;
Mossoró;19595,0;CENTRO MOSSORÓ;113767,32;2001;105,0;2025-10-04;;
Mossoró;19595,0;CENTRO MOSSORÓ;196396,93;2574;180,0;2025-10-06;;
Mossoró;19595,0;CENTRO MOSSORÓ;132361,99;2112;141,0;2025-10-07;;
Mossoró;19595,0;CENTRO MOSSORÓ;191125,17;3831;208,0;2025-10-08;;
Mossoró;19595,0;CENTRO MOSSORÓ;128408,22;2373;187,0;2025-10-09;;
Mossoró;19595,0;CENTRO MOSSORÓ;137404,08;2536;187,0;2025-10-10;;
Mossoró;19595,0;CENTRO MOSSORÓ;171688,83;2843;144,0;2025-10-11;;
Mossoró;19595,0;CENTRO MOSSORÓ;179285,07;3942;211,0;2025-10-13;;
Mossoró;19595,0;CENTRO MOSSORÓ;176592,09;3274;207,0;2025-10-14;;
Mossoró;19595,0;CENTRO MOSSORÓ;134731,71;2555;169,0;2025-10-15;;
Mossoró;19595,0;CENTRO MOSSORÓ;94953,44;1680;137,0;2025-10-16;;
Mossoró;19595,0;CENTRO MOSSORÓ;114561,29;1848;137,0;2025-10-17;;
Mossoró;19595,0;CENTRO MOSSORÓ;65631,69;994;87,0;2025-10-18;;
Mossoró;19595,0;CENTRO MOSSORÓ;61806,02;979;118,0;2025-10-20;;
Mossoró;19595,0;CENTRO MOSSORÓ;94794,27;1494;111,0;2025-10-21;;
Mossoró;19595,0;CENTRO MOSSORÓ;147200,11;2264;172,0;2025-10-22;;
Mossoró;19595,0;CENTRO MOSSORÓ;80694,98;1512;145,0;2025-10-23;;
Mossoró;19595,0;CENTRO MOSSORÓ;78567,93;1297;151,0;2025-10-24;;
Mossoró;19595,0;CENTRO MOSSORÓ;62959,4;1237;77,0;2025-10-25;;
Mossoró;19595,0;CENTRO MOSSORÓ;118139,75;1964;157,0;2025-10-27;;
Mossoró;19595,0;CENTRO MOSSORÓ;122533,92;2148;157,0;2025-10-28;;
Mossoró;19595,0;CENTRO MOSSORÓ;89179,72;2090;98,0;2025-10-29;;
Mossoró;19595,0;CENTRO MOSSORÓ;151947,63;3425;205,0;2025-10-30;;
Mossoró;19595,0;CENTRO MOSSORÓ;190072,88;4013;258,0;2025-10-31;;
Mossoró;19595,0;CENTRO MOSSORÓ;89369,82;1560;112,0;2025-11-01;;
Mossoró;19595,0;CENTRO MOSSORÓ;214990,94;5471;238,0;2025-11-03;;
Mossoró;19595,0;CENTRO MOSSORÓ;246875,83;5173;283,0;2025-11-04;;
Mossoró;19595,0;CENTRO MOSSORÓ;106437,85;2686;142,0;2025-11-05;;
Mossoró;19595,0;CENTRO MOSSORÓ;136608,11;3020;172,0;2025-11-06;;
Mossoró;19595,0;CENTRO MOSSORÓ;165001,21;5401;216,0;2025-11-07;;
Mossoró;19595,0;CENTRO MOSSORÓ;85567,69;3610;109,0;2025-11-08;;
Mossoró;19595,0;CENTRO MOSSORÓ;163864,94;4148;188,0;2025-11-10;;
Mossoró;19595,0;CENTRO MOSSORÓ;186111,65;4084;228,0;2025-11-11;;
Mossoró;19595,0;CENTRO MOSSORÓ;130405,66;3025;229,0;2025-11-12;;
Mossoró;19595,0;CENTRO MOSSORÓ;156077,53;3463;229,0;2025-11-13;;
Mossoró;19595,0;CENTRO MOSSORÓ;152911,65;3803;219,0;2025-11-14;;
Mossoró;19595,0;CENTRO MOSSORÓ;82884,55;1811;94,0;2025-11-15;;
Mossoró;19595,0;CENTRO MOSSORÓ;119959,59;3057;201,0;2025-11-17;;
Mossoró;19595,0;CENTRO MOSSORÓ;150463,43;4517;206,0;2025-11-18;;
Mossoró;19595,0;CENTRO MOSSORÓ;127126,92;2205;234,0;2025-11-19;;
Mossoró;19595,0;CENTRO MOSSORÓ;112928,09;1972;94,0;2025-11-20;;
Mossoró;19595,0;CENTRO MOSSORÓ;156763,46;2719;209,0;2025-11-21;;
Mossoró;19595,0;CENTRO MOSSORÓ;71657,89;1221;130,0;2025-11-22;;
Mossoró;19595,0;CENTRO MOSSORÓ;100100,94;1926;137,0;2025-11-24;;
Mossoró;19595,0;CENTRO MOSSORÓ;88549,99;1564;122,0;2025-11-25;;
Mossoró;19595,0;CENTRO MOSSORÓ;80814,06;2170;118,0;2025-11-26;;
Mossoró;19595,0;CENTRO MOSSORÓ;489644,29;9646;318,0;2025-11-27;;
Mossoró;19595,0;CENTRO MOSSORÓ;182014,3;3547;235,0;2025-11-28;;
Mossoró;19595,0;CENTRO MOSSORÓ;104174,17;1841;150,0;2025-11-29;;
Mossoró;19595,0;CENTRO MOSSORÓ;22425,6;320;4,0;2025-11-30;;
Mossoró;19595,0;CENTRO MOSSORÓ;103834,34;2239;171,0;2025-12-01;;
Mossoró;19595,0;CENTRO MOSSORÓ;84205,31;1752;136,0;2025-12-02;;
Mossoró;19595,0;CENTRO MOSSORÓ;88344,92;1924;120,0;2025-12-03;;
Mossoró;19595,0;CENTRO MOSSORÓ;109265,97;2484;141,0;2025-12-04;;
Mossoró;19595,0;CENTRO MOSSORÓ;78119,71;2425;123,0;2025-12-05;;
Mossoró;19595,0;CENTRO MOSSORÓ;72362,83;1503;83,0;2025-12-06;;
Mossoró;19595,0;CENTRO MOSSORÓ;8766,61;229;14,0;2025-12-07;;
Mossoró;19595,0;CENTRO MOSSORÓ;133102,95;2676;134,0;2025-12-08;;
Mossoró;19595,0;CENTRO MOSSORÓ;98584,87;2507;109,0;2025-12-09;;
Mossoró;19595,0;CENTRO MOSSORÓ;54843,65;1306;95,0;2025-12-10;;
Mossoró;19595,0;CENTRO MOSSORÓ;84574,66;1863;130,0;2025-12-11;;
Mossoró;19595,0;CENTRO MOSSORÓ;96974,26;2012;129,0;2025-12-12;;
Mossoró;19595,0;CENTRO MOSSORÓ;53017,93;1131;88,0;2025-12-13;;
Mossoró;19595,0;CENTRO MOSSORÓ;10797,48;281;27,0;2025-12-14;;
Mossoró;19595,0;CENTRO MOSSORÓ;94416,24;1899;180,0;2025-12-15;;
Mossoró;19595,0;CENTRO MOSSORÓ;84998,95;1549;133,0;2025-12-16;;
Mossoró;19595,0;CENTRO MOSSORÓ;120222,43;2812;165,0;2025-12-17;;
Mossoró;19595,0;CENTRO MOSSORÓ;79374,45;1841;121,0;2025-12-18;;
Mossoró;19595,0;CENTRO MOSSORÓ;69446,78;1820;142,0;2025-12-19;;
Mossoró;19595,0;CENTRO MOSSORÓ;60365,94;1686;110,0;2025-12-20;;
Mossoró;19595,0;CENTRO MOSSORÓ;10356,92;255;21,0;2025-12-21;;
Mossoró;19595,0;CENTRO MOSSORÓ;121759,45;2388;161,0;2025-12-22;;
Mossoró;19595,0;CENTRO MOSSORÓ;106825,63;2442;159,0;2025-12-23;;
Mossoró;19595,0;CENTRO MOSSORÓ;65836,54;1533;123,0;2025-12-24;;
Mossoró;19595,0;CENTRO MOSSORÓ;190450,33;4087;144,0;2025-12-26;;
Mossoró;19595,0;CENTRO MOSSORÓ;76213,93;1760;105,0;2025-12-27;;
Mossoró;19595,0;CENTRO MOSSORÓ;85831,09;2017;133,0;2025-12-29;;
Mossoró;19595,0;CENTRO MOSSORÓ;126459,32;2613;127,0;2025-12-30;;
Mossoró;19595,0;CENTRO MOSSORÓ;18682,77;464;36,0;2025-12-31;;
São Luís;21422,0;CIDADE OPERARIA;12751,65;252;27,0;2025-01-02;;
São Luís;21422,0;CIDADE OPERARIA;20695,73;418;51,0;2025-01-03;;
São Luís;21422,0;CIDADE OPERARIA;26134,37;517;53,0;2025-01-04;;
São Luís;21422,0;CIDADE OPERARIA;24025,63;441;52,0;2025-01-06;;
São Luís;21422,0;CIDADE OPERARIA;33204,1;623;62,0;2025-01-07;;
São Luís;21422,0;CIDADE OPERARIA;30894,7;631;66,0;2025-01-08;;
São Luís;21422,0;CIDADE OPERARIA;30054,01;611;69,0;2025-01-09;;
São Luís;21422,0;CIDADE OPERARIA;40164,61;787;100,0;2025-01-10;;
São Luís;21422,0;CIDADE OPERARIA;31311,71;541;70,0;2025-01-11;;
São Luís;21422,0;CIDADE OPERARIA;24612,94;405;60,0;2025-01-13;;
São Luís;21422,0;CIDADE OPERARIA;16234,92;306;38,0;2025-01-14;;
São Luís;21422,0;CIDADE OPERARIA;22938,5;408;46,0;2025-01-15;;
São Luís;21422,0;CIDADE OPERARIA;76116,58;1109;104,0;2025-01-16;;
São Luís;21422,0;CIDADE OPERARIA;26669,8;391;42,0;2025-01-17;;
São Luís;21422,0;CIDADE OPERARIA;36597,29;583;63,0;2025-01-18;;
São Luís;21422,0;CIDADE OPERARIA;23574,1;352;39,0;2025-01-19;;
São Luís;21422,0;CIDADE OPERARIA;49569,58;812;91,0;2025-01-20;;
São Luís;21422,0;CIDADE OPERARIA;58052,6;1019;114,0;2025-01-21;;
São Luís;21422,0;CIDADE OPERARIA;29215,18;492;56,0;2025-01-22;;
São Luís;21422,0;CIDADE OPERARIA;38676,04;638;66,0;2025-01-23;;
São Luís;21422,0;CIDADE OPERARIA;37867,69;618;59,0;2025-01-24;;
São Luís;21422,0;CIDADE OPERARIA;35572,43;584;56,0;2025-01-25;;
São Luís;21422,0;CIDADE OPERARIA;7984,59;155;15,0;2025-01-26;;
São Luís;21422,0;CIDADE OPERARIA;41222,86;757;65,0;2025-01-27;;
São Luís;21422,0;CIDADE OPERARIA;33075,99;653;72,0;2025-01-28;;
São Luís;21422,0;CIDADE OPERARIA;43684,74;807;74,0;2025-01-29;;
São Luís;21422,0;CIDADE OPERARIA;47658,3;887;74,0;2025-01-30;;
São Luís;21422,0;CIDADE OPERARIA;26444,48;477;51,0;2025-01-31;;
São Luís;21422,0;CIDADE OPERARIA;30991,01;607;61,0;2025-02-01;;
São Luís;21422,0;CIDADE OPERARIA;41051,25;656;66,0;2025-02-03;;
São Luís;21422,0;CIDADE OPERARIA;22552,93;391;54,0;2025-02-04;;
São Luís;21422,0;CIDADE OPERARIA;31426,52;542;67,0;2025-02-05;;
São Luís;21422,0;CIDADE OPERARIA;44834,56;745;86,0;2025-02-06;;
São Luís;21422,0;CIDADE OPERARIA;44781,36;760;97,0;2025-02-07;;
São Luís;21422,0;CIDADE OPERARIA;43608,78;754;100,0;2025-02-08;;
São Luís;21422,0;CIDADE OPERARIA;67045,36;1073;120,0;2025-02-10;;
São Luís;21422,0;CIDADE OPERARIA;35768,65;621;79,0;2025-02-11;;
São Luís;21422,0;CIDADE OPERARIA;43621,58;726;84,0;2025-02-12;;
São Luís;21422,0;CIDADE OPERARIA;31407,32;616;84,0;2025-02-13;;
São Luís;21422,0;CIDADE OPERARIA;34114,66;624;59,0;2025-02-14;;
São Luís;21422,0;CIDADE OPERARIA;38978,15;700;59,0;2025-02-15;;
São Luís;21422,0;CIDADE OPERARIA;5741,03;105;11,0;2025-02-16;;
São Luís;21422,0;CIDADE OPERARIA;21963,29;413;41,0;2025-02-17;;
São Luís;21422,0;CIDADE OPERARIA;26995,96;520;47,0;2025-02-18;;
São Luís;21422,0;CIDADE OPERARIA;20982,24;507;57,0;2025-02-19;;
São Luís;21422,0;CIDADE OPERARIA;22897,82;500;55,0;2025-02-20;;
São Luís;21422,0;CIDADE OPERARIA;36420,91;788;72,0;2025-02-21;;
São Luís;21422,0;CIDADE OPERARIA;40580,22;808;78,0;2025-02-22;;
São Luís;21422,0;CIDADE OPERARIA;6883,32;127;12,0;2025-02-23;;
São Luís;21422,0;CIDADE OPERARIA;13947,83;291;35,0;2025-02-24;;
São Luís;21422,0;CIDADE OPERARIA;25294,2;499;54,0;2025-02-25;;
São Luís;21422,0;CIDADE OPERARIA;33435,06;606;81,0;2025-02-26;;
São Luís;21422,0;CIDADE OPERARIA;25765,3;483;69,0;2025-02-27;;
São Luís;21422,0;CIDADE OPERARIA;38369,06;673;92,0;2025-02-28;;
São Luís;21422,0;CIDADE OPERARIA;40056,52;687;89,0;2025-03-01;;
São Luís;21422,0;CIDADE OPERARIA;27161,54;535;58,0;2025-03-05;;
São Luís;21422,0;CIDADE OPERARIA;41866,05;868;96,0;2025-03-06;;
São Luís;21422,0;CIDADE OPERARIA;41210,1;857;81,0;2025-03-07;;
São Luís;21422,0;CIDADE OPERARIA;63828,8;1300;115,0;2025-03-08;;
São Luís;21422,0;CIDADE OPERARIA;59364,78;1080;89,0;2025-03-10;;
São Luís;21422,0;CIDADE OPERARIA;36096,63;689;63,0;2025-03-11;;
São Luís;21422,0;CIDADE OPERARIA;69037,29;1051;82,0;2025-03-12;;
São Luís;21422,0;CIDADE OPERARIA;51835,32;1130;88,0;2025-03-13;;
São Luís;21422,0;CIDADE OPERARIA;107963,18;1607;107,0;2025-03-14;;
São Luís;21422,0;CIDADE OPERARIA;90150,0;1327;117,0;2025-03-15;;
São Luís;21422,0;CIDADE OPERARIA;27207,23;453;54,0;2025-03-17;;
São Luís;21422,0;CIDADE OPERARIA;34565,46;594;73,0;2025-03-18;;
São Luís;21422,0;CIDADE OPERARIA;50723,28;834;94,0;2025-03-19;;
São Luís;21422,0;CIDADE OPERARIA;36575,73;546;64,0;2025-03-20;;
São Luís;21422,0;CIDADE OPERARIA;43650,79;660;83,0;2025-03-21;;
São Luís;21422,0;CIDADE OPERARIA;62402,85;950;103,0;2025-03-22;;
São Luís;21422,0;CIDADE OPERARIA;8989,24;121;20,0;2025-03-23;;
São Luís;21422,0;CIDADE OPERARIA;44774,92;853;78,0;2025-03-24;;
São Luís;21422,0;CIDADE OPERARIA;49594,75;863;73,0;2025-03-25;;
São Luís;21422,0;CIDADE OPERARIA;24028,2;425;49,0;2025-03-26;;
São Luís;21422,0;CIDADE OPERARIA;38268,52;687;77,0;2025-03-27;;
São Luís;21422,0;CIDADE OPERARIA;31605,73;564;63,0;2025-03-28;;
São Luís;21422,0;CIDADE OPERARIA;49742,1;989;86,0;2025-03-29;;
São Luís;21422,0;CIDADE OPERARIA;9170,52;156;16,0;2025-03-30;;
São Luís;21422,0;CIDADE OPERARIA;34702,41;759;64,0;2025-03-31;;
São Luís;21422,0;CIDADE OPERARIA;27087,86;505;55,0;2025-04-01;;
São Luís;21422,0;CIDADE OPERARIA;33696,04;640;64,0;2025-04-02;;
São Luís;21422,0;CIDADE OPERARIA;36754,59;714;74,0;2025-04-03;;
São Luís;21422,0;CIDADE OPERARIA;31801,63;654;71,0;2025-04-04;;
São Luís;21422,0;CIDADE OPERARIA;46899,24;917;91,0;2025-04-05;;
São Luís;21422,0;CIDADE OPERARIA;32561,91;590;62,0;2025-04-07;;
São Luís;21422,0;CIDADE OPERARIA;32089,81;571;61,0;2025-04-08;;
São Luís;21422,0;CIDADE OPERARIA;44322,47;776;73,0;2025-04-09;;
São Luís;21422,0;CIDADE OPERARIA;40914,18;638;74,0;2025-04-10;;
São Luís;21422,0;CIDADE OPERARIA;47314,85;834;96,0;2025-04-11;;
São Luís;21422,0;CIDADE OPERARIA;41213,14;622;80,0;2025-04-12;;
São Luís;21422,0;CIDADE OPERARIA;24430,77;348;41,0;2025-04-13;;
São Luís;21422,0;CIDADE OPERARIA;62208,25;1151;102,0;2025-04-14;;
São Luís;21422,0;CIDADE OPERARIA;52082,2;887;106,0;2025-04-15;;
São Luís;21422,0;CIDADE OPERARIA;48332,72;854;82,0;2025-04-16;;
São Luís;21422,0;CIDADE OPERARIA;32987,52;587;78,0;2025-04-17;;
São Luís;21422,0;CIDADE OPERARIA;26727,9;473;59,0;2025-04-19;;
São Luís;21422,0;CIDADE OPERARIA;18603,69;272;19,0;2025-04-21;;
São Luís;21422,0;CIDADE OPERARIA;40800,36;747;74,0;2025-04-22;;
São Luís;21422,0;CIDADE OPERARIA;43317,28;817;70,0;2025-04-23;;
São Luís;21422,0;CIDADE OPERARIA;40980,5;866;83,0;2025-04-24;;
São Luís;21422,0;CIDADE OPERARIA;47716,58;919;81,0;2025-04-25;;
São Luís;21422,0;CIDADE OPERARIA;38061,95;687;72,0;2025-04-26;;
São Luís;21422,0;CIDADE OPERARIA;8894,2;124;17,0;2025-04-27;;
São Luís;21422,0;CIDADE OPERARIA;36615,91;592;58,0;2025-04-28;;
São Luís;21422,0;CIDADE OPERARIA;32520,17;542;64,0;2025-04-29;;
São Luís;21422,0;CIDADE OPERARIA;51306,94;784;80,0;2025-04-30;;
São Luís;21422,0;CIDADE OPERARIA;52374,56;895;87,0;2025-05-02;;
São Luís;21422,0;CIDADE OPERARIA;60890,69;1017;102,0;2025-05-03;;
São Luís;21422,0;CIDADE OPERARIA;81842,46;1310;106,0;2025-05-05;;
São Luís;21422,0;CIDADE OPERARIA;68424,93;1056;110,0;2025-05-06;;
São Luís;21422,0;CIDADE OPERARIA;65402,54;1024;117,0;2025-05-07;;
São Luís;21422,0;CIDADE OPERARIA;91256,51;1322;140,0;2025-05-08;;
São Luís;21422,0;CIDADE OPERARIA;103056,04;1662;167,0;2025-05-09;;
São Luís;21422,0;CIDADE OPERARIA;103188,7;1590;196,0;2025-05-10;;
São Luís;21422,0;CIDADE OPERARIA;16648,48;282;48,0;2025-05-11;;
São Luís;21422,0;CIDADE OPERARIA;50129,86;912;72,0;2025-05-12;;
São Luís;21422,0;CIDADE OPERARIA;39294,53;668;82,0;2025-05-13;;
São Luís;21422,0;CIDADE OPERARIA;50631,51;1046;85,0;2025-05-14;;
São Luís;21422,0;CIDADE OPERARIA;46495,32;835;84,0;2025-05-15;;
São Luís;21422,0;CIDADE OPERARIA;44721,45;769;71,0;2025-05-16;;
São Luís;21422,0;CIDADE OPERARIA;47869,19;976;87,0;2025-05-17;;
São Luís;21422,0;CIDADE OPERARIA;82734,82;1512;106,0;2025-05-19;;
São Luís;21422,0;CIDADE OPERARIA;53833,6;979;84,0;2025-05-20;;
São Luís;21422,0;CIDADE OPERARIA;58688,98;1009;97,0;2025-05-21;;
São Luís;21422,0;CIDADE OPERARIA;99742,6;1681;125,0;2025-05-22;;
São Luís;21422,0;CIDADE OPERARIA;68907,22;1210;115,0;2025-05-23;;
São Luís;21422,0;CIDADE OPERARIA;96594,22;1556;129,0;2025-05-24;;
São Luís;21422,0;CIDADE OPERARIA;18838,49;302;44,0;2025-05-25;;
São Luís;21422,0;CIDADE OPERARIA;45345,5;770;92,0;2025-05-26;;
São Luís;21422,0;CIDADE OPERARIA;41583,09;708;89,0;2025-05-27;;
São Luís;21422,0;CIDADE OPERARIA;34943,0;617;75,0;2025-05-28;;
São Luís;21422,0;CIDADE OPERARIA;32004,54;541;47,0;2025-05-29;;
São Luís;21422,0;CIDADE OPERARIA;41554,92;704;74,0;2025-05-30;;
São Luís;21422,0;CIDADE OPERARIA;42951,3;832;80,0;2025-05-31;;
São Luís;21422,0;CIDADE OPERARIA;22048,51;382;50,0;2025-06-02;;
São Luís;21422,0;CIDADE OPERARIA;30810,95;578;65,0;2025-06-03;;
São Luís;21422,0;CIDADE OPERARIA;32822,88;591;66,0;2025-06-04;;
São Luís;21422,0;CIDADE OPERARIA;35746,23;623;74,0;2025-06-05;;
São Luís;21422,0;CIDADE OPERARIA;41868,6;707;81,0;2025-06-06;;
São Luís;21422,0;CIDADE OPERARIA;57594,55;889;108,0;2025-06-07;;
São Luís;21422,0;CIDADE OPERARIA;8093,62;158;21,0;2025-06-08;;
São Luís;21422,0;CIDADE OPERARIA;40019,63;637;83,0;2025-06-09;;
São Luís;21422,0;CIDADE OPERARIA;67269,64;1028;121,0;2025-06-10;;
São Luís;21422,0;CIDADE OPERARIA;74576,09;1164;148,0;2025-06-11;;
São Luís;21422,0;CIDADE OPERARIA;73798,81;1094;165,0;2025-06-12;;
São Luís;21422,0;CIDADE OPERARIA;90403,07;1802;126,0;2025-06-13;;
São Luís;21422,0;CIDADE OPERARIA;55626,04;1018;105,0;2025-06-14;;
São Luís;21422,0;CIDADE OPERARIA;40517,25;525;83,0;2025-06-16;;
São Luís;21422,0;CIDADE OPERARIA;54809,47;801;94,0;2025-06-17;;
São Luís;21422,0;CIDADE OPERARIA;58678,64;749;90,0;2025-06-18;;
São Luís;21422,0;CIDADE OPERARIA;27937,57;381;43,0;2025-06-19;;
São Luís;21422,0;CIDADE OPERARIA;47116,76;624;87,0;2025-06-20;;
São Luís;21422,0;CIDADE OPERARIA;33829,38;460;59,0;2025-06-21;;
São Luís;21422,0;CIDADE OPERARIA;7588,07;97;14,0;2025-06-22;;
São Luís;21422,0;CIDADE OPERARIA;71482,83;839;76,0;2025-06-23;;
São Luís;21422,0;CIDADE OPERARIA;39737,15;728;85,0;2025-06-24;;
São Luís;21422,0;CIDADE OPERARIA;54516,56;1002;84,0;2025-06-25;;
São Luís;21422,0;CIDADE OPERARIA;33448,21;539;78,0;2025-06-26;;
São Luís;21422,0;CIDADE OPERARIA;53212,44;760;92,0;2025-06-27;;
São Luís;21422,0;CIDADE OPERARIA;76247,54;1104;117,0;2025-06-28;;
São Luís;21422,0;CIDADE OPERARIA;21629,44;332;35,0;2025-06-29;;
São Luís;21422,0;CIDADE OPERARIA;56540,72;1141;99,0;2025-06-30;;
São Luís;21422,0;CIDADE OPERARIA;78618,79;1355;122,0;2025-07-01;;
São Luís;21422,0;CIDADE OPERARIA;51256,51;1008;70,0;2025-07-02;;
São Luís;21422,0;CIDADE OPERARIA;40912,52;848;68,0;2025-07-03;;
São Luís;21422,0;CIDADE OPERARIA;52827,75;1112;100,0;2025-07-04;;
São Luís;21422,0;CIDADE OPERARIA;48000,14;938;92,0;2025-07-05;;
São Luís;21422,0;CIDADE OPERARIA;48460,34;1029;94,0;2025-07-07;;
São Luís;21422,0;CIDADE OPERARIA;32656,52;683;67,0;2025-07-08;;
São Luís;21422,0;CIDADE OPERARIA;45945,46;953;77,0;2025-07-09;;
São Luís;21422,0;CIDADE OPERARIA;51825,38;916;96,0;2025-07-10;;
São Luís;21422,0;CIDADE OPERARIA;35717,19;708;72,0;2025-07-11;;
São Luís;21422,0;CIDADE OPERARIA;50313,14;918;83,0;2025-07-12;;
São Luís;21422,0;CIDADE OPERARIA;38204,9;722;71,0;2025-07-14;;
São Luís;21422,0;CIDADE OPERARIA;33645,08;646;66,0;2025-07-15;;
São Luís;21422,0;CIDADE OPERARIA;57722,25;1126;94,0;2025-07-16;;
São Luís;21422,0;CIDADE OPERARIA;57849,15;972;93,0;2025-07-17;;
São Luís;21422,0;CIDADE OPERARIA;60222,9;943;99,0;2025-07-18;;
São Luís;21422,0;CIDADE OPERARIA;54887,99;808;88,0;2025-07-19;;
São Luís;21422,0;CIDADE OPERARIA;7414,77;119;11,0;2025-07-20;;
São Luís;21422,0;CIDADE OPERARIA;65040,02;1270;96,0;2025-07-21;;
São Luís;21422,0;CIDADE OPERARIA;36538,81;683;70,0;2025-07-22;;
São Luís;21422,0;CIDADE OPERARIA;51651,7;986;94,0;2025-07-23;;
São Luís;21422,0;CIDADE OPERARIA;39919,62;621;71,0;2025-07-24;;
São Luís;21422,0;CIDADE OPERARIA;35291,28;588;63,0;2025-07-25;;
São Luís;21422,0;CIDADE OPERARIA;43478,41;788;59,0;2025-07-26;;
São Luís;21422,0;CIDADE OPERARIA;2999,74;62;6,0;2025-07-27;;
São Luís;21422,0;CIDADE OPERARIA;16268,65;340;26,0;2025-07-28;;
São Luís;21422,0;CIDADE OPERARIA;50817,13;1060;80,0;2025-07-29;;
São Luís;21422,0;CIDADE OPERARIA;42069,44;824;63,0;2025-07-30;;
São Luís;21422,0;CIDADE OPERARIA;61757,19;1274;99,0;2025-07-31;;
São Luís;21422,0;CIDADE OPERARIA;39814,45;758;64,0;2025-08-01;;
São Luís;21422,0;CIDADE OPERARIA;39401,55;635;74,0;2025-08-02;;
São Luís;21422,0;CIDADE OPERARIA;50225,36;785;72,0;2025-08-04;;
São Luís;21422,0;CIDADE OPERARIA;76323,91;1290;128,0;2025-08-05;;
São Luís;21422,0;CIDADE OPERARIA;77775,2;1204;124,0;2025-08-06;;
São Luís;21422,0;CIDADE OPERARIA;77343,86;1204;131,0;2025-08-07;;
São Luís;21422,0;CIDADE OPERARIA;115865,7;1626;177,0;2025-08-08;;
São Luís;21422,0;CIDADE OPERARIA;84248,0;1243;142,0;2025-08-09;;
São Luís;21422,0;CIDADE OPERARIA;16064,53;226;35,0;2025-08-10;;
São Luís;21422,0;CIDADE OPERARIA;72134,87;1700;97,0;2025-08-11;;
São Luís;21422,0;CIDADE OPERARIA;67122,1;1338;121,0;2025-08-12;;
São Luís;21422,0;CIDADE OPERARIA;47178,74;1045;81,0;2025-08-13;;
São Luís;21422,0;CIDADE OPERARIA;33802,51;684;73,0;2025-08-14;;
São Luís;21422,0;CIDADE OPERARIA;52077,81;981;89,0;2025-08-15;;
São Luís;21422,0;CIDADE OPERARIA;42551,65;945;87,0;2025-08-16;;
São Luís;21422,0;CIDADE OPERARIA;30986,27;613;55,0;2025-08-18;;
São Luís;21422,0;CIDADE OPERARIA;36567,25;694;66,0;2025-08-19;;
São Luís;21422,0;CIDADE OPERARIA;39807,84;703;63,0;2025-08-20;;
São Luís;21422,0;CIDADE OPERARIA;42116,23;804;85,0;2025-08-21;;
São Luís;21422,0;CIDADE OPERARIA;30372,75;630;69,0;2025-08-22;;
São Luís;21422,0;CIDADE OPERARIA;44855,12;836;85,0;2025-08-23;;
São Luís;21422,0;CIDADE OPERARIA;8298,22;149;16,0;2025-08-24;;
São Luís;21422,0;CIDADE OPERARIA;25493,29;461;54,0;2025-08-25;;
São Luís;21422,0;CIDADE OPERARIA;31120,02;492;61,0;2025-08-26;;
São Luís;21422,0;CIDADE OPERARIA;31910,2;555;70,0;2025-08-27;;
São Luís;21422,0;CIDADE OPERARIA;40965,35;939;157,0;2025-08-28;;
São Luís;21422,0;CIDADE OPERARIA;43348,73;655;56,0;2025-08-29;;
São Luís;21422,0;CIDADE OPERARIA;66371,38;1051;122,0;2025-08-30;;
São Luís;21422,0;CIDADE OPERARIA;14799,68;264;31,0;2025-08-31;;
São Luís;21422,0;CIDADE OPERARIA;43447,09;955;77,0;2025-09-01;;
São Luís;21422,0;CIDADE OPERARIA;49207,64;955;109,0;2025-09-02;;
São Luís;21422,0;CIDADE OPERARIA;31453,61;672;56,0;2025-09-03;;
São Luís;21422,0;CIDADE OPERARIA;33314,69;701;60,0;2025-09-04;;
São Luís;21422,0;CIDADE OPERARIA;99004,77;1857;136,0;2025-09-05;;
São Luís;21422,0;CIDADE OPERARIA;99743,02;1763;131,0;2025-09-06;;
São Luís;21422,0;CIDADE OPERARIA;30423,59;493;45,0;2025-09-08;;
São Luís;21422,0;CIDADE OPERARIA;66448,47;1116;92,0;2025-09-09;;
São Luís;21422,0;CIDADE OPERARIA;69789,27;1095;112,0;2025-09-10;;
São Luís;21422,0;CIDADE OPERARIA;59980,13;940;106,0;2025-09-11;;
São Luís;21422,0;CIDADE OPERARIA;54074,85;859;93,0;2025-09-12;;
São Luís;21422,0;CIDADE OPERARIA;62049,98;960;112,0;2025-09-13;;
São Luís;21422,0;CIDADE OPERARIA;41505,98;676;68,0;2025-09-15;;
São Luís;21422,0;CIDADE OPERARIA;42339,48;717;75,0;2025-09-16;;
São Luís;21422,0;CIDADE OPERARIA;41086,22;803;85,0;2025-09-17;;
São Luís;21422,0;CIDADE OPERARIA;45648,75;730;81,0;2025-09-18;;
São Luís;21422,0;CIDADE OPERARIA;41200,09;659;74,0;2025-09-19;;
São Luís;21422,0;CIDADE OPERARIA;57092,01;900;100,0;2025-09-20;;
São Luís;21422,0;CIDADE OPERARIA;13262,08;207;27,0;2025-09-21;;
São Luís;21422,0;CIDADE OPERARIA;61460,74;1402;98,0;2025-09-22;;
São Luís;21422,0;CIDADE OPERARIA;72411,18;1381;114,0;2025-09-23;;
São Luís;21422,0;CIDADE OPERARIA;47494,36;839;52,0;2025-09-24;;
São Luís;21422,0;CIDADE OPERARIA;37866,11;776;68,0;2025-09-25;;
São Luís;21422,0;CIDADE OPERARIA;100953,98;1534;88,0;2025-09-26;;
São Luís;21422,0;CIDADE OPERARIA;40859,58;778;70,0;2025-09-27;;
São Luís;21422,0;CIDADE OPERARIA;17320,92;364;23,0;2025-09-28;;
São Luís;21422,0;CIDADE OPERARIA;36271,9;763;61,0;2025-09-29;;
São Luís;21422,0;CIDADE OPERARIA;53070,06;1287;86,0;2025-09-30;;
São Luís;21422,0;CIDADE OPERARIA;37299,99;816;71,0;2025-10-01;;
São Luís;21422,0;CIDADE OPERARIA;44895,52;790;68,0;2025-10-02;;
São Luís;21422,0;CIDADE OPERARIA;84601,47;1104;95,0;2025-10-03;;
São Luís;21422,0;CIDADE OPERARIA;66632,65;992;98,0;2025-10-04;;
São Luís;21422,0;CIDADE OPERARIA;44690,18;691;76,0;2025-10-06;;
São Luís;21422,0;CIDADE OPERARIA;53718,04;868;81,0;2025-10-07;;
São Luís;21422,0;CIDADE OPERARIA;59631,06;922;92,0;2025-10-08;;
São Luís;21422,0;CIDADE OPERARIA;57932,66;962;91,0;2025-10-09;;
São Luís;21422,0;CIDADE OPERARIA;55491,59;1034;90,0;2025-10-10;;
São Luís;21422,0;CIDADE OPERARIA;56317,97;1005;85,0;2025-10-11;;
São Luís;21422,0;CIDADE OPERARIA;68329,86;1316;129,0;2025-10-13;;
São Luís;21422,0;CIDADE OPERARIA;51667,79;1045;89,0;2025-10-14;;
São Luís;21422,0;CIDADE OPERARIA;41516,48;873;73,0;2025-10-15;;
São Luís;21422,0;CIDADE OPERARIA;35724,93;796;68,0;2025-10-16;;
São Luís;21422,0;CIDADE OPERARIA;36932,89;744;68,0;2025-10-17;;
São Luís;21422,0;CIDADE OPERARIA;41409,7;974;83,0;2025-10-18;;
São Luís;21422,0;CIDADE OPERARIA;9584,09;239;18,0;2025-10-19;;
São Luís;21422,0;CIDADE OPERARIA;41751,24;764;76,0;2025-10-21;;
São Luís;21422,0;CIDADE OPERARIA;34004,09;662;65,0;2025-10-22;;
São Luís;21422,0;CIDADE OPERARIA;36447,62;690;66,0;2025-10-23;;
São Luís;21422,0;CIDADE OPERARIA;30100,98;590;68,0;2025-10-24;;
São Luís;21422,0;CIDADE OPERARIA;38800,41;761;63,0;2025-10-25;;
São Luís;21422,0;CIDADE OPERARIA;38024,78;562;59,0;2025-10-27;;
São Luís;21422,0;CIDADE OPERARIA;46585,91;666;83,0;2025-10-28;;
São Luís;21422,0;CIDADE OPERARIA;40000,09;664;66,0;2025-10-29;;
São Luís;21422,0;CIDADE OPERARIA;55780,05;896;95,0;2025-10-30;;
São Luís;21422,0;CIDADE OPERARIA;63805,08;1356;113,0;2025-10-31;;
São Luís;21422,0;CIDADE OPERARIA;92893,05;1444;143,0;2025-11-01;;
São Luís;21422,0;CIDADE OPERARIA;78392,16;1758;125,0;2025-11-03;;
São Luís;21422,0;CIDADE OPERARIA;58394,5;1373;114,0;2025-11-04;;
São Luís;21422,0;CIDADE OPERARIA;51336,12;1200;87,0;2025-11-05;;
São Luís;21422,0;CIDADE OPERARIA;56506,46;1230;97,0;2025-11-06;;
São Luís;21422,0;CIDADE OPERARIA;58483,74;1511;102,0;2025-11-07;;
São Luís;21422,0;CIDADE OPERARIA;63487,32;1342;112,0;2025-11-08;;
São Luís;21422,0;CIDADE OPERARIA;54294,73;917;100,0;2025-11-10;;
São Luís;21422,0;CIDADE OPERARIA;51600,6;1109;101,0;2025-11-11;;
São Luís;21422,0;CIDADE OPERARIA;54761,59;906;93,0;2025-11-12;;
São Luís;21422,0;CIDADE OPERARIA;58010,74;1051;101,0;2025-11-13;;
São Luís;21422,0;CIDADE OPERARIA;58028,31;1075;113,0;2025-11-14;;
São Luís;21422,0;CIDADE OPERARIA;49809,6;873;86,0;2025-11-15;;
São Luís;21422,0;CIDADE OPERARIA;11875,82;224;21,0;2025-11-16;;
São Luís;21422,0;CIDADE OPERARIA;55970,72;1069;78,0;2025-11-17;;
São Luís;21422,0;CIDADE OPERARIA;44781,44;739;80,0;2025-11-18;;
São Luís;21422,0;CIDADE OPERARIA;50759,33;982;101,0;2025-11-19;;
São Luís;21422,0;CIDADE OPERARIA;57733,51;1092;94,0;2025-11-20;;
São Luís;21422,0;CIDADE OPERARIA;66574,03;1028;106,0;2025-11-21;;
São Luís;21422,0;CIDADE OPERARIA;50422,92;850;100,0;2025-11-22;;
São Luís;21422,0;CIDADE OPERARIA;12189,92;217;26,0;2025-11-23;;
São Luís;21422,0;CIDADE OPERARIA;50429,27;738;76,0;2025-11-24;;
São Luís;21422,0;CIDADE OPERARIA;48541,63;803;86,0;2025-11-25;;
São Luís;21422,0;CIDADE OPERARIA;49937,78;925;90,0;2025-11-26;;
São Luís;21422,0;CIDADE OPERARIA;100820,27;1840;138,0;2025-11-27;;
São Luís;21422,0;CIDADE OPERARIA;103661,21;1819;153,0;2025-11-28;;
São Luís;21422,0;CIDADE OPERARIA;87351,25;1411;167,0;2025-11-29;;
São Luís;21422,0;CIDADE OPERARIA;27459,61;392;48,0;2025-11-30;;
São Luís;21422,0;CIDADE OPERARIA;41117,47;882;83,0;2025-12-01;;
São Luís;21422,0;CIDADE OPERARIA;56775,65;1132;107,0;2025-12-02;;
São Luís;21422,0;CIDADE OPERARIA;49509,22;1085;99,0;2025-12-03;;
São Luís;21422,0;CIDADE OPERARIA;51496,48;1051;100,0;2025-12-04;;
São Luís;21422,0;CIDADE OPERARIA;39749,9;1013;77,0;2025-12-05;;
São Luís;21422,0;CIDADE OPERARIA;51555,14;1312;87,0;2025-12-06;;
São Luís;21422,0;CIDADE OPERARIA;28484,06;663;54,0;2025-12-08;;
São Luís;21422,0;CIDADE OPERARIA;53558,3;1087;92,0;2025-12-09;;
São Luís;21422,0;CIDADE OPERARIA;47924,03;834;81,0;2025-12-10;;
São Luís;21422,0;CIDADE OPERARIA;53545,62;959;105,0;2025-12-11;;
São Luís;21422,0;CIDADE OPERARIA;58073,79;1220;107,0;2025-12-12;;
São Luís;21422,0;CIDADE OPERARIA;85914,8;1432;138,0;2025-12-13;;
São Luís;21422,0;CIDADE OPERARIA;78687,05;1115;134,0;2025-12-15;;
São Luís;21422,0;CIDADE OPERARIA;59620,02;886;104,0;2025-12-16;;
São Luís;21422,0;CIDADE OPERARIA;68694,09;1405;105,0;2025-12-17;;
São Luís;21422,0;CIDADE OPERARIA;57006,81;1058;106,0;2025-12-18;;
São Luís;21422,0;CIDADE OPERARIA;54006,81;1089;92,0;2025-12-19;;
São Luís;21422,0;CIDADE OPERARIA;61737,59;1025;112,0;2025-12-20;;
São Luís;21422,0;CIDADE OPERARIA;55973,96;977;106,0;2025-12-22;;
São Luís;21422,0;CIDADE OPERARIA;62063,05;977;142,0;2025-12-23;;
São Luís;21422,0;CIDADE OPERARIA;36271,6;573;89,0;2025-12-24;;
São Luís;21422,0;CIDADE OPERARIA;95067,86;2033;102,0;2025-12-26;;
São Luís;21422,0;CIDADE OPERARIA;60103,69;1177;103,0;2025-12-27;;
São Luís;21422,0;CIDADE OPERARIA;15610,22;314;33,0;2025-12-28;;
São Luís;21422,0;CIDADE OPERARIA;39930,11;721;86,0;2025-12-29;;
São Luís;21422,0;CIDADE OPERARIA;38872,28;703;74,0;2025-12-30;;
São Luís;21422,0;CIDADE OPERARIA;30154,47;590;62,0;2025-12-31;;
Leste da Paraíba;21559,0;CONDE;14629,36;184;20,0;2025-01-02;;
Leste da Paraíba;21559,0;CONDE;7058,05;94;16,0;2025-01-03;;
Leste da Paraíba;21559,0;CONDE;2242,88;23;7,0;2025-01-04;;
Leste da Paraíba;21559,0;CONDE;14296,66;185;11,0;2025-01-06;;
Leste da Paraíba;21559,0;CONDE;17009,16;213;25,0;2025-01-07;;
Leste da Paraíba;21559,0;CONDE;13533,3;218;20,0;2025-01-08;;
Leste da Paraíba;21559,0;CONDE;9527,08;127;13,0;2025-01-09;;
Leste da Paraíba;21559,0;CONDE;10987,36;139;21,0;2025-01-10;;
Leste da Paraíba;21559,0;CONDE;6414,2;97;10,0;2025-01-11;;
Leste da Paraíba;21559,0;CONDE;6336,81;84;13,0;2025-01-13;;
Leste da Paraíba;21559,0;CONDE;12657,98;181;21,0;2025-01-14;;
Leste da Paraíba;21559,0;CONDE;3362,93;46;9,0;2025-01-15;;
Leste da Paraíba;21559,0;CONDE;38318,03;442;42,0;2025-01-16;;
Leste da Paraíba;21559,0;CONDE;17617,48;223;26,0;2025-01-17;;
Leste da Paraíba;21559,0;CONDE;7224,96;75;17,0;2025-01-18;;
Leste da Paraíba;21559,0;CONDE;25458,64;439;30,0;2025-01-20;;
Leste da Paraíba;21559,0;CONDE;16457,52;246;26,0;2025-01-21;;
Leste da Paraíba;21559,0;CONDE;6194,59;112;9,0;2025-01-22;;
Leste da Paraíba;21559,0;CONDE;12311,38;194;19,0;2025-01-23;;
Leste da Paraíba;21559,0;CONDE;8880,89;128;17,0;2025-01-24;;
Leste da Paraíba;21559,0;CONDE;6822,0;112;13,0;2025-01-25;;
Leste da Paraíba;21559,0;CONDE;10219,85;149;13,0;2025-01-27;;
Leste da Paraíba;21559,0;CONDE;8641,01;131;11,0;2025-01-28;;
Leste da Paraíba;21559,0;CONDE;3193,41;54;6,0;2025-01-29;;
Leste da Paraíba;21559,0;CONDE;3649,26;54;10,0;2025-01-30;;
Leste da Paraíba;21559,0;CONDE;12170,38;150;13,0;2025-01-31;;
Leste da Paraíba;21559,0;CONDE;4047,08;56;8,0;2025-02-01;;
Leste da Paraíba;21559,0;CONDE;7030,48;89;10,0;2025-02-03;;
Leste da Paraíba;21559,0;CONDE;6639,6;88;11,0;2025-02-04;;
Leste da Paraíba;21559,0;CONDE;10296,24;132;20,0;2025-02-05;;
Leste da Paraíba;21559,0;CONDE;11958,2;178;10,0;2025-02-06;;
Leste da Paraíba;21559,0;CONDE;10248,02;117;17,0;2025-02-07;;
Leste da Paraíba;21559,0;CONDE;8644,38;110;18,0;2025-02-08;;
Leste da Paraíba;21559,0;CONDE;15018,09;204;18,0;2025-02-10;;
Leste da Paraíba;21559,0;CONDE;21080,75;273;28,0;2025-02-11;;
Leste da Paraíba;21559,0;CONDE;7073,47;108;13,0;2025-02-12;;
Leste da Paraíba;21559,0;CONDE;7029,3;86;16,0;2025-02-13;;
Leste da Paraíba;21559,0;CONDE;9093,93;145;16,0;2025-02-14;;
Leste da Paraíba;21559,0;CONDE;3245,11;32;6,0;2025-02-15;;
Leste da Paraíba;21559,0;CONDE;4521,73;72;8,0;2025-02-17;;
Leste da Paraíba;21559,0;CONDE;3626,68;62;8,0;2025-02-18;;
Leste da Paraíba;21559,0;CONDE;4087,98;49;5,0;2025-02-19;;
Leste da Paraíba;21559,0;CONDE;3515,92;66;6,0;2025-02-20;;
Leste da Paraíba;21559,0;CONDE;9934,4;165;16,0;2025-02-21;;
Leste da Paraíba;21559,0;CONDE;16388,69;227;28,0;2025-02-22;;
Leste da Paraíba;21559,0;CONDE;9650,61;134;17,0;2025-02-24;;
Leste da Paraíba;21559,0;CONDE;5053,48;82;13,0;2025-02-25;;
Leste da Paraíba;21559,0;CONDE;7786,45;129;16,0;2025-02-26;;
Leste da Paraíba;21559,0;CONDE;11822,88;181;29,0;2025-02-27;;
Leste da Paraíba;21559,0;CONDE;13715,42;171;21,0;2025-02-28;;
Leste da Paraíba;21559,0;CONDE;4922,54;54;6,0;2025-03-01;;
Leste da Paraíba;21559,0;CONDE;10176,2;174;16,0;2025-03-05;;
Leste da Paraíba;21559,0;CONDE;9229,09;135;15,0;2025-03-06;;
Leste da Paraíba;21559,0;CONDE;7544,07;144;12,0;2025-03-07;;
Leste da Paraíba;21559,0;CONDE;6064,99;120;10,0;2025-03-08;;
Leste da Paraíba;21559,0;CONDE;23004,99;411;29,0;2025-03-10;;
Leste da Paraíba;21559,0;CONDE;16707,14;278;24,0;2025-03-11;;
Leste da Paraíba;21559,0;CONDE;35819,33;408;24,0;2025-03-12;;
Leste da Paraíba;21559,0;CONDE;8118,51;120;14,0;2025-03-13;;
Leste da Paraíba;21559,0;CONDE;36550,58;358;33,0;2025-03-14;;
Leste da Paraíba;21559,0;CONDE;10242,78;102;9,0;2025-03-15;;
Leste da Paraíba;21559,0;CONDE;15232,49;171;22,0;2025-03-17;;
Leste da Paraíba;21559,0;CONDE;7811,17;93;14,0;2025-03-18;;
Leste da Paraíba;21559,0;CONDE;7952,06;99;17,0;2025-03-19;;
Leste da Paraíba;21559,0;CONDE;10685,35;122;20,0;2025-03-20;;
Leste da Paraíba;21559,0;CONDE;14633,28;192;22,0;2025-03-21;;
Leste da Paraíba;21559,0;CONDE;15602,52;214;17,0;2025-03-22;;
Leste da Paraíba;21559,0;CONDE;15564,49;238;21,0;2025-03-24;;
Leste da Paraíba;21559,0;CONDE;20047,33;300;27,0;2025-03-25;;
Leste da Paraíba;21559,0;CONDE;9043,8;134;17,0;2025-03-26;;
Leste da Paraíba;21559,0;CONDE;10491,11;148;21,0;2025-03-27;;
Leste da Paraíba;21559,0;CONDE;12846,19;220;21,0;2025-03-28;;
Leste da Paraíba;21559,0;CONDE;7935,75;116;14,0;2025-03-29;;
Leste da Paraíba;21559,0;CONDE;11779,83;169;16,0;2025-03-31;;
Leste da Paraíba;21559,0;CONDE;5328,45;56;11,0;2025-04-01;;
Leste da Paraíba;21559,0;CONDE;7080,88;78;11,0;2025-04-02;;
Leste da Paraíba;21559,0;CONDE;11317,14;151;20,0;2025-04-03;;
Leste da Paraíba;21559,0;CONDE;16666,78;241;25,0;2025-04-04;;
Leste da Paraíba;21559,0;CONDE;6462,06;85;11,0;2025-04-05;;
Leste da Paraíba;21559,0;CONDE;7092,83;94;13,0;2025-04-07;;
Leste da Paraíba;21559,0;CONDE;12516,48;138;17,0;2025-04-08;;
Leste da Paraíba;21559,0;CONDE;9006,58;106;15,0;2025-04-09;;
Leste da Paraíba;21559,0;CONDE;8233,52;86;12,0;2025-04-10;;
Leste da Paraíba;21559,0;CONDE;7741,07;76;12,0;2025-04-11;;
Leste da Paraíba;21559,0;CONDE;7694,71;96;13,0;2025-04-12;;
Leste da Paraíba;21559,0;CONDE;13381,93;361;18,0;2025-04-14;;
Leste da Paraíba;21559,0;CONDE;9057,5;143;20,0;2025-04-15;;
Leste da Paraíba;21559,0;CONDE;13831,09;244;15,0;2025-04-16;;
Leste da Paraíba;21559,0;CONDE;10036,9;190;20,0;2025-04-17;;
Leste da Paraíba;21559,0;CONDE;12600,68;197;16,0;2025-04-19;;
Leste da Paraíba;21559,0;CONDE;8629,87;132;13,0;2025-04-21;;
Leste da Paraíba;21559,0;CONDE;13763,82;176;19,0;2025-04-22;;
Leste da Paraíba;21559,0;CONDE;8209,82;126;14,0;2025-04-23;;
Leste da Paraíba;21559,0;CONDE;6926,83;97;9,0;2025-04-24;;
Leste da Paraíba;21559,0;CONDE;12252,55;174;20,0;2025-04-25;;
Leste da Paraíba;21559,0;CONDE;8504,39;121;15,0;2025-04-26;;
Leste da Paraíba;21559,0;CONDE;6506,16;87;12,0;2025-04-28;;
Leste da Paraíba;21559,0;CONDE;15137,74;209;26,0;2025-04-29;;
Leste da Paraíba;21559,0;CONDE;17957,53;198;29,0;2025-04-30;;
Leste da Paraíba;21559,0;CONDE;18271,13;204;21,0;2025-05-02;;
Leste da Paraíba;21559,0;CONDE;11500,06;109;13,0;2025-05-03;;
Leste da Paraíba;21559,0;CONDE;23165,93;261;25,0;2025-05-05;;
Leste da Paraíba;21559,0;CONDE;17674,31;207;23,0;2025-05-06;;
Leste da Paraíba;21559,0;CONDE;9830,79;115;16,0;2025-05-07;;
Leste da Paraíba;21559,0;CONDE;20183,68;207;27,0;2025-05-08;;
Leste da Paraíba;21559,0;CONDE;12186,08;150;17,0;2025-05-09;;
Leste da Paraíba;21559,0;CONDE;11059,64;134;16,0;2025-05-10;;
Leste da Paraíba;21559,0;CONDE;4266,09;42;8,0;2025-05-11;;
Leste da Paraíba;21559,0;CONDE;18542,09;347;16,0;2025-05-12;;
Leste da Paraíba;21559,0;CONDE;2721,54;17;4,0;2025-05-13;;
Leste da Paraíba;21559,0;CONDE;16988,96;291;29,0;2025-05-14;;
Leste da Paraíba;21559,0;CONDE;13655,6;199;17,0;2025-05-15;;
Leste da Paraíba;21559,0;CONDE;7604,64;111;11,0;2025-05-16;;
Leste da Paraíba;21559,0;CONDE;6195,29;95;10,0;2025-05-17;;
Leste da Paraíba;21559,0;CONDE;37741,55;607;33,0;2025-05-19;;
Leste da Paraíba;21559,0;CONDE;22057,95;342;27,0;2025-05-20;;
Leste da Paraíba;21559,0;CONDE;10657,47;159;18,0;2025-05-21;;
Leste da Paraíba;21559,0;CONDE;25451,09;316;28,0;2025-05-22;;
Leste da Paraíba;21559,0;CONDE;16705,18;263;27,0;2025-05-23;;
Leste da Paraíba;21559,0;CONDE;12404,84;211;19,0;2025-05-24;;
Leste da Paraíba;21559,0;CONDE;18708,24;320;24,0;2025-05-26;;
Leste da Paraíba;21559,0;CONDE;13480,61;168;17,0;2025-05-27;;
Leste da Paraíba;21559,0;CONDE;6905,51;112;13,0;2025-05-28;;
Leste da Paraíba;21559,0;CONDE;8033,81;153;12,0;2025-05-29;;
Leste da Paraíba;21559,0;CONDE;7318,73;132;13,0;2025-05-30;;
Leste da Paraíba;21559,0;CONDE;3475,6;62;5,0;2025-05-31;;
Leste da Paraíba;21559,0;CONDE;7166,24;129;12,0;2025-06-02;;
Leste da Paraíba;21559,0;CONDE;9839,35;204;17,0;2025-06-03;;
Leste da Paraíba;21559,0;CONDE;8190,98;124;15,0;2025-06-04;;
Leste da Paraíba;21559,0;CONDE;14229,48;223;20,0;2025-06-05;;
Leste da Paraíba;21559,0;CONDE;10249,78;149;21,0;2025-06-06;;
Leste da Paraíba;21559,0;CONDE;10829,12;124;13,0;2025-06-07;;
Leste da Paraíba;21559,0;CONDE;12877,84;143;21,0;2025-06-09;;
Leste da Paraíba;21559,0;CONDE;13399,28;180;18,0;2025-06-10;;
Leste da Paraíba;21559,0;CONDE;6624,19;107;15,0;2025-06-11;;
Leste da Paraíba;21559,0;CONDE;5759,13;77;14,0;2025-06-12;;
Leste da Paraíba;21559,0;CONDE;26758,93;477;24,0;2025-06-13;;
Leste da Paraíba;21559,0;CONDE;12777,1;192;18,0;2025-06-14;;
Leste da Paraíba;21559,0;CONDE;28480,73;372;26,0;2025-06-16;;
Leste da Paraíba;21559,0;CONDE;10089,9;189;15,0;2025-06-17;;
Leste da Paraíba;21559,0;CONDE;8344,4;129;16,0;2025-06-18;;
Leste da Paraíba;21559,0;CONDE;11254,73;204;13,0;2025-06-19;;
Leste da Paraíba;21559,0;CONDE;13752,87;215;14,0;2025-06-20;;
Leste da Paraíba;21559,0;CONDE;8415,95;141;17,0;2025-06-21;;
Leste da Paraíba;21559,0;CONDE;27740,26;294;29,0;2025-06-23;;
Leste da Paraíba;21559,0;CONDE;2428,73;31;4,0;2025-06-24;;
Leste da Paraíba;21559,0;CONDE;15605,96;181;22,0;2025-06-25;;
Leste da Paraíba;21559,0;CONDE;15290,62;213;16,0;2025-06-26;;
Leste da Paraíba;21559,0;CONDE;8623,47;114;13,0;2025-06-27;;
Leste da Paraíba;21559,0;CONDE;9571,91;116;13,0;2025-06-28;;
Leste da Paraíba;21559,0;CONDE;17734,6;332;26,0;2025-06-30;;
Leste da Paraíba;21559,0;CONDE;27199,99;348;42,0;2025-07-01;;
Leste da Paraíba;21559,0;CONDE;11133,76;150;16,0;2025-07-02;;
Leste da Paraíba;21559,0;CONDE;12123,63;228;20,0;2025-07-03;;
Leste da Paraíba;21559,0;CONDE;15717,41;199;19,0;2025-07-04;;
Leste da Paraíba;21559,0;CONDE;3855,84;58;7,0;2025-07-05;;
Leste da Paraíba;21559,0;CONDE;9356,73;129;16,0;2025-07-07;;
Leste da Paraíba;21559,0;CONDE;17436,84;246;25,0;2025-07-08;;
Leste da Paraíba;21559,0;CONDE;6047,04;86;13,0;2025-07-09;;
Leste da Paraíba;21559,0;CONDE;2480,09;36;5,0;2025-07-10;;
Leste da Paraíba;21559,0;CONDE;4122,19;52;12,0;2025-07-11;;
Leste da Paraíba;21559,0;CONDE;1619,28;23;6,0;2025-07-12;;
Leste da Paraíba;21559,0;CONDE;7478,33;93;13,0;2025-07-14;;
Leste da Paraíba;21559,0;CONDE;4472,49;57;5,0;2025-07-15;;
Leste da Paraíba;21559,0;CONDE;26711,5;709;38,0;2025-07-16;;
Leste da Paraíba;21559,0;CONDE;13018,92;276;18,0;2025-07-17;;
Leste da Paraíba;21559,0;CONDE;22486,07;396;26,0;2025-07-18;;
Leste da Paraíba;21559,0;CONDE;9841,7;166;21,0;2025-07-19;;
Leste da Paraíba;21559,0;CONDE;21762,27;440;38,0;2025-07-21;;
Leste da Paraíba;21559,0;CONDE;28695,76;619;28,0;2025-07-22;;
Leste da Paraíba;21559,0;CONDE;16933,99;326;22,0;2025-07-23;;
Leste da Paraíba;21559,0;CONDE;11168,51;259;16,0;2025-07-24;;
Leste da Paraíba;21559,0;CONDE;14207,07;311;25,0;2025-07-25;;
Leste da Paraíba;21559,0;CONDE;6979,67;125;12,0;2025-07-26;;
Leste da Paraíba;21559,0;CONDE;16037,23;268;20,0;2025-07-28;;
Leste da Paraíba;21559,0;CONDE;15134,43;318;22,0;2025-07-29;;
Leste da Paraíba;21559,0;CONDE;13275,84;240;18,0;2025-07-30;;
Leste da Paraíba;21559,0;CONDE;15063,93;289;22,0;2025-07-31;;
Leste da Paraíba;21559,0;CONDE;11377,43;191;20,0;2025-08-01;;
Leste da Paraíba;21559,0;CONDE;10569,56;138;8,0;2025-08-02;;
Leste da Paraíba;21559,0;CONDE;14641,54;213;27,0;2025-08-04;;
Leste da Paraíba;21559,0;CONDE;15330,49;241;23,0;2025-08-06;;
Leste da Paraíba;21559,0;CONDE;18605,72;410;28,0;2025-08-07;;
Leste da Paraíba;21559,0;CONDE;18309,18;298;27,0;2025-08-08;;
Leste da Paraíba;21559,0;CONDE;12194,45;195;18,0;2025-08-09;;
Leste da Paraíba;21559,0;CONDE;1377,56;12;1,0;2025-08-10;;
Leste da Paraíba;21559,0;CONDE;12061,9;211;17,0;2025-08-11;;
Leste da Paraíba;21559,0;CONDE;19181,85;436;22,0;2025-08-12;;
Leste da Paraíba;21559,0;CONDE;13487,31;265;21,0;2025-08-13;;
Leste da Paraíba;21559,0;CONDE;12293,73;258;22,0;2025-08-14;;
Leste da Paraíba;21559,0;CONDE;13992,61;282;20,0;2025-08-15;;
Leste da Paraíba;21559,0;CONDE;5086,03;121;5,0;2025-08-16;;
Leste da Paraíba;21559,0;CONDE;17720,43;337;25,0;2025-08-18;;
Leste da Paraíba;21559,0;CONDE;13365,44;227;22,0;2025-08-19;;
Leste da Paraíba;21559,0;CONDE;11408,14;185;16,0;2025-08-20;;
Leste da Paraíba;21559,0;CONDE;8229,82;122;16,0;2025-08-21;;
Leste da Paraíba;21559,0;CONDE;9260,37;167;16,0;2025-08-22;;
Leste da Paraíba;21559,0;CONDE;6457,35;123;10,0;2025-08-23;;
Leste da Paraíba;21559,0;CONDE;7611,38;118;16,0;2025-08-25;;
Leste da Paraíba;21559,0;CONDE;11358,03;187;22,0;2025-08-26;;
Leste da Paraíba;21559,0;CONDE;18256,66;339;20,0;2025-08-27;;
Leste da Paraíba;21559,0;CONDE;15498,13;234;22,0;2025-08-28;;
Leste da Paraíba;21559,0;CONDE;13212,46;241;18,0;2025-08-29;;
Leste da Paraíba;21559,0;CONDE;5564,78;108;12,0;2025-08-30;;
Leste da Paraíba;21559,0;CONDE;22127,82;421;29,0;2025-09-01;;
Leste da Paraíba;21559,0;CONDE;18194,48;300;23,0;2025-09-02;;
Leste da Paraíba;21559,0;CONDE;20655,19;317;25,0;2025-09-03;;
Leste da Paraíba;21559,0;CONDE;18506,04;310;23,0;2025-09-04;;
Leste da Paraíba;21559,0;CONDE;23746,46;377;24,0;2025-09-05;;
Leste da Paraíba;21559,0;CONDE;14247,01;238;21,0;2025-09-06;;
Leste da Paraíba;21559,0;CONDE;14632,88;262;24,0;2025-09-08;;
Leste da Paraíba;21559,0;CONDE;18547,08;276;24,0;2025-09-09;;
Leste da Paraíba;21559,0;CONDE;15774,56;274;22,0;2025-09-10;;
Leste da Paraíba;21559,0;CONDE;15598,67;276;19,0;2025-09-11;;
Leste da Paraíba;21559,0;CONDE;22556,74;342;25,0;2025-09-12;;
Leste da Paraíba;21559,0;CONDE;6491,29;106;13,0;2025-09-13;;
Leste da Paraíba;21559,0;CONDE;17570,34;237;32,0;2025-09-16;;
Leste da Paraíba;21559,0;CONDE;19442,92;320;21,0;2025-09-17;;
Leste da Paraíba;21559,0;CONDE;16135,63;264;25,0;2025-09-18;;
Leste da Paraíba;21559,0;CONDE;12601,15;283;20,0;2025-09-19;;
Leste da Paraíba;21559,0;CONDE;22947,42;403;40,0;2025-09-20;;
Leste da Paraíba;21559,0;CONDE;23766,53;440;25,0;2025-09-22;;
Leste da Paraíba;21559,0;CONDE;19309,45;372;22,0;2025-09-23;;
Leste da Paraíba;21559,0;CONDE;20030,46;339;24,0;2025-09-24;;
Leste da Paraíba;21559,0;CONDE;22682,28;298;15,0;2025-09-25;;
Leste da Paraíba;21559,0;CONDE;27433,01;370;24,0;2025-09-26;;
Leste da Paraíba;21559,0;CONDE;13865,97;293;25,0;2025-09-27;;
Leste da Paraíba;21559,0;CONDE;14966,71;282;22,0;2025-09-29;;
Leste da Paraíba;21559,0;CONDE;8741,6;182;17,0;2025-09-30;;
Leste da Paraíba;21559,0;CONDE;10315,78;210;22,0;2025-10-01;;
Leste da Paraíba;21559,0;CONDE;18923,57;284;25,0;2025-10-02;;
Leste da Paraíba;21559,0;CONDE;25125,27;273;20,0;2025-10-03;;
Leste da Paraíba;21559,0;CONDE;16719,86;244;17,0;2025-10-04;;
Leste da Paraíba;21559,0;CONDE;26137,05;300;34,0;2025-10-06;;
Leste da Paraíba;21559,0;CONDE;17957,94;210;24,0;2025-10-07;;
Leste da Paraíba;21559,0;CONDE;17187,36;191;12,0;2025-10-08;;
Leste da Paraíba;21559,0;CONDE;14627,1;249;19,0;2025-10-09;;
Leste da Paraíba;21559,0;CONDE;18183,34;348;22,0;2025-10-10;;
Leste da Paraíba;21559,0;CONDE;11571,09;178;20,0;2025-10-11;;
Leste da Paraíba;21559,0;CONDE;8465,56;139;15,0;2025-10-13;;
Leste da Paraíba;21559,0;CONDE;16484,78;352;17,0;2025-10-14;;
Leste da Paraíba;21559,0;CONDE;5605,48;131;13,0;2025-10-15;;
Leste da Paraíba;21559,0;CONDE;15878,05;328;31,0;2025-10-16;;
Leste da Paraíba;21559,0;CONDE;5950,96;96;10,0;2025-10-17;;
Leste da Paraíba;21559,0;CONDE;8166,62;147;12,0;2025-10-18;;
Leste da Paraíba;21559,0;CONDE;10169,58;200;21,0;2025-10-20;;
Leste da Paraíba;21559,0;CONDE;13923,93;282;21,0;2025-10-21;;
Leste da Paraíba;21559,0;CONDE;16822,5;241;20,0;2025-10-22;;
Leste da Paraíba;21559,0;CONDE;11998,61;197;21,0;2025-10-23;;
Leste da Paraíba;21559,0;CONDE;8865,77;129;13,0;2025-10-24;;
Leste da Paraíba;21559,0;CONDE;7139,08;93;16,0;2025-10-25;;
Leste da Paraíba;21559,0;CONDE;8869,47;123;13,0;2025-10-27;;
Leste da Paraíba;21559,0;CONDE;10464,1;173;16,0;2025-10-28;;
Leste da Paraíba;21559,0;CONDE;8238,91;122;17,0;2025-10-29;;
Leste da Paraíba;21559,0;CONDE;31660,52;489;40,0;2025-10-30;;
Leste da Paraíba;21559,0;CONDE;24474,09;506;33,0;2025-10-31;;
Leste da Paraíba;21559,0;CONDE;11506,72;133;12,0;2025-11-01;;
Leste da Paraíba;21559,0;CONDE;8960,85;191;15,0;2025-11-03;;
Leste da Paraíba;21559,0;CONDE;26578,35;526;23,0;2025-11-04;;
Leste da Paraíba;21559,0;CONDE;19842,25;362;28,0;2025-11-05;;
Leste da Paraíba;21559,0;CONDE;21799,96;413;31,0;2025-11-06;;
Leste da Paraíba;21559,0;CONDE;19070,68;458;30,0;2025-11-07;;
Leste da Paraíba;21559,0;CONDE;8131,39;142;10,0;2025-11-08;;
Leste da Paraíba;21559,0;CONDE;15171,03;304;25,0;2025-11-10;;
Leste da Paraíba;21559,0;CONDE;14852,75;259;27,0;2025-11-11;;
Leste da Paraíba;21559,0;CONDE;14583,42;302;25,0;2025-11-12;;
Leste da Paraíba;21559,0;CONDE;19739,18;371;26,0;2025-11-13;;
Leste da Paraíba;21559,0;CONDE;14537,56;269;27,0;2025-11-14;;
Leste da Paraíba;21559,0;CONDE;6998,72;95;12,0;2025-11-15;;
Leste da Paraíba;21559,0;CONDE;13587,5;281;20,0;2025-11-17;;
Leste da Paraíba;21559,0;CONDE;19775,46;452;24,0;2025-11-18;;
Leste da Paraíba;21559,0;CONDE;9661,22;230;19,0;2025-11-19;;
Leste da Paraíba;21559,0;CONDE;26810,33;551;34,0;2025-11-20;;
Leste da Paraíba;21559,0;CONDE;12745,42;313;17,0;2025-11-21;;
Leste da Paraíba;21559,0;CONDE;7160,5;126;16,0;2025-11-22;;
Leste da Paraíba;21559,0;CONDE;37362,19;717;43,0;2025-11-24;;
Leste da Paraíba;21559,0;CONDE;10764,77;211;19,0;2025-11-25;;
Leste da Paraíba;21559,0;CONDE;15639,05;370;26,0;2025-11-26;;
Leste da Paraíba;21559,0;CONDE;31370,82;566;38,0;2025-11-27;;
Leste da Paraíba;21559,0;CONDE;28384,63;622;41,0;2025-11-28;;
Leste da Paraíba;21559,0;CONDE;28954,39;514;33,0;2025-11-29;;
Leste da Paraíba;21559,0;CONDE;4742,21;97;2,0;2025-11-30;;
Leste da Paraíba;21559,0;CONDE;16237,51;288;21,0;2025-12-01;;
Leste da Paraíba;21559,0;CONDE;20790,35;427;22,0;2025-12-02;;
Leste da Paraíba;21559,0;CONDE;17492,76;465;23,0;2025-12-03;;
Leste da Paraíba;21559,0;CONDE;17263,67;429;30,0;2025-12-04;;
Leste da Paraíba;21559,0;CONDE;15771,8;438;23,0;2025-12-05;;
Leste da Paraíba;21559,0;CONDE;12330,89;249;17,0;2025-12-06;;
Leste da Paraíba;21559,0;CONDE;6976,88;258;13,0;2025-12-08;;
Leste da Paraíba;21559,0;CONDE;10417,27;314;20,0;2025-12-09;;
Leste da Paraíba;21559,0;CONDE;12401,25;260;22,0;2025-12-10;;
Leste da Paraíba;21559,0;CONDE;17567,77;354;28,0;2025-12-11;;
Leste da Paraíba;21559,0;CONDE;14864,74;283;17,0;2025-12-12;;
Leste da Paraíba;21559,0;CONDE;6472,05;206;12,0;2025-12-13;;
Leste da Paraíba;21559,0;CONDE;9168,34;243;20,0;2025-12-15;;
Leste da Paraíba;21559,0;CONDE;17866,01;499;23,0;2025-12-16;;
Leste da Paraíba;21559,0;CONDE;12848,5;272;20,0;2025-12-17;;
Leste da Paraíba;21559,0;CONDE;16516,18;298;26,0;2025-12-18;;
Leste da Paraíba;21559,0;CONDE;13145,53;339;20,0;2025-12-19;;
Leste da Paraíba;21559,0;CONDE;15783,27;429;26,0;2025-12-20;;
Leste da Paraíba;21559,0;CONDE;6299,58;157;9,0;2025-12-21;;
Leste da Paraíba;21559,0;CONDE;19069,21;363;31,0;2025-12-22;;
Leste da Paraíba;21559,0;CONDE;7573,32;142;16,0;2025-12-23;;
Leste da Paraíba;21559,0;CONDE;12422,48;155;12,0;2025-12-24;;
Leste da Paraíba;21559,0;CONDE;18611,74;423;23,0;2025-12-26;;
Leste da Paraíba;21559,0;CONDE;18768,19;354;26,0;2025-12-27;;
Leste da Paraíba;21559,0;CONDE;17283,52;338;29,0;2025-12-29;;
Leste da Paraíba;21559,0;CONDE;18687,91;370;24,0;2025-12-30;;
Leste da Paraíba;21559,0;CONDE;4363,18;81;12,0;2025-12-31;;
Oeste do Ceará;24582,0;ER CAMOCIM;212,42;9;1,0;2025-09-26;;
Oeste do Ceará;24582,0;ER CAMOCIM;48372,04;1106;45,0;2025-09-30;;
Oeste do Ceará;24582,0;ER CAMOCIM;21059,99;433;30,0;2025-10-01;;
Oeste do Ceará;24582,0;ER CAMOCIM;19779,08;404;29,0;2025-10-02;;
Oeste do Ceará;24582,0;ER CAMOCIM;66983,19;1373;88,0;2025-10-03;;
Oeste do Ceará;24582,0;ER CAMOCIM;51396,75;847;38,0;2025-10-04;;
Oeste do Ceará;24582,0;ER CAMOCIM;23972,07;427;36,0;2025-10-06;;
Oeste do Ceará;24582,0;ER CAMOCIM;28227,33;479;37,0;2025-10-07;;
Oeste do Ceará;24582,0;ER CAMOCIM;16998,27;312;35,0;2025-10-08;;
Oeste do Ceará;24582,0;ER CAMOCIM;18817,16;287;32,0;2025-10-09;;
Oeste do Ceará;24582,0;ER CAMOCIM;12593,4;216;29,0;2025-10-10;;
Oeste do Ceará;24582,0;ER CAMOCIM;17316,03;283;26,0;2025-10-11;;
Oeste do Ceará;24582,0;ER CAMOCIM;25638,07;475;38,0;2025-10-13;;
Oeste do Ceará;24582,0;ER CAMOCIM;26070,16;503;33,0;2025-10-14;;
Oeste do Ceará;24582,0;ER CAMOCIM;20703,1;428;34,0;2025-10-15;;
Oeste do Ceará;24582,0;ER CAMOCIM;14432,67;193;28,0;2025-10-16;;
Oeste do Ceará;24582,0;ER CAMOCIM;24415,67;384;28,0;2025-10-17;;
Oeste do Ceará;24582,0;ER CAMOCIM;6492,88;106;12,0;2025-10-18;;
Oeste do Ceará;24582,0;ER CAMOCIM;14224,82;164;24,0;2025-10-20;;
Oeste do Ceará;24582,0;ER CAMOCIM;8859,9;127;23,0;2025-10-21;;
Oeste do Ceará;24582,0;ER CAMOCIM;37776,3;632;42,0;2025-10-22;;
Oeste do Ceará;24582,0;ER CAMOCIM;21910,37;420;33,0;2025-10-23;;
Oeste do Ceará;24582,0;ER CAMOCIM;14648,34;241;31,0;2025-10-24;;
Oeste do Ceará;24582,0;ER CAMOCIM;27240,51;468;28,0;2025-10-25;;
Oeste do Ceará;24582,0;ER CAMOCIM;24753,24;508;43,0;2025-10-28;;
Oeste do Ceará;24582,0;ER CAMOCIM;15454,27;241;28,0;2025-10-29;;
Oeste do Ceará;24582,0;ER CAMOCIM;54400,71;939;59,0;2025-10-30;;
Oeste do Ceará;24582,0;ER CAMOCIM;31046,88;566;52,0;2025-10-31;;
Oeste do Ceará;24582,0;ER CAMOCIM;24116,64;441;39,0;2025-11-01;;
Oeste do Ceará;24582,0;ER CAMOCIM;42497,8;920;75,0;2025-11-03;;
Oeste do Ceará;24582,0;ER CAMOCIM;17402,6;394;37,0;2025-11-04;;
Oeste do Ceará;24582,0;ER CAMOCIM;21530,42;367;38,0;2025-11-05;;
Oeste do Ceará;24582,0;ER CAMOCIM;28943,68;452;44,0;2025-11-06;;
Oeste do Ceará;24582,0;ER CAMOCIM;34538,71;655;69,0;2025-11-07;;
Oeste do Ceará;24582,0;ER CAMOCIM;25556,54;434;37,0;2025-11-08;;
Oeste do Ceará;24582,0;ER CAMOCIM;46798,26;754;56,0;2025-11-10;;
Oeste do Ceará;24582,0;ER CAMOCIM;14057,05;292;35,0;2025-11-11;;
Oeste do Ceará;24582,0;ER CAMOCIM;35489,58;565;63,0;2025-11-12;;
Oeste do Ceará;24582,0;ER CAMOCIM;26846,89;388;39,0;2025-11-13;;
Oeste do Ceará;24582,0;ER CAMOCIM;26854,29;461;42,0;2025-11-14;;
Oeste do Ceará;24582,0;ER CAMOCIM;16737,51;311;41,0;2025-11-15;;
Oeste do Ceará;24582,0;ER CAMOCIM;25907,56;547;54,0;2025-11-17;;
Oeste do Ceará;24582,0;ER CAMOCIM;34496,94;711;56,0;2025-11-18;;
Oeste do Ceará;24582,0;ER CAMOCIM;15118,46;276;28,0;2025-11-19;;
Oeste do Ceará;24582,0;ER CAMOCIM;21470,48;337;34,0;2025-11-20;;
Oeste do Ceará;24582,0;ER CAMOCIM;29797,66;455;46,0;2025-11-21;;
Oeste do Ceará;24582,0;ER CAMOCIM;44316,65;631;50,0;2025-11-22;;
Oeste do Ceará;24582,0;ER CAMOCIM;11921,0;222;27,0;2025-11-24;;
Oeste do Ceará;24582,0;ER CAMOCIM;42221,93;879;67,0;2025-11-25;;
Oeste do Ceará;24582,0;ER CAMOCIM;25183,75;530;50,0;2025-11-26;;
Oeste do Ceará;24582,0;ER CAMOCIM;39721,23;912;80,0;2025-11-27;;
Oeste do Ceará;24582,0;ER CAMOCIM;48726,64;835;67,0;2025-11-28;;
Oeste do Ceará;24582,0;ER CAMOCIM;44462,89;807;92,0;2025-11-29;;
Oeste do Ceará;24582,0;ER CAMOCIM;10643,4;199;21,0;2025-11-30;;
Oeste do Ceará;24582,0;ER CAMOCIM;24176,3;490;45,0;2025-12-01;;
Oeste do Ceará;24582,0;ER CAMOCIM;45226,27;810;76,0;2025-12-02;;
Oeste do Ceará;24582,0;ER CAMOCIM;28169,48;665;49,0;2025-12-03;;
Oeste do Ceará;24582,0;ER CAMOCIM;26226,58;641;49,0;2025-12-04;;
Oeste do Ceará;24582,0;ER CAMOCIM;14827,63;381;27,0;2025-12-05;;
Oeste do Ceará;24582,0;ER CAMOCIM;9652,25;355;23,0;2025-12-06;;
Oeste do Ceará;24582,0;ER CAMOCIM;23902,81;549;42,0;2025-12-08;;
Oeste do Ceará;24582,0;ER CAMOCIM;23557,94;468;37,0;2025-12-09;;
Oeste do Ceará;24582,0;ER CAMOCIM;19674,34;394;35,0;2025-12-10;;
Oeste do Ceará;24582,0;ER CAMOCIM;16748,85;377;40,0;2025-12-11;;
Oeste do Ceará;24582,0;ER CAMOCIM;41450,11;772;46,0;2025-12-12;;
Oeste do Ceará;24582,0;ER CAMOCIM;23015,72;420;40,0;2025-12-13;;
Oeste do Ceará;24582,0;ER CAMOCIM;38483,21;620;72,0;2025-12-15;;
Oeste do Ceará;24582,0;ER CAMOCIM;35248,12;632;67,0;2025-12-16;;
Oeste do Ceará;24582,0;ER CAMOCIM;24929,5;472;56,0;2025-12-17;;
Oeste do Ceará;24582,0;ER CAMOCIM;25753,7;456;49,0;2025-12-18;;
Oeste do Ceará;24582,0;ER CAMOCIM;29271,73;450;40,0;2025-12-19;;
Oeste do Ceará;24582,0;ER CAMOCIM;17962,67;296;34,0;2025-12-20;;
Oeste do Ceará;24582,0;ER CAMOCIM;4346,54;56;8,0;2025-12-21;;
Oeste do Ceará;24582,0;ER CAMOCIM;27163,64;356;42,0;2025-12-22;;
Oeste do Ceará;24582,0;ER CAMOCIM;29946,32;619;61,0;2025-12-23;;
Oeste do Ceará;24582,0;ER CAMOCIM;14282,19;319;39,0;2025-12-24;;
Oeste do Ceará;24582,0;ER CAMOCIM;30048,16;610;38,0;2025-12-26;;
Oeste do Ceará;24582,0;ER CAMOCIM;35965,94;693;57,0;2025-12-27;;
Oeste do Ceará;24582,0;ER CAMOCIM;44646,56;796;77,0;2025-12-29;;
Oeste do Ceará;24582,0;ER CAMOCIM;32616,98;613;62,0;2025-12-30;;
Oeste do Ceará;24582,0;ER CAMOCIM;62567,3;1062;58,0;2025-12-31;;
Oeste do Ceará;24591,0;ER ITAPIPOCA;54617,66;853;34,0;2025-09-29;;
Oeste do Ceará;24591,0;ER ITAPIPOCA;99448,16;2130;118,0;2025-09-30;;
Oeste do Ceará;24591,0;ER ITAPIPOCA;51264,96;972;80,0;2025-10-01;;
Oeste do Ceará;24591,0;ER ITAPIPOCA;48857,13;923;65,0;2025-10-02;;
Oeste do Ceará;24591,0;ER ITAPIPOCA;58393,52;1104;94,0;2025-10-03;;
Oeste do Ceará;24591,0;ER ITAPIPOCA;43656,35;764;64,0;2025-10-04;;
Oeste do Ceará;24591,0;ER ITAPIPOCA;41782,06;824;88,0;2025-10-06;;
Oeste do Ceará;24591,0;ER ITAPIPOCA;44457,88;866;70,0;2025-10-07;;
Oeste do Ceará;24591,0;ER ITAPIPOCA;36209,8;684;52,0;2025-10-08;;
Oeste do Ceará;24591,0;ER ITAPIPOCA;43741,64;670;60,0;2025-10-09;;
Oeste do Ceará;24591,0;ER ITAPIPOCA;42424,04;861;77,0;2025-10-10;;
Oeste do Ceará;24591,0;ER ITAPIPOCA;55431,61;920;76,0;2025-10-11;;
Oeste do Ceará;24591,0;ER ITAPIPOCA;48301,96;1074;87,0;2025-10-13;;
Oeste do Ceará;24591,0;ER ITAPIPOCA;42480,08;669;72,0;2025-10-14;;
Oeste do Ceará;24591,0;ER ITAPIPOCA;36562,14;617;66,0;2025-10-15;;
Oeste do Ceará;24591,0;ER ITAPIPOCA;17642,71;301;35,0;2025-10-16;;
Oeste do Ceará;24591,0;ER ITAPIPOCA;32836,46;524;61,0;2025-10-17;;
Oeste do Ceará;24591,0;ER ITAPIPOCA;29696,22;629;38,0;2025-10-18;;
Oeste do Ceará;24591,0;ER ITAPIPOCA;56250,17;1104;105,0;2025-10-21;;
Oeste do Ceará;24591,0;ER ITAPIPOCA;32645,27;573;67,0;2025-10-22;;
Oeste do Ceará;24591,0;ER ITAPIPOCA;40664,16;959;79,0;2025-10-23;;
Oeste do Ceará;24591,0;ER ITAPIPOCA;27464,07;662;52,0;2025-10-24;;
Oeste do Ceará;24591,0;ER ITAPIPOCA;28871,17;636;50,0;2025-10-25;;
Oeste do Ceará;24591,0;ER ITAPIPOCA;46522,24;774;77,0;2025-10-27;;
Oeste do Ceará;24591,0;ER ITAPIPOCA;35270,5;547;60,0;2025-10-28;;
Oeste do Ceará;24591,0;ER ITAPIPOCA;75430,97;1705;107,0;2025-10-29;;
Oeste do Ceará;24591,0;ER ITAPIPOCA;47334,32;1045;86,0;2025-10-30;;
Oeste do Ceará;24591,0;ER ITAPIPOCA;55357,87;1118;123,0;2025-10-31;;
Oeste do Ceará;24591,0;ER ITAPIPOCA;26766,72;435;55,0;2025-11-01;;
Oeste do Ceará;24591,0;ER ITAPIPOCA;39278,08;902;101,0;2025-11-03;;
Oeste do Ceará;24591,0;ER ITAPIPOCA;56869,27;1340;101,0;2025-11-04;;
Oeste do Ceará;24591,0;ER ITAPIPOCA;79317,99;1848;143,0;2025-11-05;;
Oeste do Ceará;24591,0;ER ITAPIPOCA;54301,3;1002;97,0;2025-11-06;;
Oeste do Ceará;24591,0;ER ITAPIPOCA;45835,17;1468;106,0;2025-11-07;;
Oeste do Ceará;24591,0;ER ITAPIPOCA;37040,18;832;69,0;2025-11-08;;
Oeste do Ceará;24591,0;ER ITAPIPOCA;57342,32;1280;109,0;2025-11-10;;
Oeste do Ceará;24591,0;ER ITAPIPOCA;44483,39;1037;104,0;2025-11-11;;
Oeste do Ceará;24591,0;ER ITAPIPOCA;47559,23;1070;105,0;2025-11-12;;
Oeste do Ceará;24591,0;ER ITAPIPOCA;49475,61;925;87,0;2025-11-13;;
Oeste do Ceará;24591,0;ER ITAPIPOCA;69782,87;1511;130,0;2025-11-14;;
Oeste do Ceará;24591,0;ER ITAPIPOCA;26287,24;581;62,0;2025-11-15;;
Oeste do Ceará;24591,0;ER ITAPIPOCA;68594,62;1886;104,0;2025-11-17;;
Oeste do Ceará;24591,0;ER ITAPIPOCA;42455,81;824;92,0;2025-11-18;;
Oeste do Ceará;24591,0;ER ITAPIPOCA;36945,07;682;88,0;2025-11-19;;
Oeste do Ceará;24591,0;ER ITAPIPOCA;47480,71;813;84,0;2025-11-20;;
Oeste do Ceará;24591,0;ER ITAPIPOCA;56003,66;982;120,0;2025-11-21;;
Oeste do Ceará;24591,0;ER ITAPIPOCA;23409,98;413;41,0;2025-11-22;;
Oeste do Ceará;24591,0;ER ITAPIPOCA;35581,46;834;73,0;2025-11-24;;
Oeste do Ceará;24591,0;ER ITAPIPOCA;53258,76;949;87,0;2025-11-25;;
Oeste do Ceará;24591,0;ER ITAPIPOCA;80476,02;1604;108,0;2025-11-26;;
Oeste do Ceará;24591,0;ER ITAPIPOCA;218239,07;3792;201,0;2025-11-27;;
Oeste do Ceará;24591,0;ER ITAPIPOCA;63701,21;1257;129,0;2025-11-28;;
Oeste do Ceará;24591,0;ER ITAPIPOCA;57529,7;1061;103,0;2025-11-29;;
Oeste do Ceará;24591,0;ER ITAPIPOCA;31027,5;680;22,0;2025-11-30;;
Oeste do Ceará;24591,0;ER ITAPIPOCA;41077,44;984;71,0;2025-12-01;;
Oeste do Ceará;24591,0;ER ITAPIPOCA;46485,57;1056;83,0;2025-12-02;;
Oeste do Ceará;24591,0;ER ITAPIPOCA;41110,6;990;79,0;2025-12-03;;
Oeste do Ceará;24591,0;ER ITAPIPOCA;43814,87;1000;95,0;2025-12-04;;
Oeste do Ceará;24591,0;ER ITAPIPOCA;51266,94;1577;71,0;2025-12-05;;
Oeste do Ceará;24591,0;ER ITAPIPOCA;22107,33;518;43,0;2025-12-06;;
Oeste do Ceará;24591,0;ER ITAPIPOCA;45888,39;1044;98,0;2025-12-08;;
Oeste do Ceará;24591,0;ER ITAPIPOCA;26365,79;675;55,0;2025-12-09;;
Oeste do Ceará;24591,0;ER ITAPIPOCA;39886,75;771;65,0;2025-12-10;;
Oeste do Ceará;24591,0;ER ITAPIPOCA;37314,65;765;76,0;2025-12-11;;
Oeste do Ceará;24591,0;ER ITAPIPOCA;51605,88;1030;98,0;2025-12-12;;
Oeste do Ceará;24591,0;ER ITAPIPOCA;48417,25;1011;97,0;2025-12-13;;
Oeste do Ceará;24591,0;ER ITAPIPOCA;44455,43;833;96,0;2025-12-15;;
Oeste do Ceará;24591,0;ER ITAPIPOCA;45226,18;935;108,0;2025-12-16;;
Oeste do Ceará;24591,0;ER ITAPIPOCA;55319,83;1257;101,0;2025-12-17;;
Oeste do Ceará;24591,0;ER ITAPIPOCA;28828,91;670;73,0;2025-12-18;;
Oeste do Ceará;24591,0;ER ITAPIPOCA;33729,61;697;53,0;2025-12-19;;
Oeste do Ceará;24591,0;ER ITAPIPOCA;37733,98;914;74,0;2025-12-20;;
Oeste do Ceará;24591,0;ER ITAPIPOCA;8441,14;212;23,0;2025-12-21;;
Oeste do Ceará;24591,0;ER ITAPIPOCA;14224,42;325;27,0;2025-12-22;;
Oeste do Ceará;24591,0;ER ITAPIPOCA;68943,77;1392;149,0;2025-12-23;;
Oeste do Ceará;24591,0;ER ITAPIPOCA;25877,26;457;63,0;2025-12-24;;
Oeste do Ceará;24591,0;ER ITAPIPOCA;111357,06;2086;152,0;2025-12-26;;
Oeste do Ceará;24591,0;ER ITAPIPOCA;45702,22;798;43,0;2025-12-27;;
Oeste do Ceará;24591,0;ER ITAPIPOCA;134560,81;2249;131,0;2025-12-29;;
Oeste do Ceará;24591,0;ER ITAPIPOCA;66562,03;1252;111,0;2025-12-30;;
Oeste do Ceará;24591,0;ER ITAPIPOCA;22909,28;413;40,0;2025-12-31;;
Litoral Norte;12488,0;EXTREMOZ;7750,71;150;13,0;2025-01-02;;
Litoral Norte;12488,0;EXTREMOZ;7779,39;140;17,0;2025-01-03;;
Litoral Norte;12488,0;EXTREMOZ;21806,94;401;25,0;2025-01-04;;
Litoral Norte;12488,0;EXTREMOZ;12362,22;214;20,0;2025-01-06;;
Litoral Norte;12488,0;EXTREMOZ;9462,67;137;17,0;2025-01-07;;
Litoral Norte;12488,0;EXTREMOZ;12097,38;205;19,0;2025-01-08;;
Litoral Norte;12488,0;EXTREMOZ;14042,57;222;16,0;2025-01-09;;
Litoral Norte;12488,0;EXTREMOZ;10737,71;192;16,0;2025-01-10;;
Litoral Norte;12488,0;EXTREMOZ;11490,46;205;22,0;2025-01-11;;
Litoral Norte;12488,0;EXTREMOZ;6793,62;102;16,0;2025-01-13;;
Litoral Norte;12488,0;EXTREMOZ;5085,27;93;9,0;2025-01-14;;
Litoral Norte;12488,0;EXTREMOZ;17157,43;270;21,0;2025-01-15;;
Litoral Norte;12488,0;EXTREMOZ;21827,89;310;29,0;2025-01-16;;
Litoral Norte;12488,0;EXTREMOZ;23527,62;329;33,0;2025-01-17;;
Litoral Norte;12488,0;EXTREMOZ;19629,9;285;28,0;2025-01-18;;
Litoral Norte;12488,0;EXTREMOZ;10412,62;193;18,0;2025-01-20;;
Litoral Norte;12488,0;EXTREMOZ;17586,68;298;26,0;2025-01-21;;
Litoral Norte;12488,0;EXTREMOZ;11167,25;217;19,0;2025-01-22;;
Litoral Norte;12488,0;EXTREMOZ;5775,13;113;8,0;2025-01-23;;
Litoral Norte;12488,0;EXTREMOZ;10213,11;140;14,0;2025-01-24;;
Litoral Norte;12488,0;EXTREMOZ;16904,2;284;20,0;2025-01-25;;
Litoral Norte;12488,0;EXTREMOZ;9281,34;155;13,0;2025-01-27;;
Litoral Norte;12488,0;EXTREMOZ;10322,6;179;10,0;2025-01-28;;
Litoral Norte;12488,0;EXTREMOZ;10370,83;177;18,0;2025-01-29;;
Litoral Norte;12488,0;EXTREMOZ;10380,76;182;18,0;2025-01-30;;
Litoral Norte;12488,0;EXTREMOZ;9961,63;168;13,0;2025-01-31;;
Litoral Norte;12488,0;EXTREMOZ;14511,72;227;17,0;2025-02-01;;
Litoral Norte;12488,0;EXTREMOZ;8228,95;155;14,0;2025-02-03;;
Litoral Norte;12488,0;EXTREMOZ;9393,62;141;11,0;2025-02-04;;
Litoral Norte;12488,0;EXTREMOZ;9732,42;155;17,0;2025-02-05;;
Litoral Norte;12488,0;EXTREMOZ;9882,07;161;18,0;2025-02-06;;
Litoral Norte;12488,0;EXTREMOZ;13167,15;194;21,0;2025-02-07;;
Litoral Norte;12488,0;EXTREMOZ;23397,71;392;35,0;2025-02-08;;
Litoral Norte;12488,0;EXTREMOZ;17778,62;265;26,0;2025-02-10;;
Litoral Norte;12488,0;EXTREMOZ;16684,02;259;31,0;2025-02-11;;
Litoral Norte;12488,0;EXTREMOZ;12607,94;233;29,0;2025-02-12;;
Litoral Norte;12488,0;EXTREMOZ;14439,82;228;22,0;2025-02-13;;
Litoral Norte;12488,0;EXTREMOZ;8937,66;123;17,0;2025-02-14;;
Litoral Norte;12488,0;EXTREMOZ;27126,36;457;28,0;2025-02-15;;
Litoral Norte;12488,0;EXTREMOZ;3356,59;46;6,0;2025-02-17;;
Litoral Norte;12488,0;EXTREMOZ;8906,44;156;21,0;2025-02-18;;
Litoral Norte;12488,0;EXTREMOZ;4001,66;73;9,0;2025-02-19;;
Litoral Norte;12488,0;EXTREMOZ;3776,02;79;13,0;2025-02-20;;
Litoral Norte;12488,0;EXTREMOZ;10778,25;161;15,0;2025-02-21;;
Litoral Norte;12488,0;EXTREMOZ;21134,35;345;35,0;2025-02-22;;
Litoral Norte;12488,0;EXTREMOZ;4847,45;88;12,0;2025-02-24;;
Litoral Norte;12488,0;EXTREMOZ;7470,92;108;18,0;2025-02-25;;
Litoral Norte;12488,0;EXTREMOZ;16524,03;280;26,0;2025-02-26;;
Litoral Norte;12488,0;EXTREMOZ;12487,24;207;23,0;2025-02-27;;
Litoral Norte;12488,0;EXTREMOZ;10727,26;164;21,0;2025-02-28;;
Litoral Norte;12488,0;EXTREMOZ;12037,56;195;26,0;2025-03-01;;
Litoral Norte;12488,0;EXTREMOZ;11416,21;215;17,0;2025-03-05;;
Litoral Norte;12488,0;EXTREMOZ;12195,65;211;24,0;2025-03-06;;
Litoral Norte;12488,0;EXTREMOZ;9984,68;168;18,0;2025-03-07;;
Litoral Norte;12488,0;EXTREMOZ;30501,42;610;30,0;2025-03-08;;
Litoral Norte;12488,0;EXTREMOZ;28533,11;462;32,0;2025-03-10;;
Litoral Norte;12488,0;EXTREMOZ;8164,52;149;17,0;2025-03-11;;
Litoral Norte;12488,0;EXTREMOZ;39896,88;465;25,0;2025-03-12;;
Litoral Norte;12488,0;EXTREMOZ;11244,74;202;23,0;2025-03-13;;
Litoral Norte;12488,0;EXTREMOZ;32875,4;403;34,0;2025-03-14;;
Litoral Norte;12488,0;EXTREMOZ;14469,21;176;18,0;2025-03-15;;
Litoral Norte;12488,0;EXTREMOZ;11836,95;120;15,0;2025-03-17;;
Litoral Norte;12488,0;EXTREMOZ;13699,08;163;19,0;2025-03-18;;
Litoral Norte;12488,0;EXTREMOZ;15199,31;208;22,0;2025-03-19;;
Litoral Norte;12488,0;EXTREMOZ;9319,22;146;14,0;2025-03-20;;
Litoral Norte;12488,0;EXTREMOZ;10294,83;130;16,0;2025-03-21;;
Litoral Norte;12488,0;EXTREMOZ;25578,37;304;22,0;2025-03-22;;
Litoral Norte;12488,0;EXTREMOZ;17492,96;281;29,0;2025-03-24;;
Litoral Norte;12488,0;EXTREMOZ;24129,87;430;32,0;2025-03-25;;
Litoral Norte;12488,0;EXTREMOZ;11448,62;203;22,0;2025-03-26;;
Litoral Norte;12488,0;EXTREMOZ;13714,94;285;19,0;2025-03-27;;
Litoral Norte;12488,0;EXTREMOZ;9444,59;146;14,0;2025-03-28;;
Litoral Norte;12488,0;EXTREMOZ;23570,35;396;27,0;2025-03-29;;
Litoral Norte;12488,0;EXTREMOZ;11593,87;188;22,0;2025-03-31;;
Litoral Norte;12488,0;EXTREMOZ;9674,7;152;19,0;2025-04-01;;
Litoral Norte;12488,0;EXTREMOZ;8414,41;112;14,0;2025-04-02;;
Litoral Norte;12488,0;EXTREMOZ;12044,09;179;24,0;2025-04-03;;
Litoral Norte;12488,0;EXTREMOZ;7104,12;95;10,0;2025-04-04;;
Litoral Norte;12488,0;EXTREMOZ;27000,22;399;25,0;2025-04-05;;
Litoral Norte;12488,0;EXTREMOZ;17257,21;263;23,0;2025-04-07;;
Litoral Norte;12488,0;EXTREMOZ;13703,2;249;14,0;2025-04-08;;
Litoral Norte;12488,0;EXTREMOZ;15826,97;242;27,0;2025-04-09;;
Litoral Norte;12488,0;EXTREMOZ;10889,29;167;18,0;2025-04-10;;
Litoral Norte;12488,0;EXTREMOZ;19896,01;284;30,0;2025-04-11;;
Litoral Norte;12488,0;EXTREMOZ;19347,67;345;32,0;2025-04-12;;
Litoral Norte;12488,0;EXTREMOZ;22994,08;408;33,0;2025-04-14;;
Litoral Norte;12488,0;EXTREMOZ;16249,21;281;27,0;2025-04-15;;
Litoral Norte;12488,0;EXTREMOZ;11251,18;206;18,0;2025-04-16;;
Litoral Norte;12488,0;EXTREMOZ;9960,34;176;19,0;2025-04-17;;
Litoral Norte;12488,0;EXTREMOZ;20894,26;360;28,0;2025-04-19;;
Litoral Norte;12488,0;EXTREMOZ;7505,66;131;6,0;2025-04-21;;
Litoral Norte;12488,0;EXTREMOZ;12095,5;190;17,0;2025-04-22;;
Litoral Norte;12488,0;EXTREMOZ;10955,88;177;16,0;2025-04-23;;
Litoral Norte;12488,0;EXTREMOZ;9298,85;145;13,0;2025-04-24;;
Litoral Norte;12488,0;EXTREMOZ;11786,47;209;20,0;2025-04-25;;
Litoral Norte;12488,0;EXTREMOZ;24758,6;426;22,0;2025-04-26;;
Litoral Norte;12488,0;EXTREMOZ;15169,05;243;20,0;2025-04-28;;
Litoral Norte;12488,0;EXTREMOZ;12320,3;173;17,0;2025-04-29;;
Litoral Norte;12488,0;EXTREMOZ;14027,22;207;21,0;2025-04-30;;
Litoral Norte;12488,0;EXTREMOZ;19287,85;340;27,0;2025-05-02;;
Litoral Norte;12488,0;EXTREMOZ;16274,9;241;25,0;2025-05-03;;
Litoral Norte;12488,0;EXTREMOZ;13511,83;202;25,0;2025-05-05;;
Litoral Norte;12488,0;EXTREMOZ;18677,12;253;27,0;2025-05-06;;
Litoral Norte;12488,0;EXTREMOZ;36688,85;496;39,0;2025-05-07;;
Litoral Norte;12488,0;EXTREMOZ;22857,89;302;38,0;2025-05-08;;
Litoral Norte;12488,0;EXTREMOZ;21134,14;259;35,0;2025-05-09;;
Litoral Norte;12488,0;EXTREMOZ;29934,58;377;43,0;2025-05-10;;
Litoral Norte;12488,0;EXTREMOZ;3392,68;39;8,0;2025-05-11;;
Litoral Norte;12488,0;EXTREMOZ;11954,28;207;20,0;2025-05-12;;
Litoral Norte;12488,0;EXTREMOZ;26185,92;378;23,0;2025-05-13;;
Litoral Norte;12488,0;EXTREMOZ;5574,75;92;11,0;2025-05-14;;
Litoral Norte;12488,0;EXTREMOZ;5528,14;88;11,0;2025-05-15;;
Litoral Norte;12488,0;EXTREMOZ;11877,73;168;15,0;2025-05-16;;
Litoral Norte;12488,0;EXTREMOZ;24728,97;430;30,0;2025-05-17;;
Litoral Norte;12488,0;EXTREMOZ;38635,12;571;34,0;2025-05-19;;
Litoral Norte;12488,0;EXTREMOZ;16058,2;279;23,0;2025-05-20;;
Litoral Norte;12488,0;EXTREMOZ;11362,99;194;16,0;2025-05-21;;
Litoral Norte;12488,0;EXTREMOZ;1973,65;35;5,0;2025-05-22;;
Litoral Norte;12488,0;EXTREMOZ;36093,52;649;44,0;2025-05-23;;
Litoral Norte;12488,0;EXTREMOZ;28314,4;550;37,0;2025-05-24;;
Litoral Norte;12488,0;EXTREMOZ;12945,17;269;29,0;2025-05-26;;
Litoral Norte;12488,0;EXTREMOZ;13178,66;213;22,0;2025-05-27;;
Litoral Norte;12488,0;EXTREMOZ;13583,02;227;30,0;2025-05-28;;
Litoral Norte;12488,0;EXTREMOZ;8599,0;156;13,0;2025-05-29;;
Litoral Norte;12488,0;EXTREMOZ;8513,67;143;15,0;2025-05-30;;
Litoral Norte;12488,0;EXTREMOZ;24988,64;450;36,0;2025-05-31;;
Litoral Norte;12488,0;EXTREMOZ;7267,68;106;13,0;2025-06-02;;
Litoral Norte;12488,0;EXTREMOZ;13240,07;221;18,0;2025-06-03;;
Litoral Norte;12488,0;EXTREMOZ;5316,55;63;10,0;2025-06-04;;
Litoral Norte;12488,0;EXTREMOZ;21739,67;374;36,0;2025-06-05;;
Litoral Norte;12488,0;EXTREMOZ;15520,52;248;20,0;2025-06-06;;
Litoral Norte;12488,0;EXTREMOZ;23999,32;405;39,0;2025-06-07;;
Litoral Norte;12488,0;EXTREMOZ;10863,26;164;20,0;2025-06-09;;
Litoral Norte;12488,0;EXTREMOZ;14730,17;200;22,0;2025-06-10;;
Litoral Norte;12488,0;EXTREMOZ;14544,24;233;27,0;2025-06-11;;
Litoral Norte;12488,0;EXTREMOZ;16242,78;266;33,0;2025-06-12;;
Litoral Norte;12488,0;EXTREMOZ;28973,12;614;36,0;2025-06-13;;
Litoral Norte;12488,0;EXTREMOZ;47782,19;846;52,0;2025-06-14;;
Litoral Norte;12488,0;EXTREMOZ;11665,42;215;18,0;2025-06-16;;
Litoral Norte;12488,0;EXTREMOZ;19283,98;281;21,0;2025-06-17;;
Litoral Norte;12488,0;EXTREMOZ;12071,08;201;20,0;2025-06-18;;
Litoral Norte;12488,0;EXTREMOZ;2537,29;48;5,0;2025-06-19;;
Litoral Norte;12488,0;EXTREMOZ;7311,64;120;17,0;2025-06-20;;
Litoral Norte;12488,0;EXTREMOZ;18217,58;307;27,0;2025-06-21;;
Litoral Norte;12488,0;EXTREMOZ;36487,57;426;38,0;2025-06-23;;
Litoral Norte;12488,0;EXTREMOZ;11236,03;149;17,0;2025-06-24;;
Litoral Norte;12488,0;EXTREMOZ;10954,45;161;18,0;2025-06-25;;
Litoral Norte;12488,0;EXTREMOZ;10760,61;139;17,0;2025-06-26;;
Litoral Norte;12488,0;EXTREMOZ;19661,0;211;20,0;2025-06-27;;
Litoral Norte;12488,0;EXTREMOZ;28011,92;369;32,0;2025-06-28;;
Litoral Norte;12488,0;EXTREMOZ;34863,74;574;34,0;2025-06-30;;
Litoral Norte;12488,0;EXTREMOZ;23410,51;404;35,0;2025-07-01;;
Litoral Norte;12488,0;EXTREMOZ;15433,11;246;17,0;2025-07-02;;
Litoral Norte;12488,0;EXTREMOZ;12340,65;202;21,0;2025-07-03;;
Litoral Norte;12488,0;EXTREMOZ;12270,43;209;20,0;2025-07-04;;
Litoral Norte;12488,0;EXTREMOZ;18581,91;332;30,0;2025-07-05;;
Litoral Norte;12488,0;EXTREMOZ;19069,34;310;27,0;2025-07-07;;
Litoral Norte;12488,0;EXTREMOZ;8160,58;128;14,0;2025-07-08;;
Litoral Norte;12488,0;EXTREMOZ;9839,03;153;15,0;2025-07-09;;
Litoral Norte;12488,0;EXTREMOZ;13265,8;203;20,0;2025-07-10;;
Litoral Norte;12488,0;EXTREMOZ;9830,66;176;16,0;2025-07-11;;
Litoral Norte;12488,0;EXTREMOZ;14887,32;195;25,0;2025-07-12;;
Litoral Norte;12488,0;EXTREMOZ;6323,97;109;14,0;2025-07-14;;
Litoral Norte;12488,0;EXTREMOZ;6071,86;78;12,0;2025-07-15;;
Litoral Norte;12488,0;EXTREMOZ;67195,86;1552;59,0;2025-07-16;;
Litoral Norte;12488,0;EXTREMOZ;21891,73;424;29,0;2025-07-17;;
Litoral Norte;12488,0;EXTREMOZ;14443,12;313;28,0;2025-07-18;;
Litoral Norte;12488,0;EXTREMOZ;25681,96;508;41,0;2025-07-19;;
Litoral Norte;12488,0;EXTREMOZ;42534,45;839;46,0;2025-07-21;;
Litoral Norte;12488,0;EXTREMOZ;16575,62;293;24,0;2025-07-22;;
Litoral Norte;12488,0;EXTREMOZ;26911,4;563;35,0;2025-07-23;;
Litoral Norte;12488,0;EXTREMOZ;8435,85;146;13,0;2025-07-24;;
Litoral Norte;12488,0;EXTREMOZ;17477,38;334;24,0;2025-07-25;;
Litoral Norte;12488,0;EXTREMOZ;24215,65;515;35,0;2025-07-26;;
Litoral Norte;12488,0;EXTREMOZ;9491,61;200;13,0;2025-07-28;;
Litoral Norte;12488,0;EXTREMOZ;13016,67;243;19,0;2025-07-29;;
Litoral Norte;12488,0;EXTREMOZ;6987,96;132;14,0;2025-07-30;;
Litoral Norte;12488,0;EXTREMOZ;21064,4;384;30,0;2025-07-31;;
Litoral Norte;12488,0;EXTREMOZ;14156,05;260;24,0;2025-08-01;;
Litoral Norte;12488,0;EXTREMOZ;38130,66;625;35,0;2025-08-02;;
Litoral Norte;12488,0;EXTREMOZ;14139,47;311;23,0;2025-08-04;;
Litoral Norte;12488,0;EXTREMOZ;24146,52;466;37,0;2025-08-05;;
Litoral Norte;12488,0;EXTREMOZ;11901,26;242;19,0;2025-08-06;;
Litoral Norte;12488,0;EXTREMOZ;19062,93;418;33,0;2025-08-07;;
Litoral Norte;12488,0;EXTREMOZ;26960,46;443;45,0;2025-08-08;;
Litoral Norte;12488,0;EXTREMOZ;25705,75;450;48,0;2025-08-09;;
Litoral Norte;12488,0;EXTREMOZ;24652,04;602;36,0;2025-08-11;;
Litoral Norte;12488,0;EXTREMOZ;23155,93;461;39,0;2025-08-12;;
Litoral Norte;12488,0;EXTREMOZ;23471,09;448;24,0;2025-08-13;;
Litoral Norte;12488,0;EXTREMOZ;14124,26;283;23,0;2025-08-14;;
Litoral Norte;12488,0;EXTREMOZ;5592,35;114;13,0;2025-08-15;;
Litoral Norte;12488,0;EXTREMOZ;22324,06;443;33,0;2025-08-16;;
Litoral Norte;12488,0;EXTREMOZ;9116,21;162;16,0;2025-08-18;;
Litoral Norte;12488,0;EXTREMOZ;21238,74;329;27,0;2025-08-19;;
Litoral Norte;12488,0;EXTREMOZ;15192,93;296;23,0;2025-08-20;;
Litoral Norte;12488,0;EXTREMOZ;19028,45;397;29,0;2025-08-21;;
Litoral Norte;12488,0;EXTREMOZ;12566,2;265;21,0;2025-08-22;;
Litoral Norte;12488,0;EXTREMOZ;21366,25;452;33,0;2025-08-23;;
Litoral Norte;12488,0;EXTREMOZ;4995,19;103;9,0;2025-08-25;;
Litoral Norte;12488,0;EXTREMOZ;22439,48;464;37,0;2025-08-26;;
Litoral Norte;12488,0;EXTREMOZ;13865,48;331;19,0;2025-08-27;;
Litoral Norte;12488,0;EXTREMOZ;23926,6;474;33,0;2025-08-28;;
Litoral Norte;12488,0;EXTREMOZ;16139,91;319;27,0;2025-08-29;;
Litoral Norte;12488,0;EXTREMOZ;24303,51;543;45,0;2025-08-30;;
Litoral Norte;12488,0;EXTREMOZ;19759,76;434;30,0;2025-09-01;;
Litoral Norte;12488,0;EXTREMOZ;14926,56;348;28,0;2025-09-02;;
Litoral Norte;12488,0;EXTREMOZ;12515,03;231;19,0;2025-09-03;;
Litoral Norte;12488,0;EXTREMOZ;12290,73;251;21,0;2025-09-04;;
Litoral Norte;12488,0;EXTREMOZ;36731,31;573;41,0;2025-09-05;;
Litoral Norte;12488,0;EXTREMOZ;34947,84;632;41,0;2025-09-06;;
Litoral Norte;12488,0;EXTREMOZ;11794,65;211;19,0;2025-09-08;;
Litoral Norte;12488,0;EXTREMOZ;13350,69;250;25,0;2025-09-09;;
Litoral Norte;12488,0;EXTREMOZ;11654,74;213;20,0;2025-09-10;;
Litoral Norte;12488,0;EXTREMOZ;19598,39;330;31,0;2025-09-11;;
Litoral Norte;12488,0;EXTREMOZ;12309,67;228;28,0;2025-09-12;;
Litoral Norte;12488,0;EXTREMOZ;16100,13;302;23,0;2025-09-13;;
Litoral Norte;12488,0;EXTREMOZ;7850,26;163;14,0;2025-09-14;;
Litoral Norte;12488,0;EXTREMOZ;7448,05;162;14,0;2025-09-15;;
Litoral Norte;12488,0;EXTREMOZ;23509,48;389;38,0;2025-09-16;;
Litoral Norte;12488,0;EXTREMOZ;20912,65;560;35,0;2025-09-17;;
Litoral Norte;12488,0;EXTREMOZ;16438,84;311;31,0;2025-09-18;;
Litoral Norte;12488,0;EXTREMOZ;20024,06;359;28,0;2025-09-19;;
Litoral Norte;12488,0;EXTREMOZ;26467,87;484;41,0;2025-09-20;;
Litoral Norte;12488,0;EXTREMOZ;63778,98;1055;39,0;2025-09-22;;
Litoral Norte;12488,0;EXTREMOZ;16644,59;351;33,0;2025-09-23;;
Litoral Norte;12488,0;EXTREMOZ;19260,87;460;29,0;2025-09-24;;
Litoral Norte;12488,0;EXTREMOZ;12664,72;283;16,0;2025-09-25;;
Litoral Norte;12488,0;EXTREMOZ;16154,44;371;29,0;2025-09-26;;
Litoral Norte;12488,0;EXTREMOZ;17886,27;394;28,0;2025-09-27;;
Litoral Norte;12488,0;EXTREMOZ;6003,01;196;13,0;2025-09-29;;
Litoral Norte;12488,0;EXTREMOZ;17213,1;501;26,0;2025-09-30;;
Litoral Norte;12488,0;EXTREMOZ;14071,83;311;22,0;2025-10-01;;
Litoral Norte;12488,0;EXTREMOZ;14848,95;330;26,0;2025-10-02;;
Litoral Norte;12488,0;EXTREMOZ;34102,85;493;29,0;2025-10-03;;
Litoral Norte;12488,0;EXTREMOZ;36021,16;627;41,0;2025-10-04;;
Litoral Norte;12488,0;EXTREMOZ;11232,39;229;20,0;2025-10-06;;
Litoral Norte;12488,0;EXTREMOZ;20366,13;369;28,0;2025-10-07;;
Litoral Norte;12488,0;EXTREMOZ;22558,42;469;35,0;2025-10-08;;
Litoral Norte;12488,0;EXTREMOZ;16975,94;336;28,0;2025-10-09;;
Litoral Norte;12488,0;EXTREMOZ;30454,48;485;28,0;2025-10-10;;
Litoral Norte;12488,0;EXTREMOZ;24244,59;425;43,0;2025-10-11;;
Litoral Norte;12488,0;EXTREMOZ;14119,0;302;24,0;2025-10-13;;
Litoral Norte;12488,0;EXTREMOZ;14153,04;285;26,0;2025-10-14;;
Litoral Norte;12488,0;EXTREMOZ;10030,23;241;21,0;2025-10-15;;
Litoral Norte;12488,0;EXTREMOZ;18355,3;518;28,0;2025-10-16;;
Litoral Norte;12488,0;EXTREMOZ;10204,43;240;23,0;2025-10-17;;
Litoral Norte;12488,0;EXTREMOZ;18908,22;381;31,0;2025-10-18;;
Litoral Norte;12488,0;EXTREMOZ;6188,27;120;14,0;2025-10-20;;
Litoral Norte;12488,0;EXTREMOZ;8758,17;161;14,0;2025-10-21;;
Litoral Norte;12488,0;EXTREMOZ;28613,8;497;36,0;2025-10-22;;
Litoral Norte;12488,0;EXTREMOZ;9059,83;147;12,0;2025-10-23;;
Litoral Norte;12488,0;EXTREMOZ;13242,35;222;24,0;2025-10-24;;
Litoral Norte;12488,0;EXTREMOZ;14656,02;263;27,0;2025-10-25;;
Litoral Norte;12488,0;EXTREMOZ;9260,52;202;21,0;2025-10-27;;
Litoral Norte;12488,0;EXTREMOZ;9325,55;212;16,0;2025-10-28;;
Litoral Norte;12488,0;EXTREMOZ;10754,21;305;13,0;2025-10-29;;
Litoral Norte;12488,0;EXTREMOZ;30861,16;594;48,0;2025-10-30;;
Litoral Norte;12488,0;EXTREMOZ;13934,93;257;27,0;2025-10-31;;
Litoral Norte;12488,0;EXTREMOZ;35481,67;603;52,0;2025-11-01;;
Litoral Norte;12488,0;EXTREMOZ;35630,16;727;38,0;2025-11-03;;
Litoral Norte;12488,0;EXTREMOZ;28772,51;611;44,0;2025-11-04;;
Litoral Norte;12488,0;EXTREMOZ;12974,12;267;23,0;2025-11-05;;
Litoral Norte;12488,0;EXTREMOZ;27225,37;488;34,0;2025-11-06;;
Litoral Norte;12488,0;EXTREMOZ;24923,39;519;44,0;2025-11-07;;
Litoral Norte;12488,0;EXTREMOZ;23814,05;491;41,0;2025-11-08;;
Litoral Norte;12488,0;EXTREMOZ;15254,45;329;29,0;2025-11-10;;
Litoral Norte;12488,0;EXTREMOZ;13604,31;333;27,0;2025-11-11;;
Litoral Norte;12488,0;EXTREMOZ;16869,01;325;29,0;2025-11-12;;
Litoral Norte;12488,0;EXTREMOZ;16276,31;315;28,0;2025-11-13;;
Litoral Norte;12488,0;EXTREMOZ;18132,95;317;31,0;2025-11-14;;
Litoral Norte;12488,0;EXTREMOZ;14856,39;294;21,0;2025-11-15;;
Litoral Norte;12488,0;EXTREMOZ;17757,44;328;29,0;2025-11-17;;
Litoral Norte;12488,0;EXTREMOZ;17409,53;288;22,0;2025-11-18;;
Litoral Norte;12488,0;EXTREMOZ;22786,2;345;30,0;2025-11-19;;
Litoral Norte;12488,0;EXTREMOZ;31080,75;475;31,0;2025-11-20;;
Litoral Norte;12488,0;EXTREMOZ;29192,55;452;42,0;2025-11-21;;
Litoral Norte;12488,0;EXTREMOZ;17765,56;268;30,0;2025-11-22;;
Litoral Norte;12488,0;EXTREMOZ;18569,97;284;24,0;2025-11-24;;
Litoral Norte;12488,0;EXTREMOZ;16442,15;299;25,0;2025-11-25;;
Litoral Norte;12488,0;EXTREMOZ;16534,66;330;25,0;2025-11-26;;
Litoral Norte;12488,0;EXTREMOZ;47121,73;917;56,0;2025-11-27;;
Litoral Norte;12488,0;EXTREMOZ;35587,98;616;59,0;2025-11-28;;
Litoral Norte;12488,0;EXTREMOZ;36372,97;556;44,0;2025-11-29;;
Litoral Norte;12488,0;EXTREMOZ;8067,3;122;12,0;2025-11-30;;
Litoral Norte;12488,0;EXTREMOZ;16534,63;334;25,0;2025-12-01;;
Litoral Norte;12488,0;EXTREMOZ;15248,59;255;25,0;2025-12-02;;
Litoral Norte;12488,0;EXTREMOZ;20580,57;360;31,0;2025-12-03;;
Litoral Norte;12488,0;EXTREMOZ;14438,53;308;37,0;2025-12-04;;
Litoral Norte;12488,0;EXTREMOZ;9393,08;252;18,0;2025-12-05;;
Litoral Norte;12488,0;EXTREMOZ;29306,07;670;36,0;2025-12-06;;
Litoral Norte;12488,0;EXTREMOZ;12302,47;299;27,0;2025-12-08;;
Litoral Norte;12488,0;EXTREMOZ;14107,48;349;27,0;2025-12-09;;
Litoral Norte;12488,0;EXTREMOZ;20107,06;413;25,0;2025-12-10;;
Litoral Norte;12488,0;EXTREMOZ;23678,32;533;35,0;2025-12-11;;
Litoral Norte;12488,0;EXTREMOZ;19096,41;459;36,0;2025-12-12;;
Litoral Norte;12488,0;EXTREMOZ;18814,52;422;44,0;2025-12-13;;
Litoral Norte;12488,0;EXTREMOZ;19868,68;383;39,0;2025-12-15;;
Litoral Norte;12488,0;EXTREMOZ;15278,78;311;28,0;2025-12-16;;
Litoral Norte;12488,0;EXTREMOZ;19381,37;399;35,0;2025-12-17;;
Litoral Norte;12488,0;EXTREMOZ;21717,27;449;36,0;2025-12-18;;
Litoral Norte;12488,0;EXTREMOZ;18791,24;352;31,0;2025-12-19;;
Litoral Norte;12488,0;EXTREMOZ;17021,4;439;48,0;2025-12-20;;
Litoral Norte;12488,0;EXTREMOZ;4360,03;99;10,0;2025-12-21;;
Litoral Norte;12488,0;EXTREMOZ;23099,38;472;40,0;2025-12-22;;
Litoral Norte;12488,0;EXTREMOZ;23705,33;501;44,0;2025-12-23;;
Litoral Norte;12488,0;EXTREMOZ;15397,53;308;31,0;2025-12-24;;
Litoral Norte;12488,0;EXTREMOZ;22059,57;484;28,0;2025-12-26;;
Litoral Norte;12488,0;EXTREMOZ;31102,9;600;49,0;2025-12-27;;
Litoral Norte;12488,0;EXTREMOZ;15503,88;327;28,0;2025-12-29;;
Litoral Norte;12488,0;EXTREMOZ;15124,3;307;30,0;2025-12-30;;
Litoral Norte;12488,0;EXTREMOZ;21793,06;336;20,0;2025-12-31;;
Litoral Sul;23258,0;GOIANINHA;1142,91;18;3,0;2025-01-02;;
Litoral Sul;23258,0;GOIANINHA;8180,72;124;12,0;2025-01-03;;
Litoral Sul;23258,0;GOIANINHA;8337,99;120;9,0;2025-01-04;;
Litoral Sul;23258,0;GOIANINHA;10566,37;164;11,0;2025-01-06;;
Litoral Sul;23258,0;GOIANINHA;6657,58;101;9,0;2025-01-07;;
Litoral Sul;23258,0;GOIANINHA;9635,9;144;12,0;2025-01-08;;
Litoral Sul;23258,0;GOIANINHA;5880,47;77;8,0;2025-01-09;;
Litoral Sul;23258,0;GOIANINHA;11124,86;137;14,0;2025-01-10;;
Litoral Sul;23258,0;GOIANINHA;9436,78;141;10,0;2025-01-11;;
Litoral Sul;23258,0;GOIANINHA;13266,06;181;9,0;2025-01-13;;
Litoral Sul;23258,0;GOIANINHA;5009,38;66;6,0;2025-01-14;;
Litoral Sul;23258,0;GOIANINHA;17300,96;265;11,0;2025-01-15;;
Litoral Sul;23258,0;GOIANINHA;34675,94;384;26,0;2025-01-16;;
Litoral Sul;23258,0;GOIANINHA;24451,05;282;20,0;2025-01-17;;
Litoral Sul;23258,0;GOIANINHA;29170,0;423;26,0;2025-01-18;;
Litoral Sul;23258,0;GOIANINHA;16131,12;285;21,0;2025-01-20;;
Litoral Sul;23258,0;GOIANINHA;9976,79;165;18,0;2025-01-21;;
Litoral Sul;23258,0;GOIANINHA;20168,83;290;19,0;2025-01-22;;
Litoral Sul;23258,0;GOIANINHA;12884,18;203;16,0;2025-01-23;;
Litoral Sul;23258,0;GOIANINHA;7716,61;123;12,0;2025-01-24;;
Litoral Sul;23258,0;GOIANINHA;10253,73;191;16,0;2025-01-25;;
Litoral Sul;23258,0;GOIANINHA;5858,37;102;11,0;2025-01-27;;
Litoral Sul;23258,0;GOIANINHA;6070,18;95;11,0;2025-01-28;;
Litoral Sul;23258,0;GOIANINHA;19632,79;307;23,0;2025-01-29;;
Litoral Sul;23258,0;GOIANINHA;11912,75;214;17,0;2025-01-30;;
Litoral Sul;23258,0;GOIANINHA;31148,21;465;28,0;2025-01-31;;
Litoral Sul;23258,0;GOIANINHA;6281,24;118;10,0;2025-02-01;;
Litoral Sul;23258,0;GOIANINHA;11864,06;148;16,0;2025-02-03;;
Litoral Sul;23258,0;GOIANINHA;8289,83;117;14,0;2025-02-04;;
Litoral Sul;23258,0;GOIANINHA;4008,47;55;11,0;2025-02-05;;
Litoral Sul;23258,0;GOIANINHA;13181,25;214;19,0;2025-02-06;;
Litoral Sul;23258,0;GOIANINHA;13012,46;207;20,0;2025-02-07;;
Litoral Sul;23258,0;GOIANINHA;19564,39;297;25,0;2025-02-08;;
Litoral Sul;23258,0;GOIANINHA;27268,95;418;29,0;2025-02-10;;
Litoral Sul;23258,0;GOIANINHA;19773,21;300;32,0;2025-02-11;;
Litoral Sul;23258,0;GOIANINHA;17494,56;266;21,0;2025-02-12;;
Litoral Sul;23258,0;GOIANINHA;15292,16;250;21,0;2025-02-13;;
Litoral Sul;23258,0;GOIANINHA;7215,36;124;10,0;2025-02-14;;
Litoral Sul;23258,0;GOIANINHA;5608,18;83;11,0;2025-02-15;;
Litoral Sul;23258,0;GOIANINHA;8755,6;129;11,0;2025-02-17;;
Litoral Sul;23258,0;GOIANINHA;7836,48;94;12,0;2025-02-18;;
Litoral Sul;23258,0;GOIANINHA;9525,63;150;19,0;2025-02-19;;
Litoral Sul;23258,0;GOIANINHA;6855,14;99;8,0;2025-02-20;;
Litoral Sul;23258,0;GOIANINHA;19867,11;259;20,0;2025-02-21;;
Litoral Sul;23258,0;GOIANINHA;14535,51;206;17,0;2025-02-22;;
Litoral Sul;23258,0;GOIANINHA;15538,17;187;16,0;2025-02-24;;
Litoral Sul;23258,0;GOIANINHA;15981,41;242;23,0;2025-02-25;;
Litoral Sul;23258,0;GOIANINHA;9282,06;126;8,0;2025-02-26;;
Litoral Sul;23258,0;GOIANINHA;11631,68;186;20,0;2025-02-27;;
Litoral Sul;23258,0;GOIANINHA;15189,62;249;31,0;2025-02-28;;
Litoral Sul;23258,0;GOIANINHA;11007,25;163;21,0;2025-03-01;;
Litoral Sul;23258,0;GOIANINHA;9734,64;188;16,0;2025-03-05;;
Litoral Sul;23258,0;GOIANINHA;10769,15;169;23,0;2025-03-06;;
Litoral Sul;23258,0;GOIANINHA;12588,98;191;22,0;2025-03-07;;
Litoral Sul;23258,0;GOIANINHA;5874,03;95;11,0;2025-03-08;;
Litoral Sul;23258,0;GOIANINHA;48462,23;683;37,0;2025-03-10;;
Litoral Sul;23258,0;GOIANINHA;27895,63;427;30,0;2025-03-11;;
Litoral Sul;23258,0;GOIANINHA;8692,15;158;18,0;2025-03-12;;
Litoral Sul;23258,0;GOIANINHA;20544,52;278;16,0;2025-03-13;;
Litoral Sul;23258,0;GOIANINHA;32542,68;334;28,0;2025-03-14;;
Litoral Sul;23258,0;GOIANINHA;29816,6;326;21,0;2025-03-15;;
Litoral Sul;23258,0;GOIANINHA;556,21;5;1,0;2025-03-17;;
Litoral Sul;23258,0;GOIANINHA;32826,84;348;23,0;2025-03-18;;
Litoral Sul;23258,0;GOIANINHA;23564,6;319;19,0;2025-03-19;;
Litoral Sul;23258,0;GOIANINHA;8488,69;119;12,0;2025-03-20;;
Litoral Sul;23258,0;GOIANINHA;17101,62;181;17,0;2025-03-21;;
Litoral Sul;23258,0;GOIANINHA;5171,18;88;13,0;2025-03-22;;
Litoral Sul;23258,0;GOIANINHA;65190,51;1180;30,0;2025-03-24;;
Litoral Sul;23258,0;GOIANINHA;15499,67;256;22,0;2025-03-25;;
Litoral Sul;23258,0;GOIANINHA;16138,49;321;16,0;2025-03-26;;
Litoral Sul;23258,0;GOIANINHA;14751,32;242;17,0;2025-03-27;;
Litoral Sul;23258,0;GOIANINHA;7140,06;117;9,0;2025-03-28;;
Litoral Sul;23258,0;GOIANINHA;8335,09;155;16,0;2025-03-29;;
Litoral Sul;23258,0;GOIANINHA;15362,92;217;20,0;2025-03-31;;
Litoral Sul;23258,0;GOIANINHA;8178,43;130;13,0;2025-04-01;;
Litoral Sul;23258,0;GOIANINHA;12699,19;235;20,0;2025-04-02;;
Litoral Sul;23258,0;GOIANINHA;11775,4;198;19,0;2025-04-03;;
Litoral Sul;23258,0;GOIANINHA;18219,6;262;20,0;2025-04-04;;
Litoral Sul;23258,0;GOIANINHA;9570,96;202;14,0;2025-04-05;;
Litoral Sul;23258,0;GOIANINHA;10702,8;138;12,0;2025-04-07;;
Litoral Sul;23258,0;GOIANINHA;12830,76;168;16,0;2025-04-08;;
Litoral Sul;23258,0;GOIANINHA;13967,47;218;22,0;2025-04-09;;
Litoral Sul;23258,0;GOIANINHA;8189,22;141;19,0;2025-04-10;;
Litoral Sul;23258,0;GOIANINHA;14388,06;299;14,0;2025-04-11;;
Litoral Sul;23258,0;GOIANINHA;7925,88;138;18,0;2025-04-12;;
Litoral Sul;23258,0;GOIANINHA;18286,54;302;24,0;2025-04-14;;
Litoral Sul;23258,0;GOIANINHA;15583,55;255;30,0;2025-04-15;;
Litoral Sul;23258,0;GOIANINHA;10122,7;129;10,0;2025-04-16;;
Litoral Sul;23258,0;GOIANINHA;16428,1;251;19,0;2025-04-17;;
Litoral Sul;23258,0;GOIANINHA;4709,03;68;6,0;2025-04-18;;
Litoral Sul;23258,0;GOIANINHA;3102,5;31;5,0;2025-04-19;;
Litoral Sul;23258,0;GOIANINHA;9968,3;174;14,0;2025-04-22;;
Litoral Sul;23258,0;GOIANINHA;14538,59;229;19,0;2025-04-23;;
Litoral Sul;23258,0;GOIANINHA;11815,49;159;11,0;2025-04-24;;
Litoral Sul;23258,0;GOIANINHA;18394,39;296;24,0;2025-04-25;;
Litoral Sul;23258,0;GOIANINHA;14328,24;241;19,0;2025-04-26;;
Litoral Sul;23258,0;GOIANINHA;17931,16;279;21,0;2025-04-29;;
Litoral Sul;23258,0;GOIANINHA;15436,22;259;20,0;2025-04-30;;
Litoral Sul;23258,0;GOIANINHA;17593,84;324;28,0;2025-05-02;;
Litoral Sul;23258,0;GOIANINHA;9069,14;173;17,0;2025-05-03;;
Litoral Sul;23258,0;GOIANINHA;13898,24;220;18,0;2025-05-05;;
Litoral Sul;23258,0;GOIANINHA;15594,46;211;18,0;2025-05-06;;
Litoral Sul;23258,0;GOIANINHA;18095,56;264;25,0;2025-05-07;;
Litoral Sul;23258,0;GOIANINHA;19286,71;338;28,0;2025-05-08;;
Litoral Sul;23258,0;GOIANINHA;28570,38;473;42,0;2025-05-09;;
Litoral Sul;23258,0;GOIANINHA;11329,71;195;25,0;2025-05-10;;
Litoral Sul;23258,0;GOIANINHA;5786,24;69;13,0;2025-05-11;;
Litoral Sul;23258,0;GOIANINHA;25880,44;407;26,0;2025-05-12;;
Litoral Sul;23258,0;GOIANINHA;23681,53;434;24,0;2025-05-13;;
Litoral Sul;23258,0;GOIANINHA;8770,05;150;10,0;2025-05-14;;
Litoral Sul;23258,0;GOIANINHA;7068,5;121;13,0;2025-05-15;;
Litoral Sul;23258,0;GOIANINHA;8703,84;140;12,0;2025-05-16;;
Litoral Sul;23258,0;GOIANINHA;8735,66;121;14,0;2025-05-17;;
Litoral Sul;23258,0;GOIANINHA;104076,65;1235;41,0;2025-05-19;;
Litoral Sul;23258,0;GOIANINHA;14546,44;237;20,0;2025-05-20;;
Litoral Sul;23258,0;GOIANINHA;16246,23;259;22,0;2025-05-21;;
Litoral Sul;23258,0;GOIANINHA;30800,44;469;33,0;2025-05-22;;
Litoral Sul;23258,0;GOIANINHA;18706,14;280;24,0;2025-05-23;;
Litoral Sul;23258,0;GOIANINHA;32891,11;460;44,0;2025-05-24;;
Litoral Sul;23258,0;GOIANINHA;10662,7;204;21,0;2025-05-26;;
Litoral Sul;23258,0;GOIANINHA;16345,94;307;26,0;2025-05-27;;
Litoral Sul;23258,0;GOIANINHA;9044,22;201;14,0;2025-05-28;;
Litoral Sul;23258,0;GOIANINHA;6639,48;152;10,0;2025-05-29;;
Litoral Sul;23258,0;GOIANINHA;12147,9;209;18,0;2025-05-30;;
Litoral Sul;23258,0;GOIANINHA;4246,1;90;8,0;2025-05-31;;
Litoral Sul;23258,0;GOIANINHA;9236,38;194;18,0;2025-06-02;;
Litoral Sul;23258,0;GOIANINHA;7815,45;208;13,0;2025-06-03;;
Litoral Sul;23258,0;GOIANINHA;7909,02;183;14,0;2025-06-04;;
Litoral Sul;23258,0;GOIANINHA;10510,14;208;20,0;2025-06-05;;
Litoral Sul;23258,0;GOIANINHA;11679,62;208;24,0;2025-06-06;;
Litoral Sul;23258,0;GOIANINHA;10851,33;198;21,0;2025-06-07;;
Litoral Sul;23258,0;GOIANINHA;15249,07;243;25,0;2025-06-09;;
Litoral Sul;23258,0;GOIANINHA;13112,81;205;19,0;2025-06-10;;
Litoral Sul;23258,0;GOIANINHA;8726,0;147;20,0;2025-06-11;;
Litoral Sul;23258,0;GOIANINHA;10480,89;190;20,0;2025-06-12;;
Litoral Sul;23258,0;GOIANINHA;55344,42;985;60,0;2025-06-13;;
Litoral Sul;23258,0;GOIANINHA;28352,17;469;38,0;2025-06-14;;
Litoral Sul;23258,0;GOIANINHA;13221,21;234;20,0;2025-06-16;;
Litoral Sul;23258,0;GOIANINHA;12012,96;199;19,0;2025-06-17;;
Litoral Sul;23258,0;GOIANINHA;10510,29;140;15,0;2025-06-18;;
Litoral Sul;23258,0;GOIANINHA;7471,88;111;10,0;2025-06-19;;
Litoral Sul;23258,0;GOIANINHA;8969,05;139;17,0;2025-06-20;;
Litoral Sul;23258,0;GOIANINHA;13853,94;165;17,0;2025-06-21;;
Litoral Sul;23258,0;GOIANINHA;17876,37;230;25,0;2025-06-23;;
Litoral Sul;23258,0;GOIANINHA;8956,34;113;14,0;2025-06-24;;
Litoral Sul;23258,0;GOIANINHA;29671,64;317;25,0;2025-06-25;;
Litoral Sul;23258,0;GOIANINHA;13730,06;135;15,0;2025-06-26;;
Litoral Sul;23258,0;GOIANINHA;11573,15;175;16,0;2025-06-27;;
Litoral Sul;23258,0;GOIANINHA;10895,67;123;19,0;2025-06-28;;
Litoral Sul;23258,0;GOIANINHA;31189,28;384;23,0;2025-06-30;;
Litoral Sul;23258,0;GOIANINHA;45825,07;709;26,0;2025-07-01;;
Litoral Sul;23258,0;GOIANINHA;13318,75;249;24,0;2025-07-02;;
Litoral Sul;23258,0;GOIANINHA;13671,56;217;17,0;2025-07-03;;
Litoral Sul;23258,0;GOIANINHA;13100,76;236;22,0;2025-07-04;;
Litoral Sul;23258,0;GOIANINHA;4233,35;77;14,0;2025-07-05;;
Litoral Sul;23258,0;GOIANINHA;22535,44;349;17,0;2025-07-07;;
Litoral Sul;23258,0;GOIANINHA;28974,92;500;26,0;2025-07-08;;
Litoral Sul;23258,0;GOIANINHA;11936,55;174;18,0;2025-07-09;;
Litoral Sul;23258,0;GOIANINHA;5625,13;93;11,0;2025-07-10;;
Litoral Sul;23258,0;GOIANINHA;12633,93;250;24,0;2025-07-11;;
Litoral Sul;23258,0;GOIANINHA;8998,72;139;14,0;2025-07-12;;
Litoral Sul;23258,0;GOIANINHA;3917,79;85;10,0;2025-07-14;;
Litoral Sul;23258,0;GOIANINHA;4271,28;62;4,0;2025-07-15;;
Litoral Sul;23258,0;GOIANINHA;46275,71;1075;42,0;2025-07-16;;
Litoral Sul;23258,0;GOIANINHA;25774,46;411;26,0;2025-07-17;;
Litoral Sul;23258,0;GOIANINHA;16311,69;275;22,0;2025-07-18;;
Litoral Sul;23258,0;GOIANINHA;8929,76;162;15,0;2025-07-19;;
Litoral Sul;23258,0;GOIANINHA;20224,62;394;20,0;2025-07-21;;
Litoral Sul;23258,0;GOIANINHA;19872,53;398;24,0;2025-07-22;;
Litoral Sul;23258,0;GOIANINHA;20286,06;385;31,0;2025-07-23;;
Litoral Sul;23258,0;GOIANINHA;10649,87;217;23,0;2025-07-24;;
Litoral Sul;23258,0;GOIANINHA;8201,66;200;15,0;2025-07-25;;
Litoral Sul;23258,0;GOIANINHA;4299,77;130;11,0;2025-07-26;;
Litoral Sul;23258,0;GOIANINHA;5989,2;161;11,0;2025-07-28;;
Litoral Sul;23258,0;GOIANINHA;7359,41;128;13,0;2025-07-29;;
Litoral Sul;23258,0;GOIANINHA;8328,29;175;13,0;2025-07-30;;
Litoral Sul;23258,0;GOIANINHA;11499,56;211;20,0;2025-07-31;;
Litoral Sul;23258,0;GOIANINHA;17126,94;287;25,0;2025-08-01;;
Litoral Sul;23258,0;GOIANINHA;14312,77;295;26,0;2025-08-02;;
Litoral Sul;23258,0;GOIANINHA;12093,95;208;19,0;2025-08-04;;
Litoral Sul;23258,0;GOIANINHA;15546,09;306;20,0;2025-08-05;;
Litoral Sul;23258,0;GOIANINHA;23582,0;514;38,0;2025-08-06;;
Litoral Sul;23258,0;GOIANINHA;21216,38;457;33,0;2025-08-07;;
Litoral Sul;23258,0;GOIANINHA;32344,48;540;40,0;2025-08-08;;
Litoral Sul;23258,0;GOIANINHA;25562,88;462;44,0;2025-08-09;;
Litoral Sul;23258,0;GOIANINHA;16943,58;335;22,0;2025-08-11;;
Litoral Sul;23258,0;GOIANINHA;27056,66;650;32,0;2025-08-12;;
Litoral Sul;23258,0;GOIANINHA;40901,4;1049;18,0;2025-08-13;;
Litoral Sul;23258,0;GOIANINHA;11866,87;260;22,0;2025-08-14;;
Litoral Sul;23258,0;GOIANINHA;9169,64;193;18,0;2025-08-15;;
Litoral Sul;23258,0;GOIANINHA;13328,86;274;24,0;2025-08-16;;
Litoral Sul;23258,0;GOIANINHA;9393,36;200;14,0;2025-08-18;;
Litoral Sul;23258,0;GOIANINHA;17262,26;302;19,0;2025-08-19;;
Litoral Sul;23258,0;GOIANINHA;9222,75;140;17,0;2025-08-20;;
Litoral Sul;23258,0;GOIANINHA;22034,69;386;20,0;2025-08-21;;
Litoral Sul;23258,0;GOIANINHA;9227,41;143;18,0;2025-08-22;;
Litoral Sul;23258,0;GOIANINHA;8422,93;123;16,0;2025-08-23;;
Litoral Sul;23258,0;GOIANINHA;11266,26;177;16,0;2025-08-25;;
Litoral Sul;23258,0;GOIANINHA;14438,49;210;22,0;2025-08-26;;
Litoral Sul;23258,0;GOIANINHA;23599,56;486;23,0;2025-08-27;;
Litoral Sul;23258,0;GOIANINHA;18927,67;326;27,0;2025-08-28;;
Litoral Sul;23258,0;GOIANINHA;8587,25;140;14,0;2025-08-29;;
Litoral Sul;23258,0;GOIANINHA;5745,75;104;16,0;2025-08-30;;
Litoral Sul;23258,0;GOIANINHA;50017,28;1085;31,0;2025-09-01;;
Litoral Sul;23258,0;GOIANINHA;15858,75;309;28,0;2025-09-02;;
Litoral Sul;23258,0;GOIANINHA;15449,79;274;12,0;2025-09-03;;
Litoral Sul;23258,0;GOIANINHA;9815,75;201;16,0;2025-09-04;;
Litoral Sul;23258,0;GOIANINHA;36826,72;563;35,0;2025-09-05;;
Litoral Sul;23258,0;GOIANINHA;24322,29;428;23,0;2025-09-06;;
Litoral Sul;23258,0;GOIANINHA;15251,66;281;26,0;2025-09-08;;
Litoral Sul;23258,0;GOIANINHA;17510,03;243;21,0;2025-09-09;;
Litoral Sul;23258,0;GOIANINHA;16954,02;251;23,0;2025-09-10;;
Litoral Sul;23258,0;GOIANINHA;14555,42;202;22,0;2025-09-11;;
Litoral Sul;23258,0;GOIANINHA;12162,75;151;20,0;2025-09-12;;
Litoral Sul;23258,0;GOIANINHA;14822,44;219;23,0;2025-09-13;;
Litoral Sul;23258,0;GOIANINHA;14917,77;202;20,0;2025-09-15;;
Litoral Sul;23258,0;GOIANINHA;8238,72;175;21,0;2025-09-16;;
Litoral Sul;23258,0;GOIANINHA;17816,93;356;18,0;2025-09-17;;
Litoral Sul;23258,0;GOIANINHA;13331,06;208;18,0;2025-09-18;;
Litoral Sul;23258,0;GOIANINHA;10436,84;250;19,0;2025-09-19;;
Litoral Sul;23258,0;GOIANINHA;9453,29;225;23,0;2025-09-20;;
Litoral Sul;23258,0;GOIANINHA;12631,43;281;17,0;2025-09-22;;
Litoral Sul;23258,0;GOIANINHA;26680,3;510;30,0;2025-09-23;;
Litoral Sul;23258,0;GOIANINHA;37081,17;764;20,0;2025-09-24;;
Litoral Sul;23258,0;GOIANINHA;10367,07;178;10,0;2025-09-25;;
Litoral Sul;23258,0;GOIANINHA;8417,45;262;16,0;2025-09-26;;
Litoral Sul;23258,0;GOIANINHA;11782,95;317;16,0;2025-09-27;;
Litoral Sul;23258,0;GOIANINHA;5296,95;171;13,0;2025-09-29;;
Litoral Sul;23258,0;GOIANINHA;7831,01;176;12,0;2025-09-30;;
Litoral Sul;23258,0;GOIANINHA;23998,28;307;18,0;2025-10-01;;
Litoral Sul;23258,0;GOIANINHA;13849,98;291;26,0;2025-10-02;;
Litoral Sul;23258,0;GOIANINHA;39695,36;553;32,0;2025-10-04;;
Litoral Sul;23258,0;GOIANINHA;13210,68;180;19,0;2025-10-06;;
Litoral Sul;23258,0;GOIANINHA;21468,36;357;20,0;2025-10-07;;
Litoral Sul;23258,0;GOIANINHA;28915,22;528;30,0;2025-10-08;;
Litoral Sul;23258,0;GOIANINHA;20764,98;372;28,0;2025-10-09;;
Litoral Sul;23258,0;GOIANINHA;21145,19;327;21,0;2025-10-10;;
Litoral Sul;23258,0;GOIANINHA;11348,3;233;20,0;2025-10-11;;
Litoral Sul;23258,0;GOIANINHA;26547,4;438;24,0;2025-10-13;;
Litoral Sul;23258,0;GOIANINHA;19140,36;410;29,0;2025-10-14;;
Litoral Sul;23258,0;GOIANINHA;9083,71;224;12,0;2025-10-15;;
Litoral Sul;23258,0;GOIANINHA;10398,66;220;16,0;2025-10-16;;
Litoral Sul;23258,0;GOIANINHA;7364,72;157;11,0;2025-10-17;;
Litoral Sul;23258,0;GOIANINHA;9086,74;234;19,0;2025-10-18;;
Litoral Sul;23258,0;GOIANINHA;3876,27;77;10,0;2025-10-20;;
Litoral Sul;23258,0;GOIANINHA;7754,0;120;14,0;2025-10-21;;
Litoral Sul;23258,0;GOIANINHA;8339,65;166;14,0;2025-10-22;;
Litoral Sul;23258,0;GOIANINHA;9501,16;188;19,0;2025-10-23;;
Litoral Sul;23258,0;GOIANINHA;4125,84;72;11,0;2025-10-24;;
Litoral Sul;23258,0;GOIANINHA;8027,34;140;18,0;2025-10-25;;
Litoral Sul;23258,0;GOIANINHA;11409,88;204;15,0;2025-10-27;;
Litoral Sul;23258,0;GOIANINHA;14893,23;238;19,0;2025-10-28;;
Litoral Sul;23258,0;GOIANINHA;23573,11;411;19,0;2025-10-29;;
Litoral Sul;23258,0;GOIANINHA;10170,07;230;21,0;2025-10-30;;
Litoral Sul;23258,0;GOIANINHA;6511,65;99;13,0;2025-10-31;;
Litoral Sul;23258,0;GOIANINHA;13627,32;205;18,0;2025-11-01;;
Litoral Sul;23258,0;GOIANINHA;36218,15;828;43,0;2025-11-03;;
Litoral Sul;23258,0;GOIANINHA;16900,29;422;27,0;2025-11-04;;
Litoral Sul;23258,0;GOIANINHA;21591,76;463;27,0;2025-11-05;;
Litoral Sul;23258,0;GOIANINHA;9961,35;229;17,0;2025-11-06;;
Litoral Sul;23258,0;GOIANINHA;13852,16;305;20,0;2025-11-07;;
Litoral Sul;23258,0;GOIANINHA;17007,06;337;23,0;2025-11-08;;
Litoral Sul;23258,0;GOIANINHA;21614,56;412;28,0;2025-11-10;;
Litoral Sul;23258,0;GOIANINHA;6775,68;146;14,0;2025-11-11;;
Litoral Sul;23258,0;GOIANINHA;9369,83;225;18,0;2025-11-12;;
Litoral Sul;23258,0;GOIANINHA;7035,24;137;13,0;2025-11-13;;
Litoral Sul;23258,0;GOIANINHA;15985,86;262;25,0;2025-11-14;;
Litoral Sul;23258,0;GOIANINHA;12176,76;208;26,0;2025-11-15;;
Litoral Sul;23258,0;GOIANINHA;15192,96;231;18,0;2025-11-17;;
Litoral Sul;23258,0;GOIANINHA;8549,79;148;12,0;2025-11-18;;
Litoral Sul;23258,0;GOIANINHA;14119,97;271;20,0;2025-11-19;;
Litoral Sul;23258,0;GOIANINHA;43339,02;601;43,0;2025-11-20;;
Litoral Sul;23258,0;GOIANINHA;11500,95;173;26,0;2025-11-21;;
Litoral Sul;23258,0;GOIANINHA;13026,63;169;19,0;2025-11-22;;
Litoral Sul;23258,0;GOIANINHA;20877,54;322;31,0;2025-11-24;;
Litoral Sul;23258,0;GOIANINHA;12710,26;289;27,0;2025-11-25;;
Litoral Sul;23258,0;GOIANINHA;20565,29;319;21,0;2025-11-26;;
Litoral Sul;23258,0;GOIANINHA;51881,69;824;43,0;2025-11-27;;
Litoral Sul;23258,0;GOIANINHA;25821,82;411;41,0;2025-11-28;;
Litoral Sul;23258,0;GOIANINHA;17361,81;320;27,0;2025-11-29;;
Litoral Sul;23258,0;GOIANINHA;10392,67;171;11,0;2025-11-30;;
Litoral Sul;23258,0;GOIANINHA;6035,14;201;18,0;2025-12-01;;
Litoral Sul;23258,0;GOIANINHA;18244,06;329;32,0;2025-12-02;;
Litoral Sul;23258,0;GOIANINHA;14176,47;311;22,0;2025-12-03;;
Litoral Sul;23258,0;GOIANINHA;11225,79;245;25,0;2025-12-04;;
Litoral Sul;23258,0;GOIANINHA;10885,89;318;11,0;2025-12-05;;
Litoral Sul;23258,0;GOIANINHA;5729,19;126;11,0;2025-12-06;;
Litoral Sul;23258,0;GOIANINHA;6844,01;154;12,0;2025-12-08;;
Litoral Sul;23258,0;GOIANINHA;18361,53;324;24,0;2025-12-09;;
Litoral Sul;23258,0;GOIANINHA;9587,08;187;16,0;2025-12-10;;
Litoral Sul;23258,0;GOIANINHA;14325,73;295;19,0;2025-12-11;;
Litoral Sul;23258,0;GOIANINHA;9597,72;164;15,0;2025-12-12;;
Litoral Sul;23258,0;GOIANINHA;10723,77;176;19,0;2025-12-13;;
Litoral Sul;23258,0;GOIANINHA;17957,73;292;34,0;2025-12-15;;
Litoral Sul;23258,0;GOIANINHA;15314,94;299;30,0;2025-12-16;;
Litoral Sul;23258,0;GOIANINHA;13209,41;280;30,0;2025-12-17;;
Litoral Sul;23258,0;GOIANINHA;8240,21;216;21,0;2025-12-18;;
Litoral Sul;23258,0;GOIANINHA;10351,77;235;20,0;2025-12-19;;
Litoral Sul;23258,0;GOIANINHA;9216,48;166;19,0;2025-12-20;;
Litoral Sul;23258,0;GOIANINHA;3499,25;59;5,0;2025-12-21;;
Litoral Sul;23258,0;GOIANINHA;15064,34;242;18,0;2025-12-22;;
Litoral Sul;23258,0;GOIANINHA;11384,39;269;21,0;2025-12-23;;
Litoral Sul;23258,0;GOIANINHA;16522,02;332;30,0;2025-12-24;;
Litoral Sul;23258,0;GOIANINHA;22809,11;459;26,0;2025-12-26;;
Litoral Sul;23258,0;GOIANINHA;8354,74;176;17,0;2025-12-27;;
Litoral Sul;23258,0;GOIANINHA;2883,57;46;3,0;2025-12-28;;
Litoral Sul;23258,0;GOIANINHA;30754,77;516;30,0;2025-12-29;;
Litoral Sul;23258,0;GOIANINHA;21789,95;404;21,0;2025-12-30;;
Litoral Sul;23258,0;GOIANINHA;14253,01;248;16,0;2025-12-31;;
Oeste do Maranhão;20922,0;GOV. NUNES FREIRE;4358,11;80;6,0;2025-01-02;;
Oeste do Maranhão;20922,0;GOV. NUNES FREIRE;12286,22;239;11,0;2025-01-03;;
Oeste do Maranhão;20922,0;GOV. NUNES FREIRE;2081,66;46;4,0;2025-01-04;;
Oeste do Maranhão;20922,0;GOV. NUNES FREIRE;5245,72;116;9,0;2025-01-06;;
Oeste do Maranhão;20922,0;GOV. NUNES FREIRE;11712,79;223;13,0;2025-01-07;;
Oeste do Maranhão;20922,0;GOV. NUNES FREIRE;13220,44;334;10,0;2025-01-08;;
Oeste do Maranhão;20922,0;GOV. NUNES FREIRE;7365,04;159;14,0;2025-01-09;;
Oeste do Maranhão;20922,0;GOV. NUNES FREIRE;8647,35;177;11,0;2025-01-10;;
Oeste do Maranhão;20922,0;GOV. NUNES FREIRE;4471,37;77;9,0;2025-01-11;;
Oeste do Maranhão;20922,0;GOV. NUNES FREIRE;10674,24;162;15,0;2025-01-13;;
Oeste do Maranhão;20922,0;GOV. NUNES FREIRE;2407,14;66;10,0;2025-01-14;;
Oeste do Maranhão;20922,0;GOV. NUNES FREIRE;14231,7;241;15,0;2025-01-15;;
Oeste do Maranhão;20922,0;GOV. NUNES FREIRE;21876,0;308;23,0;2025-01-16;;
Oeste do Maranhão;20922,0;GOV. NUNES FREIRE;15295,52;213;16,0;2025-01-17;;
Oeste do Maranhão;20922,0;GOV. NUNES FREIRE;8055,93;118;11,0;2025-01-18;;
Oeste do Maranhão;20922,0;GOV. NUNES FREIRE;16167,55;274;19,0;2025-01-20;;
Oeste do Maranhão;20922,0;GOV. NUNES FREIRE;21008,27;369;21,0;2025-01-21;;
Oeste do Maranhão;20922,0;GOV. NUNES FREIRE;13094,11;226;18,0;2025-01-22;;
Oeste do Maranhão;20922,0;GOV. NUNES FREIRE;6408,58;117;9,0;2025-01-23;;
Oeste do Maranhão;20922,0;GOV. NUNES FREIRE;5741,72;99;12,0;2025-01-24;;
Oeste do Maranhão;20922,0;GOV. NUNES FREIRE;3982,36;87;5,0;2025-01-25;;
Oeste do Maranhão;20922,0;GOV. NUNES FREIRE;5746,09;102;9,0;2025-01-27;;
Oeste do Maranhão;20922,0;GOV. NUNES FREIRE;7226,17;140;10,0;2025-01-28;;
Oeste do Maranhão;20922,0;GOV. NUNES FREIRE;10611,24;200;15,0;2025-01-29;;
Oeste do Maranhão;20922,0;GOV. NUNES FREIRE;9817,29;206;15,0;2025-01-30;;
Oeste do Maranhão;20922,0;GOV. NUNES FREIRE;13951,9;247;20,0;2025-01-31;;
Oeste do Maranhão;20922,0;GOV. NUNES FREIRE;7818,68;130;10,0;2025-02-01;;
Oeste do Maranhão;20922,0;GOV. NUNES FREIRE;15916,59;241;17,0;2025-02-03;;
Oeste do Maranhão;20922,0;GOV. NUNES FREIRE;12222,43;235;20,0;2025-02-04;;
Oeste do Maranhão;20922,0;GOV. NUNES FREIRE;8748,38;136;14,0;2025-02-05;;
Oeste do Maranhão;20922,0;GOV. NUNES FREIRE;20709,73;413;17,0;2025-02-06;;
Oeste do Maranhão;20922,0;GOV. NUNES FREIRE;8241,13;120;11,0;2025-02-07;;
Oeste do Maranhão;20922,0;GOV. NUNES FREIRE;5842,61;108;9,0;2025-02-08;;
Oeste do Maranhão;20922,0;GOV. NUNES FREIRE;15026,1;279;22,0;2025-02-10;;
Oeste do Maranhão;20922,0;GOV. NUNES FREIRE;15861,89;312;25,0;2025-02-11;;
Oeste do Maranhão;20922,0;GOV. NUNES FREIRE;8215,0;143;18,0;2025-02-12;;
Oeste do Maranhão;20922,0;GOV. NUNES FREIRE;8309,83;157;16,0;2025-02-13;;
Oeste do Maranhão;20922,0;GOV. NUNES FREIRE;9288,13;151;14,0;2025-02-14;;
Oeste do Maranhão;20922,0;GOV. NUNES FREIRE;6621,84;134;6,0;2025-02-15;;
Oeste do Maranhão;20922,0;GOV. NUNES FREIRE;15886,57;251;11,0;2025-02-17;;
Oeste do Maranhão;20922,0;GOV. NUNES FREIRE;9001,45;143;20,0;2025-02-18;;
Oeste do Maranhão;20922,0;GOV. NUNES FREIRE;4183,71;84;5,0;2025-02-19;;
Oeste do Maranhão;20922,0;GOV. NUNES FREIRE;14488,23;215;12,0;2025-02-20;;
Oeste do Maranhão;20922,0;GOV. NUNES FREIRE;13913,08;234;16,0;2025-02-21;;
Oeste do Maranhão;20922,0;GOV. NUNES FREIRE;9551,13;149;11,0;2025-02-22;;
Oeste do Maranhão;20922,0;GOV. NUNES FREIRE;7270,48;140;11,0;2025-02-24;;
Oeste do Maranhão;20922,0;GOV. NUNES FREIRE;6803,49;116;11,0;2025-02-25;;
Oeste do Maranhão;20922,0;GOV. NUNES FREIRE;8793,12;174;15,0;2025-02-26;;
Oeste do Maranhão;20922,0;GOV. NUNES FREIRE;8505,44;160;17,0;2025-02-27;;
Oeste do Maranhão;20922,0;GOV. NUNES FREIRE;9520,26;147;17,0;2025-02-28;;
Oeste do Maranhão;20922,0;GOV. NUNES FREIRE;2931,68;40;6,0;2025-03-01;;
Oeste do Maranhão;20922,0;GOV. NUNES FREIRE;5141,99;86;5,0;2025-03-03;;
Oeste do Maranhão;20922,0;GOV. NUNES FREIRE;6031,07;140;8,0;2025-03-05;;
Oeste do Maranhão;20922,0;GOV. NUNES FREIRE;13798,05;264;18,0;2025-03-06;;
Oeste do Maranhão;20922,0;GOV. NUNES FREIRE;23468,11;425;25,0;2025-03-07;;
Oeste do Maranhão;20922,0;GOV. NUNES FREIRE;9878,66;187;11,0;2025-03-08;;
Oeste do Maranhão;20922,0;GOV. NUNES FREIRE;21632,22;412;31,0;2025-03-10;;
Oeste do Maranhão;20922,0;GOV. NUNES FREIRE;21411,36;353;21,0;2025-03-11;;
Oeste do Maranhão;20922,0;GOV. NUNES FREIRE;28764,89;297;16,0;2025-03-12;;
Oeste do Maranhão;20922,0;GOV. NUNES FREIRE;23986,1;312;14,0;2025-03-13;;
Oeste do Maranhão;20922,0;GOV. NUNES FREIRE;38486,07;468;29,0;2025-03-14;;
Oeste do Maranhão;20922,0;GOV. NUNES FREIRE;11649,53;176;15,0;2025-03-15;;
Oeste do Maranhão;20922,0;GOV. NUNES FREIRE;16125,16;211;18,0;2025-03-17;;
Oeste do Maranhão;20922,0;GOV. NUNES FREIRE;17458,42;213;22,0;2025-03-18;;
Oeste do Maranhão;20922,0;GOV. NUNES FREIRE;17602,92;230;17,0;2025-03-19;;
Oeste do Maranhão;20922,0;GOV. NUNES FREIRE;10115,13;145;16,0;2025-03-20;;
Oeste do Maranhão;20922,0;GOV. NUNES FREIRE;27061,44;357;28,0;2025-03-21;;
Oeste do Maranhão;20922,0;GOV. NUNES FREIRE;6893,02;103;9,0;2025-03-22;;
Oeste do Maranhão;20922,0;GOV. NUNES FREIRE;12622,51;226;22,0;2025-03-24;;
Oeste do Maranhão;20922,0;GOV. NUNES FREIRE;14898,15;294;18,0;2025-03-25;;
Oeste do Maranhão;20922,0;GOV. NUNES FREIRE;8839,7;154;16,0;2025-03-26;;
Oeste do Maranhão;20922,0;GOV. NUNES FREIRE;10864,7;177;16,0;2025-03-27;;
Oeste do Maranhão;20922,0;GOV. NUNES FREIRE;16433,34;268;23,0;2025-03-28;;
Oeste do Maranhão;20922,0;GOV. NUNES FREIRE;7785,79;120;6,0;2025-03-29;;
Oeste do Maranhão;20922,0;GOV. NUNES FREIRE;5278,55;91;10,0;2025-03-31;;
Oeste do Maranhão;20922,0;GOV. NUNES FREIRE;9294,26;147;15,0;2025-04-01;;
Oeste do Maranhão;20922,0;GOV. NUNES FREIRE;7769,31;131;15,0;2025-04-02;;
Oeste do Maranhão;20922,0;GOV. NUNES FREIRE;8477,46;159;12,0;2025-04-03;;
Oeste do Maranhão;20922,0;GOV. NUNES FREIRE;14158,46;231;16,0;2025-04-04;;
Oeste do Maranhão;20922,0;GOV. NUNES FREIRE;10395,78;217;12,0;2025-04-05;;
Oeste do Maranhão;20922,0;GOV. NUNES FREIRE;10940,32;195;19,0;2025-04-07;;
Oeste do Maranhão;20922,0;GOV. NUNES FREIRE;11966,5;168;15,0;2025-04-08;;
Oeste do Maranhão;20922,0;GOV. NUNES FREIRE;11657,17;189;14,0;2025-04-09;;
Oeste do Maranhão;20922,0;GOV. NUNES FREIRE;8124,28;143;13,0;2025-04-10;;
Oeste do Maranhão;20922,0;GOV. NUNES FREIRE;3703,5;69;9,0;2025-04-11;;
Oeste do Maranhão;20922,0;GOV. NUNES FREIRE;4461,78;78;8,0;2025-04-12;;
Oeste do Maranhão;20922,0;GOV. NUNES FREIRE;18507,44;275;19,0;2025-04-14;;
Oeste do Maranhão;20922,0;GOV. NUNES FREIRE;6904,76;118;14,0;2025-04-15;;
Oeste do Maranhão;20922,0;GOV. NUNES FREIRE;7303,3;98;11,0;2025-04-16;;
Oeste do Maranhão;20922,0;GOV. NUNES FREIRE;8021,06;111;13,0;2025-04-17;;
Oeste do Maranhão;20922,0;GOV. NUNES FREIRE;9614,71;167;14,0;2025-04-19;;
Oeste do Maranhão;20922,0;GOV. NUNES FREIRE;8004,26;131;11,0;2025-04-21;;
Oeste do Maranhão;20922,0;GOV. NUNES FREIRE;11970,92;188;15,0;2025-04-22;;
Oeste do Maranhão;20922,0;GOV. NUNES FREIRE;16754,71;232;18,0;2025-04-23;;
Oeste do Maranhão;20922,0;GOV. NUNES FREIRE;11448,38;203;20,0;2025-04-24;;
Oeste do Maranhão;20922,0;GOV. NUNES FREIRE;12698,76;172;15,0;2025-04-25;;
Oeste do Maranhão;20922,0;GOV. NUNES FREIRE;3251,3;46;5,0;2025-04-26;;
Oeste do Maranhão;20922,0;GOV. NUNES FREIRE;13427,57;217;22,0;2025-04-28;;
Oeste do Maranhão;20922,0;GOV. NUNES FREIRE;16543,55;245;20,0;2025-04-29;;
Oeste do Maranhão;20922,0;GOV. NUNES FREIRE;9131,76;139;13,0;2025-04-30;;
Oeste do Maranhão;20922,0;GOV. NUNES FREIRE;28393,0;424;31,0;2025-05-02;;
Oeste do Maranhão;20922,0;GOV. NUNES FREIRE;6525,26;84;10,0;2025-05-03;;
Oeste do Maranhão;20922,0;GOV. NUNES FREIRE;27535,55;318;22,0;2025-05-05;;
Oeste do Maranhão;20922,0;GOV. NUNES FREIRE;28097,02;333;27,0;2025-05-06;;
Oeste do Maranhão;20922,0;GOV. NUNES FREIRE;17164,81;200;18,0;2025-05-07;;
Oeste do Maranhão;20922,0;GOV. NUNES FREIRE;15870,44;225;23,0;2025-05-08;;
Oeste do Maranhão;20922,0;GOV. NUNES FREIRE;21988,63;365;24,0;2025-05-09;;
Oeste do Maranhão;20922,0;GOV. NUNES FREIRE;7760,35;134;19,0;2025-05-10;;
Oeste do Maranhão;20922,0;GOV. NUNES FREIRE;4958,75;55;12,0;2025-05-11;;
Oeste do Maranhão;20922,0;GOV. NUNES FREIRE;12161,56;196;12,0;2025-05-12;;
Oeste do Maranhão;20922,0;GOV. NUNES FREIRE;24206,61;400;28,0;2025-05-13;;
Oeste do Maranhão;20922,0;GOV. NUNES FREIRE;11174,46;188;12,0;2025-05-14;;
Oeste do Maranhão;20922,0;GOV. NUNES FREIRE;11979,29;220;16,0;2025-05-15;;
Oeste do Maranhão;20922,0;GOV. NUNES FREIRE;13955,13;259;16,0;2025-05-16;;
Oeste do Maranhão;20922,0;GOV. NUNES FREIRE;9234,05;182;12,0;2025-05-17;;
Oeste do Maranhão;20922,0;GOV. NUNES FREIRE;19631,34;352;25,0;2025-05-19;;
Oeste do Maranhão;20922,0;GOV. NUNES FREIRE;17473,82;263;16,0;2025-05-20;;
Oeste do Maranhão;20922,0;GOV. NUNES FREIRE;17318,15;301;19,0;2025-05-21;;
Oeste do Maranhão;20922,0;GOV. NUNES FREIRE;28226,1;476;31,0;2025-05-22;;
Oeste do Maranhão;20922,0;GOV. NUNES FREIRE;18769,59;351;27,0;2025-05-23;;
Oeste do Maranhão;20922,0;GOV. NUNES FREIRE;10803,13;181;12,0;2025-05-24;;
Oeste do Maranhão;20922,0;GOV. NUNES FREIRE;31556,22;559;30,0;2025-05-26;;
Oeste do Maranhão;20922,0;GOV. NUNES FREIRE;13752,15;225;23,0;2025-05-27;;
Oeste do Maranhão;20922,0;GOV. NUNES FREIRE;8042,16;158;12,0;2025-05-28;;
Oeste do Maranhão;20922,0;GOV. NUNES FREIRE;8195,62;155;12,0;2025-05-29;;
Oeste do Maranhão;20922,0;GOV. NUNES FREIRE;13683,13;258;20,0;2025-05-30;;
Oeste do Maranhão;20922,0;GOV. NUNES FREIRE;8439,12;131;12,0;2025-05-31;;
Oeste do Maranhão;20922,0;GOV. NUNES FREIRE;4971,2;93;11,0;2025-06-02;;
Oeste do Maranhão;20922,0;GOV. NUNES FREIRE;12338,86;211;15,0;2025-06-03;;
Oeste do Maranhão;20922,0;GOV. NUNES FREIRE;8540,69;149;16,0;2025-06-04;;
Oeste do Maranhão;20922,0;GOV. NUNES FREIRE;6923,0;108;11,0;2025-06-05;;
Oeste do Maranhão;20922,0;GOV. NUNES FREIRE;9440,02;178;12,0;2025-06-06;;
Oeste do Maranhão;20922,0;GOV. NUNES FREIRE;10493,6;197;16,0;2025-06-07;;
Oeste do Maranhão;20922,0;GOV. NUNES FREIRE;6574,51;99;12,0;2025-06-09;;
Oeste do Maranhão;20922,0;GOV. NUNES FREIRE;8005,06;138;20,0;2025-06-10;;
Oeste do Maranhão;20922,0;GOV. NUNES FREIRE;12558,62;233;16,0;2025-06-11;;
Oeste do Maranhão;20922,0;GOV. NUNES FREIRE;6351,47;115;12,0;2025-06-12;;
Oeste do Maranhão;20922,0;GOV. NUNES FREIRE;21091,71;380;25,0;2025-06-13;;
Oeste do Maranhão;20922,0;GOV. NUNES FREIRE;11019,75;238;12,0;2025-06-14;;
Oeste do Maranhão;20922,0;GOV. NUNES FREIRE;17377,05;257;16,0;2025-06-16;;
Oeste do Maranhão;20922,0;GOV. NUNES FREIRE;17185,67;223;16,0;2025-06-17;;
Oeste do Maranhão;20922,0;GOV. NUNES FREIRE;18582,63;299;23,0;2025-06-18;;
Oeste do Maranhão;20922,0;GOV. NUNES FREIRE;7576,99;108;7,0;2025-06-19;;
Oeste do Maranhão;20922,0;GOV. NUNES FREIRE;6609,69;107;15,0;2025-06-20;;
Oeste do Maranhão;20922,0;GOV. NUNES FREIRE;2349,83;33;4,0;2025-06-21;;
Oeste do Maranhão;20922,0;GOV. NUNES FREIRE;12183,76;170;18,0;2025-06-23;;
Oeste do Maranhão;20922,0;GOV. NUNES FREIRE;14585,59;184;17,0;2025-06-24;;
Oeste do Maranhão;20922,0;GOV. NUNES FREIRE;32447,05;405;28,0;2025-06-25;;
Oeste do Maranhão;20922,0;GOV. NUNES FREIRE;15536,41;244;21,0;2025-06-26;;
Oeste do Maranhão;20922,0;GOV. NUNES FREIRE;7016,36;127;11,0;2025-06-27;;
Oeste do Maranhão;20922,0;GOV. NUNES FREIRE;10161,71;148;14,0;2025-06-28;;
Oeste do Maranhão;20922,0;GOV. NUNES FREIRE;7697,84;132;14,0;2025-06-30;;
Oeste do Maranhão;20922,0;GOV. NUNES FREIRE;13936,62;216;17,0;2025-07-01;;
Oeste do Maranhão;20922,0;GOV. NUNES FREIRE;18286,66;372;17,0;2025-07-02;;
Oeste do Maranhão;20922,0;GOV. NUNES FREIRE;16843,96;297;25,0;2025-07-03;;
Oeste do Maranhão;20922,0;GOV. NUNES FREIRE;7750,47;129;10,0;2025-07-04;;
Oeste do Maranhão;20922,0;GOV. NUNES FREIRE;2368,63;54;4,0;2025-07-05;;
Oeste do Maranhão;20922,0;GOV. NUNES FREIRE;7380,47;135;13,0;2025-07-07;;
Oeste do Maranhão;20922,0;GOV. NUNES FREIRE;9832,1;173;17,0;2025-07-08;;
Oeste do Maranhão;20922,0;GOV. NUNES FREIRE;10032,72;166;13,0;2025-07-09;;
Oeste do Maranhão;20922,0;GOV. NUNES FREIRE;6211,1;104;12,0;2025-07-10;;
Oeste do Maranhão;20922,0;GOV. NUNES FREIRE;11183,24;177;17,0;2025-07-11;;
Oeste do Maranhão;20922,0;GOV. NUNES FREIRE;3323,63;58;8,0;2025-07-12;;
Oeste do Maranhão;20922,0;GOV. NUNES FREIRE;11571,96;243;21,0;2025-07-14;;
Oeste do Maranhão;20922,0;GOV. NUNES FREIRE;8095,18;177;20,0;2025-07-15;;
Oeste do Maranhão;20922,0;GOV. NUNES FREIRE;10055,48;207;20,0;2025-07-16;;
Oeste do Maranhão;20922,0;GOV. NUNES FREIRE;18701,24;338;17,0;2025-07-17;;
Oeste do Maranhão;20922,0;GOV. NUNES FREIRE;14898,25;240;17,0;2025-07-18;;
Oeste do Maranhão;20922,0;GOV. NUNES FREIRE;6067,65;111;11,0;2025-07-19;;
Oeste do Maranhão;20922,0;GOV. NUNES FREIRE;13023,66;233;18,0;2025-07-21;;
Oeste do Maranhão;20922,0;GOV. NUNES FREIRE;11741,9;218;20,0;2025-07-22;;
Oeste do Maranhão;20922,0;GOV. NUNES FREIRE;18584,89;304;22,0;2025-07-23;;
Oeste do Maranhão;20922,0;GOV. NUNES FREIRE;17577,1;322;30,0;2025-07-24;;
Oeste do Maranhão;20922,0;GOV. NUNES FREIRE;11362,13;214;15,0;2025-07-25;;
Oeste do Maranhão;20922,0;GOV. NUNES FREIRE;9444,25;181;10,0;2025-07-26;;
Oeste do Maranhão;20922,0;GOV. NUNES FREIRE;7010,48;139;12,0;2025-07-28;;
Oeste do Maranhão;20922,0;GOV. NUNES FREIRE;11174,1;222;13,0;2025-07-29;;
Oeste do Maranhão;20922,0;GOV. NUNES FREIRE;12727,19;233;19,0;2025-07-30;;
Oeste do Maranhão;20922,0;GOV. NUNES FREIRE;22437,79;465;33,0;2025-07-31;;
Oeste do Maranhão;20922,0;GOV. NUNES FREIRE;15557,12;248;18,0;2025-08-01;;
Oeste do Maranhão;20922,0;GOV. NUNES FREIRE;3865,15;72;7,0;2025-08-02;;
Oeste do Maranhão;20922,0;GOV. NUNES FREIRE;12210,11;219;16,0;2025-08-04;;
Oeste do Maranhão;20922,0;GOV. NUNES FREIRE;11116,43;202;19,0;2025-08-05;;
Oeste do Maranhão;20922,0;GOV. NUNES FREIRE;21109,0;358;28,0;2025-08-06;;
Oeste do Maranhão;20922,0;GOV. NUNES FREIRE;14411,29;240;18,0;2025-08-07;;
Oeste do Maranhão;20922,0;GOV. NUNES FREIRE;20292,92;364;29,0;2025-08-08;;
Oeste do Maranhão;20922,0;GOV. NUNES FREIRE;11530,6;169;16,0;2025-08-09;;
Oeste do Maranhão;20922,0;GOV. NUNES FREIRE;2324,44;34;5,0;2025-08-10;;
Oeste do Maranhão;20922,0;GOV. NUNES FREIRE;25941,32;665;33,0;2025-08-11;;
Oeste do Maranhão;20922,0;GOV. NUNES FREIRE;21837,07;517;22,0;2025-08-12;;
Oeste do Maranhão;20922,0;GOV. NUNES FREIRE;17056,81;386;23,0;2025-08-13;;
Oeste do Maranhão;20922,0;GOV. NUNES FREIRE;16236,47;322;15,0;2025-08-14;;
Oeste do Maranhão;20922,0;GOV. NUNES FREIRE;17065,09;355;25,0;2025-08-15;;
Oeste do Maranhão;20922,0;GOV. NUNES FREIRE;4926,66;82;8,0;2025-08-16;;
Oeste do Maranhão;20922,0;GOV. NUNES FREIRE;10884,72;210;18,0;2025-08-18;;
Oeste do Maranhão;20922,0;GOV. NUNES FREIRE;11820,32;262;16,0;2025-08-19;;
Oeste do Maranhão;20922,0;GOV. NUNES FREIRE;20314,45;371;29,0;2025-08-20;;
Oeste do Maranhão;20922,0;GOV. NUNES FREIRE;11283,93;198;20,0;2025-08-21;;
Oeste do Maranhão;20922,0;GOV. NUNES FREIRE;8242,46;169;17,0;2025-08-22;;
Oeste do Maranhão;20922,0;GOV. NUNES FREIRE;3261,64;61;8,0;2025-08-23;;
Oeste do Maranhão;20922,0;GOV. NUNES FREIRE;13092,73;222;19,0;2025-08-25;;
Oeste do Maranhão;20922,0;GOV. NUNES FREIRE;12194,37;224;22,0;2025-08-26;;
Oeste do Maranhão;20922,0;GOV. NUNES FREIRE;16797,57;340;28,0;2025-08-27;;
Oeste do Maranhão;20922,0;GOV. NUNES FREIRE;13614,97;235;23,0;2025-08-28;;
Oeste do Maranhão;20922,0;GOV. NUNES FREIRE;13054,72;289;24,0;2025-08-29;;
Oeste do Maranhão;20922,0;GOV. NUNES FREIRE;6637,48;128;11,0;2025-08-30;;
Oeste do Maranhão;20922,0;GOV. NUNES FREIRE;8212,2;178;14,0;2025-09-01;;
Oeste do Maranhão;20922,0;GOV. NUNES FREIRE;8117,61;151;10,0;2025-09-02;;
Oeste do Maranhão;20922,0;GOV. NUNES FREIRE;6557,7;116;11,0;2025-09-03;;
Oeste do Maranhão;20922,0;GOV. NUNES FREIRE;16450,15;327;15,0;2025-09-04;;
Oeste do Maranhão;20922,0;GOV. NUNES FREIRE;26325,28;374;26,0;2025-09-05;;
Oeste do Maranhão;20922,0;GOV. NUNES FREIRE;6971,38;94;9,0;2025-09-06;;
Oeste do Maranhão;20922,0;GOV. NUNES FREIRE;15265,2;231;21,0;2025-09-08;;
Oeste do Maranhão;20922,0;GOV. NUNES FREIRE;17185,56;291;20,0;2025-09-09;;
Oeste do Maranhão;20922,0;GOV. NUNES FREIRE;10248,62;178;16,0;2025-09-10;;
Oeste do Maranhão;20922,0;GOV. NUNES FREIRE;15350,43;197;16,0;2025-09-11;;
Oeste do Maranhão;20922,0;GOV. NUNES FREIRE;10670,48;185;18,0;2025-09-12;;
Oeste do Maranhão;20922,0;GOV. NUNES FREIRE;5975,22;104;8,0;2025-09-13;;
Oeste do Maranhão;20922,0;GOV. NUNES FREIRE;11620,46;206;17,0;2025-09-15;;
Oeste do Maranhão;20922,0;GOV. NUNES FREIRE;6879,55;118;11,0;2025-09-16;;
Oeste do Maranhão;20922,0;GOV. NUNES FREIRE;12113,3;252;23,0;2025-09-17;;
Oeste do Maranhão;20922,0;GOV. NUNES FREIRE;8006,49;169;13,0;2025-09-18;;
Oeste do Maranhão;20922,0;GOV. NUNES FREIRE;8987,26;185;15,0;2025-09-19;;
Oeste do Maranhão;20922,0;GOV. NUNES FREIRE;4118,68;93;9,0;2025-09-20;;
Oeste do Maranhão;20922,0;GOV. NUNES FREIRE;19035,41;446;21,0;2025-09-22;;
Oeste do Maranhão;20922,0;GOV. NUNES FREIRE;10817,4;232;15,0;2025-09-23;;
Oeste do Maranhão;20922,0;GOV. NUNES FREIRE;11177,06;231;14,0;2025-09-24;;
Oeste do Maranhão;20922,0;GOV. NUNES FREIRE;18467,64;400;21,0;2025-09-25;;
Oeste do Maranhão;20922,0;GOV. NUNES FREIRE;36620,13;576;25,0;2025-09-26;;
Oeste do Maranhão;20922,0;GOV. NUNES FREIRE;5416,49;103;8,0;2025-09-27;;
Oeste do Maranhão;20922,0;GOV. NUNES FREIRE;16234,52;262;14,0;2025-09-29;;
Oeste do Maranhão;20922,0;GOV. NUNES FREIRE;11301,63;203;14,0;2025-09-30;;
Oeste do Maranhão;20922,0;GOV. NUNES FREIRE;16967,23;256;19,0;2025-10-01;;
Oeste do Maranhão;20922,0;GOV. NUNES FREIRE;9489,97;168;17,0;2025-10-02;;
Oeste do Maranhão;20922,0;GOV. NUNES FREIRE;34609,46;466;31,0;2025-10-03;;
Oeste do Maranhão;20922,0;GOV. NUNES FREIRE;5847,68;104;5,0;2025-10-04;;
Oeste do Maranhão;20922,0;GOV. NUNES FREIRE;14629,83;216;17,0;2025-10-06;;
Oeste do Maranhão;20922,0;GOV. NUNES FREIRE;13239,04;218;13,0;2025-10-07;;
Oeste do Maranhão;20922,0;GOV. NUNES FREIRE;16845,62;349;14,0;2025-10-08;;
Oeste do Maranhão;20922,0;GOV. NUNES FREIRE;9920,16;196;16,0;2025-10-09;;
Oeste do Maranhão;20922,0;GOV. NUNES FREIRE;18215,51;273;19,0;2025-10-10;;
Oeste do Maranhão;20922,0;GOV. NUNES FREIRE;3022,55;69;8,0;2025-10-11;;
Oeste do Maranhão;20922,0;GOV. NUNES FREIRE;15022,53;345;16,0;2025-10-13;;
Oeste do Maranhão;20922,0;GOV. NUNES FREIRE;15379,07;382;26,0;2025-10-14;;
Oeste do Maranhão;20922,0;GOV. NUNES FREIRE;8168,17;155;11,0;2025-10-15;;
Oeste do Maranhão;20922,0;GOV. NUNES FREIRE;7799,69;163;14,0;2025-10-16;;
Oeste do Maranhão;20922,0;GOV. NUNES FREIRE;9668,07;175;14,0;2025-10-17;;
Oeste do Maranhão;20922,0;GOV. NUNES FREIRE;4870,78;109;8,0;2025-10-18;;
Oeste do Maranhão;20922,0;GOV. NUNES FREIRE;12714,02;238;19,0;2025-10-21;;
Oeste do Maranhão;20922,0;GOV. NUNES FREIRE;15795,59;251;17,0;2025-10-22;;
Oeste do Maranhão;20922,0;GOV. NUNES FREIRE;11941,04;219;21,0;2025-10-23;;
Oeste do Maranhão;20922,0;GOV. NUNES FREIRE;10873,31;233;12,0;2025-10-24;;
Oeste do Maranhão;20922,0;GOV. NUNES FREIRE;6650,6;121;12,0;2025-10-25;;
Oeste do Maranhão;20922,0;GOV. NUNES FREIRE;8677,0;149;15,0;2025-10-27;;
Oeste do Maranhão;20922,0;GOV. NUNES FREIRE;7028,64;141;13,0;2025-10-28;;
Oeste do Maranhão;20922,0;GOV. NUNES FREIRE;14092,2;279;16,0;2025-10-29;;
Oeste do Maranhão;20922,0;GOV. NUNES FREIRE;17806,53;279;24,0;2025-10-30;;
Oeste do Maranhão;20922,0;GOV. NUNES FREIRE;17809,86;291;25,0;2025-10-31;;
Oeste do Maranhão;20922,0;GOV. NUNES FREIRE;19476,72;329;26,0;2025-11-01;;
Oeste do Maranhão;20922,0;GOV. NUNES FREIRE;28213,13;548;28,0;2025-11-03;;
Oeste do Maranhão;20922,0;GOV. NUNES FREIRE;20721,9;412;24,0;2025-11-04;;
Oeste do Maranhão;20922,0;GOV. NUNES FREIRE;19796,33;439;27,0;2025-11-05;;
Oeste do Maranhão;20922,0;GOV. NUNES FREIRE;18133,98;386;20,0;2025-11-06;;
Oeste do Maranhão;20922,0;GOV. NUNES FREIRE;12629,74;237;19,0;2025-11-07;;
Oeste do Maranhão;20922,0;GOV. NUNES FREIRE;8403,46;151;14,0;2025-11-08;;
Oeste do Maranhão;20922,0;GOV. NUNES FREIRE;3978,84;77;7,0;2025-11-10;;
Oeste do Maranhão;20922,0;GOV. NUNES FREIRE;23845,9;548;29,0;2025-11-11;;
Oeste do Maranhão;20922,0;GOV. NUNES FREIRE;19157,54;376;23,0;2025-11-12;;
Oeste do Maranhão;20922,0;GOV. NUNES FREIRE;19790,21;390;23,0;2025-11-13;;
Oeste do Maranhão;20922,0;GOV. NUNES FREIRE;16838,39;288;23,0;2025-11-14;;
Oeste do Maranhão;20922,0;GOV. NUNES FREIRE;6117,15;97;11,0;2025-11-15;;
Oeste do Maranhão;20922,0;GOV. NUNES FREIRE;26611,77;480;27,0;2025-11-17;;
Oeste do Maranhão;20922,0;GOV. NUNES FREIRE;18569,27;306;12,0;2025-11-18;;
Oeste do Maranhão;20922,0;GOV. NUNES FREIRE;11784,33;215;20,0;2025-11-19;;
Oeste do Maranhão;20922,0;GOV. NUNES FREIRE;12598,83;222;19,0;2025-11-20;;
Oeste do Maranhão;20922,0;GOV. NUNES FREIRE;14012,91;240;20,0;2025-11-21;;
Oeste do Maranhão;20922,0;GOV. NUNES FREIRE;8804,09;181;15,0;2025-11-22;;
Oeste do Maranhão;20922,0;GOV. NUNES FREIRE;15314,92;285;21,0;2025-11-24;;
Oeste do Maranhão;20922,0;GOV. NUNES FREIRE;22303,27;304;32,0;2025-11-25;;
Oeste do Maranhão;20922,0;GOV. NUNES FREIRE;12916,76;224;22,0;2025-11-26;;
Oeste do Maranhão;20922,0;GOV. NUNES FREIRE;31275,57;505;42,0;2025-11-27;;
Oeste do Maranhão;20922,0;GOV. NUNES FREIRE;30267,17;458;32,0;2025-11-28;;
Oeste do Maranhão;20922,0;GOV. NUNES FREIRE;16813,23;286;24,0;2025-11-29;;
Oeste do Maranhão;20922,0;GOV. NUNES FREIRE;2984,6;37;6,0;2025-11-30;;
Oeste do Maranhão;20922,0;GOV. NUNES FREIRE;23760,49;398;25,0;2025-12-01;;
Oeste do Maranhão;20922,0;GOV. NUNES FREIRE;23481,28;389;26,0;2025-12-02;;
Oeste do Maranhão;20922,0;GOV. NUNES FREIRE;18822,86;303;20,0;2025-12-03;;
Oeste do Maranhão;20922,0;GOV. NUNES FREIRE;11584,0;201;15,0;2025-12-04;;
Oeste do Maranhão;20922,0;GOV. NUNES FREIRE;13784,3;272;17,0;2025-12-05;;
Oeste do Maranhão;20922,0;GOV. NUNES FREIRE;7613,25;127;7,0;2025-12-06;;
Oeste do Maranhão;20922,0;GOV. NUNES FREIRE;13797,6;269;14,0;2025-12-08;;
Oeste do Maranhão;20922,0;GOV. NUNES FREIRE;19280,67;369;25,0;2025-12-09;;
Oeste do Maranhão;20922,0;GOV. NUNES FREIRE;9200,32;182;17,0;2025-12-10;;
Oeste do Maranhão;20922,0;GOV. NUNES FREIRE;13001,91;287;17,0;2025-12-11;;
Oeste do Maranhão;20922,0;GOV. NUNES FREIRE;8443,45;167;17,0;2025-12-12;;
Oeste do Maranhão;20922,0;GOV. NUNES FREIRE;5641,16;133;9,0;2025-12-13;;
Oeste do Maranhão;20922,0;GOV. NUNES FREIRE;18333,9;390;34,0;2025-12-15;;
Oeste do Maranhão;20922,0;GOV. NUNES FREIRE;20596,15;322;26,0;2025-12-16;;
Oeste do Maranhão;20922,0;GOV. NUNES FREIRE;21695,57;503;21,0;2025-12-17;;
Oeste do Maranhão;20922,0;GOV. NUNES FREIRE;10422,57;219;18,0;2025-12-18;;
Oeste do Maranhão;20922,0;GOV. NUNES FREIRE;13415,27;270;20,0;2025-12-19;;
Oeste do Maranhão;20922,0;GOV. NUNES FREIRE;7845,68;162;10,0;2025-12-20;;
Oeste do Maranhão;20922,0;GOV. NUNES FREIRE;640,05;9;2,0;2025-12-21;;
Oeste do Maranhão;20922,0;GOV. NUNES FREIRE;22716,4;373;24,0;2025-12-22;;
Oeste do Maranhão;20922,0;GOV. NUNES FREIRE;27185,17;437;36,0;2025-12-23;;
Oeste do Maranhão;20922,0;GOV. NUNES FREIRE;15479,82;269;16,0;2025-12-24;;
Oeste do Maranhão;20922,0;GOV. NUNES FREIRE;27894,01;491;20,0;2025-12-26;;
Oeste do Maranhão;20922,0;GOV. NUNES FREIRE;13827,42;263;18,0;2025-12-27;;
Oeste do Maranhão;20922,0;GOV. NUNES FREIRE;15916,94;292;16,0;2025-12-29;;
Oeste do Maranhão;20922,0;GOV. NUNES FREIRE;29200,79;647;35,0;2025-12-30;;
Oeste do Maranhão;20922,0;GOV. NUNES FREIRE;7965,52;186;14,0;2025-12-31;;
Leste da Paraíba;21561,0;ITABAIANA;8945,56;163;16,0;2025-01-02;;
Leste da Paraíba;21561,0;ITABAIANA;21660,77;370;29,0;2025-01-03;;
Leste da Paraíba;21561,0;ITABAIANA;13640,78;219;25,0;2025-01-04;;
Leste da Paraíba;21561,0;ITABAIANA;16901,69;267;29,0;2025-01-06;;
Leste da Paraíba;21561,0;ITABAIANA;23774,53;349;32,0;2025-01-07;;
Leste da Paraíba;21561,0;ITABAIANA;16130,96;313;31,0;2025-01-08;;
Leste da Paraíba;21561,0;ITABAIANA;19638,93;306;34,0;2025-01-09;;
Leste da Paraíba;21561,0;ITABAIANA;12770,46;199;27,0;2025-01-10;;
Leste da Paraíba;21561,0;ITABAIANA;14509,71;230;27,0;2025-01-11;;
Leste da Paraíba;21561,0;ITABAIANA;15852,74;239;28,0;2025-01-13;;
Leste da Paraíba;21561,0;ITABAIANA;19401,49;303;33,0;2025-01-14;;
Leste da Paraíba;21561,0;ITABAIANA;20257,42;302;34,0;2025-01-15;;
Leste da Paraíba;21561,0;ITABAIANA;112527,01;1257;101,0;2025-01-16;;
Leste da Paraíba;21561,0;ITABAIANA;54256,44;659;60,0;2025-01-17;;
Leste da Paraíba;21561,0;ITABAIANA;11266,87;157;19,0;2025-01-18;;
Leste da Paraíba;21561,0;ITABAIANA;65466,59;1152;61,0;2025-01-20;;
Leste da Paraíba;21561,0;ITABAIANA;47719,1;848;65,0;2025-01-21;;
Leste da Paraíba;21561,0;ITABAIANA;35975,53;551;45,0;2025-01-22;;
Leste da Paraíba;21561,0;ITABAIANA;30030,68;484;44,0;2025-01-23;;
Leste da Paraíba;21561,0;ITABAIANA;37592,82;677;38,0;2025-01-24;;
Leste da Paraíba;21561,0;ITABAIANA;16448,45;306;22,0;2025-01-25;;
Leste da Paraíba;21561,0;ITABAIANA;12468,92;249;32,0;2025-01-27;;
Leste da Paraíba;21561,0;ITABAIANA;22044,09;406;36,0;2025-01-28;;
Leste da Paraíba;21561,0;ITABAIANA;17212,72;284;29,0;2025-01-29;;
Leste da Paraíba;21561,0;ITABAIANA;15349,62;279;26,0;2025-01-30;;
Leste da Paraíba;21561,0;ITABAIANA;36427,75;538;43,0;2025-01-31;;
Leste da Paraíba;21561,0;ITABAIANA;14212,32;213;25,0;2025-02-01;;
Leste da Paraíba;21561,0;ITABAIANA;26914,67;365;43,0;2025-02-03;;
Leste da Paraíba;21561,0;ITABAIANA;31774,28;426;47,0;2025-02-04;;
Leste da Paraíba;21561,0;ITABAIANA;25712,83;384;39,0;2025-02-05;;
Leste da Paraíba;21561,0;ITABAIANA;25211,94;433;43,0;2025-02-06;;
Leste da Paraíba;21561,0;ITABAIANA;23123,72;347;29,0;2025-02-07;;
Leste da Paraíba;21561,0;ITABAIANA;18431,3;296;33,0;2025-02-08;;
Leste da Paraíba;21561,0;ITABAIANA;72890,52;1132;61,0;2025-02-10;;
Leste da Paraíba;21561,0;ITABAIANA;43247,24;567;51,0;2025-02-11;;
Leste da Paraíba;21561,0;ITABAIANA;49225,34;732;53,0;2025-02-12;;
Leste da Paraíba;21561,0;ITABAIANA;28352,75;440;45,0;2025-02-13;;
Leste da Paraíba;21561,0;ITABAIANA;22183,75;351;28,0;2025-02-14;;
Leste da Paraíba;21561,0;ITABAIANA;9522,93;167;22,0;2025-02-15;;
Leste da Paraíba;21561,0;ITABAIANA;8004,09;127;20,0;2025-02-17;;
Leste da Paraíba;21561,0;ITABAIANA;19801,82;296;32,0;2025-02-18;;
Leste da Paraíba;21561,0;ITABAIANA;7956,43;137;19,0;2025-02-19;;
Leste da Paraíba;21561,0;ITABAIANA;9670,08;173;27,0;2025-02-20;;
Leste da Paraíba;21561,0;ITABAIANA;21464,83;423;34,0;2025-02-21;;
Leste da Paraíba;21561,0;ITABAIANA;26630,26;430;44,0;2025-02-22;;
Leste da Paraíba;21561,0;ITABAIANA;18142,66;309;29,0;2025-02-24;;
Leste da Paraíba;21561,0;ITABAIANA;21019,95;353;37,0;2025-02-25;;
Leste da Paraíba;21561,0;ITABAIANA;19525,95;347;34,0;2025-02-26;;
Leste da Paraíba;21561,0;ITABAIANA;23775,96;402;40,0;2025-02-27;;
Leste da Paraíba;21561,0;ITABAIANA;17218,44;275;26,0;2025-02-28;;
Leste da Paraíba;21561,0;ITABAIANA;18953,4;295;30,0;2025-03-01;;
Leste da Paraíba;21561,0;ITABAIANA;28896,05;580;39,0;2025-03-05;;
Leste da Paraíba;21561,0;ITABAIANA;31167,63;598;44,0;2025-03-06;;
Leste da Paraíba;21561,0;ITABAIANA;31673,14;578;39,0;2025-03-07;;
Leste da Paraíba;21561,0;ITABAIANA;23527,47;452;27,0;2025-03-08;;
Leste da Paraíba;21561,0;ITABAIANA;69761,55;919;48,0;2025-03-10;;
Leste da Paraíba;21561,0;ITABAIANA;46664,63;828;45,0;2025-03-11;;
Leste da Paraíba;21561,0;ITABAIANA;58647,61;947;59,0;2025-03-12;;
Leste da Paraíba;21561,0;ITABAIANA;25789,03;359;23,0;2025-03-13;;
Leste da Paraíba;21561,0;ITABAIANA;80854,45;853;55,0;2025-03-14;;
Leste da Paraíba;21561,0;ITABAIANA;47707,76;595;45,0;2025-03-15;;
Leste da Paraíba;21561,0;ITABAIANA;44395,48;628;52,0;2025-03-17;;
Leste da Paraíba;21561,0;ITABAIANA;26727,96;466;42,0;2025-03-18;;
Leste da Paraíba;21561,0;ITABAIANA;28349,17;447;31,0;2025-03-19;;
Leste da Paraíba;21561,0;ITABAIANA;29931,07;479;42,0;2025-03-20;;
Leste da Paraíba;21561,0;ITABAIANA;36743,54;507;51,0;2025-03-21;;
Leste da Paraíba;21561,0;ITABAIANA;17348,21;241;26,0;2025-03-22;;
Leste da Paraíba;21561,0;ITABAIANA;36691,63;638;48,0;2025-03-24;;
Leste da Paraíba;21561,0;ITABAIANA;62422,0;1036;71,0;2025-03-25;;
Leste da Paraíba;21561,0;ITABAIANA;46694,06;766;51,0;2025-03-26;;
Leste da Paraíba;21561,0;ITABAIANA;20449,61;377;28,0;2025-03-27;;
Leste da Paraíba;21561,0;ITABAIANA;25347,24;406;34,0;2025-03-28;;
Leste da Paraíba;21561,0;ITABAIANA;11099,5;157;26,0;2025-03-29;;
Leste da Paraíba;21561,0;ITABAIANA;62765,1;898;69,0;2025-03-31;;
Leste da Paraíba;21561,0;ITABAIANA;25221,72;325;27,0;2025-04-01;;
Leste da Paraíba;21561,0;ITABAIANA;26883,89;383;31,0;2025-04-02;;
Leste da Paraíba;21561,0;ITABAIANA;33458,51;486;48,0;2025-04-03;;
Leste da Paraíba;21561,0;ITABAIANA;16000,47;243;34,0;2025-04-04;;
Leste da Paraíba;21561,0;ITABAIANA;11306,96;152;17,0;2025-04-05;;
Leste da Paraíba;21561,0;ITABAIANA;19250,68;300;37,0;2025-04-07;;
Leste da Paraíba;21561,0;ITABAIANA;28818,08;402;34,0;2025-04-08;;
Leste da Paraíba;21561,0;ITABAIANA;28308,48;385;32,0;2025-04-09;;
Leste da Paraíba;21561,0;ITABAIANA;19745,84;312;33,0;2025-04-10;;
Leste da Paraíba;21561,0;ITABAIANA;20649,61;289;30,0;2025-04-11;;
Leste da Paraíba;21561,0;ITABAIANA;18645,66;256;32,0;2025-04-12;;
Leste da Paraíba;21561,0;ITABAIANA;25920,82;480;36,0;2025-04-14;;
Leste da Paraíba;21561,0;ITABAIANA;69814,96;1661;67,0;2025-04-15;;
Leste da Paraíba;21561,0;ITABAIANA;27530,03;548;41,0;2025-04-16;;
Leste da Paraíba;21561,0;ITABAIANA;33192,94;560;39,0;2025-04-17;;
Leste da Paraíba;21561,0;ITABAIANA;12911,47;236;19,0;2025-04-19;;
Leste da Paraíba;21561,0;ITABAIANA;26282,63;431;28,0;2025-04-21;;
Leste da Paraíba;21561,0;ITABAIANA;22261,39;482;32,0;2025-04-22;;
Leste da Paraíba;21561,0;ITABAIANA;40376,29;684;49,0;2025-04-23;;
Leste da Paraíba;21561,0;ITABAIANA;16210,28;258;24,0;2025-04-24;;
Leste da Paraíba;21561,0;ITABAIANA;24076,94;407;26,0;2025-04-25;;
Leste da Paraíba;21561,0;ITABAIANA;22911,81;443;30,0;2025-04-26;;
Leste da Paraíba;21561,0;ITABAIANA;40647,67;625;45,0;2025-04-28;;
Leste da Paraíba;21561,0;ITABAIANA;37673,75;489;45,0;2025-04-29;;
Leste da Paraíba;21561,0;ITABAIANA;32237,84;522;47,0;2025-04-30;;
Leste da Paraíba;21561,0;ITABAIANA;30012,28;443;40,0;2025-05-02;;
Leste da Paraíba;21561,0;ITABAIANA;22972,68;360;35,0;2025-05-03;;
Leste da Paraíba;21561,0;ITABAIANA;57218,52;688;49,0;2025-05-05;;
Leste da Paraíba;21561,0;ITABAIANA;65351,94;763;65,0;2025-05-06;;
Leste da Paraíba;21561,0;ITABAIANA;30763,68;450;43,0;2025-05-07;;
Leste da Paraíba;21561,0;ITABAIANA;29215,92;404;47,0;2025-05-08;;
Leste da Paraíba;21561,0;ITABAIANA;37994,96;543;51,0;2025-05-09;;
Leste da Paraíba;21561,0;ITABAIANA;34738,42;505;54,0;2025-05-10;;
Leste da Paraíba;21561,0;ITABAIANA;802,38;13;3,0;2025-05-11;;
Leste da Paraíba;21561,0;ITABAIANA;37843,14;690;39,0;2025-05-12;;
Leste da Paraíba;21561,0;ITABAIANA;72924,89;1439;71,0;2025-05-13;;
Leste da Paraíba;21561,0;ITABAIANA;30019,93;534;38,0;2025-05-14;;
Leste da Paraíba;21561,0;ITABAIANA;30192,64;594;35,0;2025-05-15;;
Leste da Paraíba;21561,0;ITABAIANA;16238,65;280;25,0;2025-05-16;;
Leste da Paraíba;21561,0;ITABAIANA;20433,74;322;25,0;2025-05-17;;
Leste da Paraíba;21561,0;ITABAIANA;120426,76;2002;107,0;2025-05-19;;
Leste da Paraíba;21561,0;ITABAIANA;80162,83;1367;78,0;2025-05-20;;
Leste da Paraíba;21561,0;ITABAIANA;40734,38;624;46,0;2025-05-21;;
Leste da Paraíba;21561,0;ITABAIANA;76944,59;1080;81,0;2025-05-22;;
Leste da Paraíba;21561,0;ITABAIANA;52179,89;719;63,0;2025-05-23;;
Leste da Paraíba;21561,0;ITABAIANA;32530,0;488;38,0;2025-05-24;;
Leste da Paraíba;21561,0;ITABAIANA;23416,96;358;35,0;2025-05-26;;
Leste da Paraíba;21561,0;ITABAIANA;63242,23;927;67,0;2025-05-27;;
Leste da Paraíba;21561,0;ITABAIANA;25121,62;418;37,0;2025-05-28;;
Leste da Paraíba;21561,0;ITABAIANA;30877,18;543;30,0;2025-05-29;;
Leste da Paraíba;21561,0;ITABAIANA;25568,81;383;43,0;2025-05-30;;
Leste da Paraíba;21561,0;ITABAIANA;19335,86;345;33,0;2025-05-31;;
Leste da Paraíba;21561,0;ITABAIANA;21503,0;414;34,0;2025-06-02;;
Leste da Paraíba;21561,0;ITABAIANA;20357,92;431;38,0;2025-06-03;;
Leste da Paraíba;21561,0;ITABAIANA;19315,2;300;37,0;2025-06-04;;
Leste da Paraíba;21561,0;ITABAIANA;31928,48;603;51,0;2025-06-05;;
Leste da Paraíba;21561,0;ITABAIANA;22115,18;385;27,0;2025-06-06;;
Leste da Paraíba;21561,0;ITABAIANA;17098,09;248;30,0;2025-06-07;;
Leste da Paraíba;21561,0;ITABAIANA;25316,0;380;38,0;2025-06-09;;
Leste da Paraíba;21561,0;ITABAIANA;45636,17;788;58,0;2025-06-10;;
Leste da Paraíba;21561,0;ITABAIANA;25595,13;357;48,0;2025-06-11;;
Leste da Paraíba;21561,0;ITABAIANA;21563,71;329;45,0;2025-06-12;;
Leste da Paraíba;21561,0;ITABAIANA;126265,98;2175;95,0;2025-06-13;;
Leste da Paraíba;21561,0;ITABAIANA;27364,23;485;38,0;2025-06-14;;
Leste da Paraíba;21561,0;ITABAIANA;36801,5;589;49,0;2025-06-16;;
Leste da Paraíba;21561,0;ITABAIANA;68133,5;915;52,0;2025-06-17;;
Leste da Paraíba;21561,0;ITABAIANA;21010,32;376;31,0;2025-06-18;;
Leste da Paraíba;21561,0;ITABAIANA;16919,05;242;19,0;2025-06-19;;
Leste da Paraíba;21561,0;ITABAIANA;19606,36;322;30,0;2025-06-20;;
Leste da Paraíba;21561,0;ITABAIANA;8132,18;172;16,0;2025-06-21;;
Leste da Paraíba;21561,0;ITABAIANA;92496,29;959;85,0;2025-06-23;;
Leste da Paraíba;21561,0;ITABAIANA;36033,36;502;31,0;2025-06-24;;
Leste da Paraíba;21561,0;ITABAIANA;45775,98;624;58,0;2025-06-25;;
Leste da Paraíba;21561,0;ITABAIANA;25112,55;385;36,0;2025-06-26;;
Leste da Paraíba;21561,0;ITABAIANA;26887,63;423;38,0;2025-06-27;;
Leste da Paraíba;21561,0;ITABAIANA;30497,98;346;42,0;2025-06-28;;
Leste da Paraíba;21561,0;ITABAIANA;50547,78;806;45,0;2025-06-30;;
Leste da Paraíba;21561,0;ITABAIANA;82559,47;1312;74,0;2025-07-01;;
Leste da Paraíba;21561,0;ITABAIANA;40364,46;656;52,0;2025-07-02;;
Leste da Paraíba;21561,0;ITABAIANA;19137,71;335;31,0;2025-07-03;;
Leste da Paraíba;21561,0;ITABAIANA;35376,12;536;46,0;2025-07-04;;
Leste da Paraíba;21561,0;ITABAIANA;13069,28;277;28,0;2025-07-05;;
Leste da Paraíba;21561,0;ITABAIANA;22231,68;349;31,0;2025-07-07;;
Leste da Paraíba;21561,0;ITABAIANA;51407,0;762;53,0;2025-07-08;;
Leste da Paraíba;21561,0;ITABAIANA;17022,47;279;31,0;2025-07-09;;
Leste da Paraíba;21561,0;ITABAIANA;11473,97;188;24,0;2025-07-10;;
Leste da Paraíba;21561,0;ITABAIANA;9499,52;163;20,0;2025-07-11;;
Leste da Paraíba;21561,0;ITABAIANA;5789,0;129;8,0;2025-07-12;;
Leste da Paraíba;21561,0;ITABAIANA;9303,96;190;22,0;2025-07-14;;
Leste da Paraíba;21561,0;ITABAIANA;7679,91;140;12,0;2025-07-15;;
Leste da Paraíba;21561,0;ITABAIANA;71759,9;1946;83,0;2025-07-16;;
Leste da Paraíba;21561,0;ITABAIANA;55453,57;1356;74,0;2025-07-17;;
Leste da Paraíba;21561,0;ITABAIANA;49445,6;969;61,0;2025-07-18;;
Leste da Paraíba;21561,0;ITABAIANA;31967,72;568;42,0;2025-07-19;;
Leste da Paraíba;21561,0;ITABAIANA;46968,15;925;52,0;2025-07-21;;
Leste da Paraíba;21561,0;ITABAIANA;63183,76;1310;70,0;2025-07-22;;
Leste da Paraíba;21561,0;ITABAIANA;48664,89;1158;69,0;2025-07-23;;
Leste da Paraíba;21561,0;ITABAIANA;29023,35;648;48,0;2025-07-24;;
Leste da Paraíba;21561,0;ITABAIANA;34807,91;795;45,0;2025-07-25;;
Leste da Paraíba;21561,0;ITABAIANA;16558,55;399;30,0;2025-07-26;;
Leste da Paraíba;21561,0;ITABAIANA;30856,29;541;37,0;2025-07-28;;
Leste da Paraíba;21561,0;ITABAIANA;38035,94;763;45,0;2025-07-29;;
Leste da Paraíba;21561,0;ITABAIANA;18308,49;421;32,0;2025-07-30;;
Leste da Paraíba;21561,0;ITABAIANA;55910,87;1031;49,0;2025-07-31;;
Leste da Paraíba;21561,0;ITABAIANA;33546,71;639;55,0;2025-08-01;;
Leste da Paraíba;21561,0;ITABAIANA;35494,17;603;42,0;2025-08-02;;
Leste da Paraíba;21561,0;ITABAIANA;47049,53;657;50,0;2025-08-04;;
Leste da Paraíba;21561,0;ITABAIANA;66762,41;1217;86,0;2025-08-06;;
Leste da Paraíba;21561,0;ITABAIANA;36765,01;616;69,0;2025-08-07;;
Leste da Paraíba;21561,0;ITABAIANA;49133,71;828;81,0;2025-08-08;;
Leste da Paraíba;21561,0;ITABAIANA;25178,55;420;40,0;2025-08-09;;
Leste da Paraíba;21561,0;ITABAIANA;74042,96;1411;76,0;2025-08-11;;
Leste da Paraíba;21561,0;ITABAIANA;70330,7;1521;69,0;2025-08-12;;
Leste da Paraíba;21561,0;ITABAIANA;35186,3;872;44,0;2025-08-13;;
Leste da Paraíba;21561,0;ITABAIANA;28279,72;626;51,0;2025-08-14;;
Leste da Paraíba;21561,0;ITABAIANA;19314,33;470;32,0;2025-08-15;;
Leste da Paraíba;21561,0;ITABAIANA;16940,89;331;21,0;2025-08-16;;
Leste da Paraíba;21561,0;ITABAIANA;18321,31;369;36,0;2025-08-18;;
Leste da Paraíba;21561,0;ITABAIANA;33461,57;765;48,0;2025-08-19;;
Leste da Paraíba;21561,0;ITABAIANA;38653,04;765;53,0;2025-08-20;;
Leste da Paraíba;21561,0;ITABAIANA;14772,01;250;23,0;2025-08-21;;
Leste da Paraíba;21561,0;ITABAIANA;35636,08;856;46,0;2025-08-22;;
Leste da Paraíba;21561,0;ITABAIANA;19603,25;426;34,0;2025-08-23;;
Leste da Paraíba;21561,0;ITABAIANA;11417,5;280;26,0;2025-08-25;;
Leste da Paraíba;21561,0;ITABAIANA;37296,06;827;57,0;2025-08-26;;
Leste da Paraíba;21561,0;ITABAIANA;45003,33;1097;58,0;2025-08-27;;
Leste da Paraíba;21561,0;ITABAIANA;34271,18;662;50,0;2025-08-28;;
Leste da Paraíba;21561,0;ITABAIANA;24361,54;587;35,0;2025-08-29;;
Leste da Paraíba;21561,0;ITABAIANA;19072,01;423;44,0;2025-08-30;;
Leste da Paraíba;21561,0;ITABAIANA;39715,11;830;54,0;2025-09-01;;
Leste da Paraíba;21561,0;ITABAIANA;51319,47;1086;74,0;2025-09-02;;
Leste da Paraíba;21561,0;ITABAIANA;42016,81;783;49,0;2025-09-03;;
Leste da Paraíba;21561,0;ITABAIANA;39576,25;815;64,0;2025-09-04;;
Leste da Paraíba;21561,0;ITABAIANA;61896,34;958;67,0;2025-09-05;;
Leste da Paraíba;21561,0;ITABAIANA;46087,32;765;59,0;2025-09-06;;
Leste da Paraíba;21561,0;ITABAIANA;39059,83;606;49,0;2025-09-08;;
Leste da Paraíba;21561,0;ITABAIANA;65140,62;1193;86,0;2025-09-09;;
Leste da Paraíba;21561,0;ITABAIANA;29162,12;492;48,0;2025-09-10;;
Leste da Paraíba;21561,0;ITABAIANA;29496,47;473;40,0;2025-09-11;;
Leste da Paraíba;21561,0;ITABAIANA;43074,67;676;61,0;2025-09-12;;
Leste da Paraíba;21561,0;ITABAIANA;9696,81;161;19,0;2025-09-13;;
Leste da Paraíba;21561,0;ITABAIANA;25967,19;463;48,0;2025-09-16;;
Leste da Paraíba;21561,0;ITABAIANA;47988,17;922;87,0;2025-09-17;;
Leste da Paraíba;21561,0;ITABAIANA;34746,98;602;49,0;2025-09-18;;
Leste da Paraíba;21561,0;ITABAIANA;29970,56;557;48,0;2025-09-19;;
Leste da Paraíba;21561,0;ITABAIANA;19412,61;316;36,0;2025-09-20;;
Leste da Paraíba;21561,0;ITABAIANA;109638,94;1862;79,0;2025-09-22;;
Leste da Paraíba;21561,0;ITABAIANA;67744,34;1271;62,0;2025-09-23;;
Leste da Paraíba;21561,0;ITABAIANA;40280,4;828;47,0;2025-09-24;;
Leste da Paraíba;21561,0;ITABAIANA;31362,89;699;49,0;2025-09-25;;
Leste da Paraíba;21561,0;ITABAIANA;43275,25;719;43,0;2025-09-26;;
Leste da Paraíba;21561,0;ITABAIANA;38731,93;613;29,0;2025-09-27;;
Leste da Paraíba;21561,0;ITABAIANA;18339,64;484;34,0;2025-09-29;;
Leste da Paraíba;21561,0;ITABAIANA;35623,69;833;48,0;2025-09-30;;
Leste da Paraíba;21561,0;ITABAIANA;49843,03;814;43,0;2025-10-01;;
Leste da Paraíba;21561,0;ITABAIANA;17464,59;363;35,0;2025-10-02;;
Leste da Paraíba;21561,0;ITABAIANA;61376,58;908;70,0;2025-10-03;;
Leste da Paraíba;21561,0;ITABAIANA;41266,89;571;38,0;2025-10-04;;
Leste da Paraíba;21561,0;ITABAIANA;23696,41;450;41,0;2025-10-06;;
Leste da Paraíba;21561,0;ITABAIANA;43186,21;752;54,0;2025-10-07;;
Leste da Paraíba;21561,0;ITABAIANA;32195,68;628;54,0;2025-10-08;;
Leste da Paraíba;21561,0;ITABAIANA;39325,47;807;57,0;2025-10-09;;
Leste da Paraíba;21561,0;ITABAIANA;29453,94;521;40,0;2025-10-10;;
Leste da Paraíba;21561,0;ITABAIANA;18226,29;316;30,0;2025-10-11;;
Leste da Paraíba;21561,0;ITABAIANA;29532,09;706;49,0;2025-10-13;;
Leste da Paraíba;21561,0;ITABAIANA;48856,83;994;52,0;2025-10-14;;
Leste da Paraíba;21561,0;ITABAIANA;29525,03;664;53,0;2025-10-15;;
Leste da Paraíba;21561,0;ITABAIANA;23949,59;538;31,0;2025-10-16;;
Leste da Paraíba;21561,0;ITABAIANA;22531,49;442;32,0;2025-10-17;;
Leste da Paraíba;21561,0;ITABAIANA;24535,85;476;36,0;2025-10-18;;
Leste da Paraíba;21561,0;ITABAIANA;18152,25;373;31,0;2025-10-20;;
Leste da Paraíba;21561,0;ITABAIANA;23217,37;445;39,0;2025-10-21;;
Leste da Paraíba;21561,0;ITABAIANA;28289,93;586;45,0;2025-10-22;;
Leste da Paraíba;21561,0;ITABAIANA;14922,28;346;25,0;2025-10-23;;
Leste da Paraíba;21561,0;ITABAIANA;25116,83;461;29,0;2025-10-24;;
Leste da Paraíba;21561,0;ITABAIANA;26438,53;548;39,0;2025-10-25;;
Leste da Paraíba;21561,0;ITABAIANA;25415,06;438;40,0;2025-10-27;;
Leste da Paraíba;21561,0;ITABAIANA;61034,16;914;61,0;2025-10-28;;
Leste da Paraíba;21561,0;ITABAIANA;37265,89;848;48,0;2025-10-29;;
Leste da Paraíba;21561,0;ITABAIANA;45203,98;745;68,0;2025-10-30;;
Leste da Paraíba;21561,0;ITABAIANA;21796,24;408;55,0;2025-10-31;;
Leste da Paraíba;21561,0;ITABAIANA;43249,18;763;65,0;2025-11-01;;
Leste da Paraíba;21561,0;ITABAIANA;87895,75;2168;105,0;2025-11-03;;
Leste da Paraíba;21561,0;ITABAIANA;66245,73;1436;85,0;2025-11-04;;
Leste da Paraíba;21561,0;ITABAIANA;35411,57;782;64,0;2025-11-05;;
Leste da Paraíba;21561,0;ITABAIANA;46537,19;1188;71,0;2025-11-06;;
Leste da Paraíba;21561,0;ITABAIANA;20372,64;628;47,0;2025-11-07;;
Leste da Paraíba;21561,0;ITABAIANA;44703,96;1111;56,0;2025-11-08;;
Leste da Paraíba;21561,0;ITABAIANA;38381,52;910;51,0;2025-11-10;;
Leste da Paraíba;21561,0;ITABAIANA;31060,68;1261;51,0;2025-11-11;;
Leste da Paraíba;21561,0;ITABAIANA;30615,8;757;55,0;2025-11-12;;
Leste da Paraíba;21561,0;ITABAIANA;33012,86;742;59,0;2025-11-13;;
Leste da Paraíba;21561,0;ITABAIANA;22085,6;482;45,0;2025-11-14;;
Leste da Paraíba;21561,0;ITABAIANA;23033,97;469;37,0;2025-11-15;;
Leste da Paraíba;21561,0;ITABAIANA;51673,56;934;61,0;2025-11-17;;
Leste da Paraíba;21561,0;ITABAIANA;44452,03;821;68,0;2025-11-18;;
Leste da Paraíba;21561,0;ITABAIANA;52027,32;1051;62,0;2025-11-19;;
Leste da Paraíba;21561,0;ITABAIANA;65102,26;1044;67,0;2025-11-20;;
Leste da Paraíba;21561,0;ITABAIANA;46475,7;815;74,0;2025-11-21;;
Leste da Paraíba;21561,0;ITABAIANA;27578,2;517;39,0;2025-11-22;;
Leste da Paraíba;21561,0;ITABAIANA;27697,1;533;47,0;2025-11-24;;
Leste da Paraíba;21561,0;ITABAIANA;54087,32;998;92,0;2025-11-25;;
Leste da Paraíba;21561,0;ITABAIANA;36109,92;803;59,0;2025-11-26;;
Leste da Paraíba;21561,0;ITABAIANA;92904,6;1847;109,0;2025-11-27;;
Leste da Paraíba;21561,0;ITABAIANA;93633,42;1958;113,0;2025-11-28;;
Leste da Paraíba;21561,0;ITABAIANA;69293,9;1263;102,0;2025-11-29;;
Leste da Paraíba;21561,0;ITABAIANA;18976,49;452;29,0;2025-11-30;;
Leste da Paraíba;21561,0;ITABAIANA;29054,51;575;43,0;2025-12-01;;
Leste da Paraíba;21561,0;ITABAIANA;42450,28;931;54,0;2025-12-02;;
Leste da Paraíba;21561,0;ITABAIANA;43521,49;938;64,0;2025-12-03;;
Leste da Paraíba;21561,0;ITABAIANA;34458,07;723;56,0;2025-12-04;;
Leste da Paraíba;21561,0;ITABAIANA;13850,28;496;22,0;2025-12-05;;
Leste da Paraíba;21561,0;ITABAIANA;24092,58;577;34,0;2025-12-06;;
Leste da Paraíba;21561,0;ITABAIANA;13293,53;425;25,0;2025-12-08;;
Leste da Paraíba;21561,0;ITABAIANA;28628,46;677;46,0;2025-12-09;;
Leste da Paraíba;21561,0;ITABAIANA;39165,23;771;50,0;2025-12-10;;
Leste da Paraíba;21561,0;ITABAIANA;29598,37;686;41,0;2025-12-11;;
Leste da Paraíba;21561,0;ITABAIANA;35167,72;879;52,0;2025-12-12;;
Leste da Paraíba;21561,0;ITABAIANA;16583,48;405;33,0;2025-12-13;;
Leste da Paraíba;21561,0;ITABAIANA;23992,15;492;40,0;2025-12-15;;
Leste da Paraíba;21561,0;ITABAIANA;44845,14;1112;78,0;2025-12-16;;
Leste da Paraíba;21561,0;ITABAIANA;29769,5;711;54,0;2025-12-17;;
Leste da Paraíba;21561,0;ITABAIANA;17897,37;414;42,0;2025-12-18;;
Leste da Paraíba;21561,0;ITABAIANA;32364,13;795;53,0;2025-12-19;;
Leste da Paraíba;21561,0;ITABAIANA;20822,7;482;43,0;2025-12-20;;
Leste da Paraíba;21561,0;ITABAIANA;4021,21;69;6,0;2025-12-21;;
Leste da Paraíba;21561,0;ITABAIANA;27398,69;565;58,0;2025-12-22;;
Leste da Paraíba;21561,0;ITABAIANA;48094,71;922;81,0;2025-12-23;;
Leste da Paraíba;21561,0;ITABAIANA;16163,7;375;41,0;2025-12-24;;
Leste da Paraíba;21561,0;ITABAIANA;58417,8;1232;71,0;2025-12-26;;
Leste da Paraíba;21561,0;ITABAIANA;31060,02;651;50,0;2025-12-27;;
Leste da Paraíba;21561,0;ITABAIANA;65962,06;1181;58,0;2025-12-29;;
Leste da Paraíba;21561,0;ITABAIANA;59296,36;987;68,0;2025-12-30;;
Leste da Paraíba;21561,0;ITABAIANA;13784,0;234;22,0;2025-12-31;;
Litoral Norte;23660,0;JOÃO CÂMARA;46757,26;879;53,0;2025-08-16;;
Litoral Norte;23660,0;JOÃO CÂMARA;4101,44;83;9,0;2025-08-18;;
Litoral Norte;23660,0;JOÃO CÂMARA;15088,68;257;25,0;2025-08-19;;
Litoral Norte;23660,0;JOÃO CÂMARA;23212,66;443;21,0;2025-08-20;;
Litoral Norte;23660,0;JOÃO CÂMARA;20254,68;293;37,0;2025-08-21;;
Litoral Norte;23660,0;JOÃO CÂMARA;22673,81;355;30,0;2025-08-22;;
Litoral Norte;23660,0;JOÃO CÂMARA;27106,17;379;16,0;2025-08-23;;
Litoral Norte;23660,0;JOÃO CÂMARA;13782,04;291;20,0;2025-08-25;;
Litoral Norte;23660,0;JOÃO CÂMARA;7979,55;170;21,0;2025-08-26;;
Litoral Norte;23660,0;JOÃO CÂMARA;12061,32;223;23,0;2025-08-27;;
Litoral Norte;23660,0;JOÃO CÂMARA;20806,9;371;26,0;2025-08-28;;
Litoral Norte;23660,0;JOÃO CÂMARA;7531,14;112;18,0;2025-08-29;;
Litoral Norte;23660,0;JOÃO CÂMARA;21786,1;330;34,0;2025-08-30;;
Litoral Norte;23660,0;JOÃO CÂMARA;35843,08;365;25,0;2025-09-01;;
Litoral Norte;23660,0;JOÃO CÂMARA;17721,3;212;27,0;2025-09-02;;
Litoral Norte;23660,0;JOÃO CÂMARA;20920,82;228;20,0;2025-09-03;;
Litoral Norte;23660,0;JOÃO CÂMARA;16128,14;207;28,0;2025-09-04;;
Litoral Norte;23660,0;JOÃO CÂMARA;54833,43;639;48,0;2025-09-05;;
Litoral Norte;23660,0;JOÃO CÂMARA;21255,6;246;39,0;2025-09-06;;
Litoral Norte;23660,0;JOÃO CÂMARA;12912,23;184;23,0;2025-09-08;;
Litoral Norte;23660,0;JOÃO CÂMARA;8618,13;93;17,0;2025-09-09;;
Litoral Norte;23660,0;JOÃO CÂMARA;8023,37;109;14,0;2025-09-10;;
Litoral Norte;23660,0;JOÃO CÂMARA;10902,31;139;24,0;2025-09-11;;
Litoral Norte;23660,0;JOÃO CÂMARA;15974,81;229;24,0;2025-09-12;;
Litoral Norte;23660,0;JOÃO CÂMARA;14175,04;193;32,0;2025-09-13;;
Litoral Norte;23660,0;JOÃO CÂMARA;2139,59;38;2,0;2025-09-14;;
Litoral Norte;23660,0;JOÃO CÂMARA;5109,56;77;10,0;2025-09-15;;
Litoral Norte;23660,0;JOÃO CÂMARA;10634,61;171;24,0;2025-09-16;;
Litoral Norte;23660,0;JOÃO CÂMARA;19285,78;477;48,0;2025-09-17;;
Litoral Norte;23660,0;JOÃO CÂMARA;10334,47;193;20,0;2025-09-18;;
Litoral Norte;23660,0;JOÃO CÂMARA;15729,54;253;30,0;2025-09-19;;
Litoral Norte;23660,0;JOÃO CÂMARA;11768,51;207;26,0;2025-09-20;;
Litoral Norte;23660,0;JOÃO CÂMARA;32709,01;455;18,0;2025-09-22;;
Litoral Norte;23660,0;JOÃO CÂMARA;13712,8;294;22,0;2025-09-23;;
Litoral Norte;23660,0;JOÃO CÂMARA;19246,08;633;31,0;2025-09-24;;
Litoral Norte;23660,0;JOÃO CÂMARA;8152,2;257;13,0;2025-09-25;;
Litoral Norte;23660,0;JOÃO CÂMARA;13429,46;293;15,0;2025-09-26;;
Litoral Norte;23660,0;JOÃO CÂMARA;35624,42;611;20,0;2025-09-27;;
Litoral Norte;23660,0;JOÃO CÂMARA;10979,19;263;17,0;2025-09-29;;
Litoral Norte;23660,0;JOÃO CÂMARA;8780,66;160;16,0;2025-09-30;;
Litoral Norte;23660,0;JOÃO CÂMARA;15461,27;321;23,0;2025-10-01;;
Litoral Norte;23660,0;JOÃO CÂMARA;12505,52;208;18,0;2025-10-02;;
Litoral Norte;23660,0;JOÃO CÂMARA;46843,95;520;27,0;2025-10-03;;
Litoral Norte;23660,0;JOÃO CÂMARA;35064,4;491;49,0;2025-10-04;;
Litoral Norte;23660,0;JOÃO CÂMARA;21135,77;272;30,0;2025-10-06;;
Litoral Norte;23660,0;JOÃO CÂMARA;18658,49;271;32,0;2025-10-07;;
Litoral Norte;23660,0;JOÃO CÂMARA;14539,43;280;17,0;2025-10-08;;
Litoral Norte;23660,0;JOÃO CÂMARA;16089,08;244;30,0;2025-10-09;;
Litoral Norte;23660,0;JOÃO CÂMARA;20047,84;361;31,0;2025-10-10;;
Litoral Norte;23660,0;JOÃO CÂMARA;20109,65;304;35,0;2025-10-11;;
Litoral Norte;23660,0;JOÃO CÂMARA;15098,27;310;32,0;2025-10-13;;
Litoral Norte;23660,0;JOÃO CÂMARA;22007,98;397;37,0;2025-10-14;;
Litoral Norte;23660,0;JOÃO CÂMARA;9032,1;141;16,0;2025-10-15;;
Litoral Norte;23660,0;JOÃO CÂMARA;11025,26;236;22,0;2025-10-16;;
Litoral Norte;23660,0;JOÃO CÂMARA;10848,74;195;21,0;2025-10-17;;
Litoral Norte;23660,0;JOÃO CÂMARA;23025,5;338;31,0;2025-10-18;;
Litoral Norte;23660,0;JOÃO CÂMARA;4707,41;90;11,0;2025-10-20;;
Litoral Norte;23660,0;JOÃO CÂMARA;8392,9;229;24,0;2025-10-21;;
Litoral Norte;23660,0;JOÃO CÂMARA;10450,62;227;30,0;2025-10-22;;
Litoral Norte;23660,0;JOÃO CÂMARA;16782,94;289;29,0;2025-10-23;;
Litoral Norte;23660,0;JOÃO CÂMARA;9228,7;153;17,0;2025-10-24;;
Litoral Norte;23660,0;JOÃO CÂMARA;12021,87;189;30,0;2025-10-25;;
Litoral Norte;23660,0;JOÃO CÂMARA;6748,36;117;15,0;2025-10-27;;
Litoral Norte;23660,0;JOÃO CÂMARA;12422,29;202;22,0;2025-10-28;;
Litoral Norte;23660,0;JOÃO CÂMARA;21351,87;261;19,0;2025-10-29;;
Litoral Norte;23660,0;JOÃO CÂMARA;20869,67;326;42,0;2025-10-30;;
Litoral Norte;23660,0;JOÃO CÂMARA;21452,72;333;39,0;2025-10-31;;
Litoral Norte;23660,0;JOÃO CÂMARA;33141,63;604;55,0;2025-11-01;;
Litoral Norte;23660,0;JOÃO CÂMARA;35891,11;696;54,0;2025-11-03;;
Litoral Norte;23660,0;JOÃO CÂMARA;23315,07;427;46,0;2025-11-04;;
Litoral Norte;23660,0;JOÃO CÂMARA;27851,07;492;55,0;2025-11-05;;
Litoral Norte;23660,0;JOÃO CÂMARA;20740,55;280;25,0;2025-11-06;;
Litoral Norte;23660,0;JOÃO CÂMARA;32751,85;661;48,0;2025-11-07;;
Litoral Norte;23660,0;JOÃO CÂMARA;24399,13;395;43,0;2025-11-08;;
Litoral Norte;23660,0;JOÃO CÂMARA;13892,12;211;24,0;2025-11-10;;
Litoral Norte;23660,0;JOÃO CÂMARA;21790,58;405;26,0;2025-11-11;;
Litoral Norte;23660,0;JOÃO CÂMARA;20132,5;460;38,0;2025-11-12;;
Litoral Norte;23660,0;JOÃO CÂMARA;16420,12;260;30,0;2025-11-13;;
Litoral Norte;23660,0;JOÃO CÂMARA;32748,73;476;47,0;2025-11-14;;
Litoral Norte;23660,0;JOÃO CÂMARA;11214,78;173;25,0;2025-11-15;;
Litoral Norte;23660,0;JOÃO CÂMARA;18124,57;314;34,0;2025-11-17;;
Litoral Norte;23660,0;JOÃO CÂMARA;15498,73;262;31,0;2025-11-18;;
Litoral Norte;23660,0;JOÃO CÂMARA;21062,21;343;36,0;2025-11-19;;
Litoral Norte;23660,0;JOÃO CÂMARA;32521,01;527;42,0;2025-11-20;;
Litoral Norte;23660,0;JOÃO CÂMARA;20000,74;322;39,0;2025-11-21;;
Litoral Norte;23660,0;JOÃO CÂMARA;19547,52;325;40,0;2025-11-22;;
Litoral Norte;23660,0;JOÃO CÂMARA;8539,38;127;22,0;2025-11-24;;
Litoral Norte;23660,0;JOÃO CÂMARA;18879,32;247;29,0;2025-11-25;;
Litoral Norte;23660,0;JOÃO CÂMARA;19018,56;324;27,0;2025-11-26;;
Litoral Norte;23660,0;JOÃO CÂMARA;62819,6;1141;60,0;2025-11-27;;
Litoral Norte;23660,0;JOÃO CÂMARA;25503,04;439;47,0;2025-11-28;;
Litoral Norte;23660,0;JOÃO CÂMARA;34909,64;490;54,0;2025-11-29;;
Litoral Norte;23660,0;JOÃO CÂMARA;13012,13;190;19,0;2025-11-30;;
Litoral Norte;23660,0;JOÃO CÂMARA;15131,92;260;31,0;2025-12-01;;
Litoral Norte;23660,0;JOÃO CÂMARA;21279,09;406;35,0;2025-12-02;;
Litoral Norte;23660,0;JOÃO CÂMARA;24422,42;405;39,0;2025-12-03;;
Litoral Norte;23660,0;JOÃO CÂMARA;15859,13;310;31,0;2025-12-04;;
Litoral Norte;23660,0;JOÃO CÂMARA;7890,87;187;19,0;2025-12-05;;
Litoral Norte;23660,0;JOÃO CÂMARA;17991,93;282;37,0;2025-12-06;;
Litoral Norte;23660,0;JOÃO CÂMARA;6103,11;79;13,0;2025-12-08;;
Litoral Norte;23660,0;JOÃO CÂMARA;14433,45;257;33,0;2025-12-09;;
Litoral Norte;23660,0;JOÃO CÂMARA;28727,77;461;48,0;2025-12-10;;
Litoral Norte;23660,0;JOÃO CÂMARA;21036,21;355;36,0;2025-12-11;;
Litoral Norte;23660,0;JOÃO CÂMARA;21325,72;308;35,0;2025-12-12;;
Litoral Norte;23660,0;JOÃO CÂMARA;18829,84;318;41,0;2025-12-13;;
Litoral Norte;23660,0;JOÃO CÂMARA;10512,22;136;32,0;2025-12-15;;
Litoral Norte;23660,0;JOÃO CÂMARA;14049,05;219;32,0;2025-12-16;;
Litoral Norte;23660,0;JOÃO CÂMARA;17063,22;336;41,0;2025-12-17;;
Litoral Norte;23660,0;JOÃO CÂMARA;17143,06;296;30,0;2025-12-18;;
Litoral Norte;23660,0;JOÃO CÂMARA;16720,79;295;33,0;2025-12-19;;
Litoral Norte;23660,0;JOÃO CÂMARA;15566,26;327;41,0;2025-12-20;;
Litoral Norte;23660,0;JOÃO CÂMARA;5372,07;75;11,0;2025-12-21;;
Litoral Norte;23660,0;JOÃO CÂMARA;16942,28;254;28,0;2025-12-22;;
Litoral Norte;23660,0;JOÃO CÂMARA;23362,61;421;59,0;2025-12-23;;
Litoral Norte;23660,0;JOÃO CÂMARA;17766,31;276;36,0;2025-12-24;;
Litoral Norte;23660,0;JOÃO CÂMARA;30458,01;580;29,0;2025-12-26;;
Litoral Norte;23660,0;JOÃO CÂMARA;35464,34;785;46,0;2025-12-27;;
Litoral Norte;23660,0;JOÃO CÂMARA;18916,16;356;39,0;2025-12-29;;
Litoral Norte;23660,0;JOÃO CÂMARA;24588,59;341;28,0;2025-12-30;;
Litoral Norte;23660,0;JOÃO CÂMARA;9299,68;119;24,0;2025-12-31;;
Leste da Paraíba;21232,0;LAGOA SECA;3173,76;69;10,0;2025-01-02;;
Leste da Paraíba;21232,0;LAGOA SECA;6796,05;112;7,0;2025-01-03;;
Leste da Paraíba;21232,0;LAGOA SECA;3593,77;104;10,0;2025-01-04;;
Leste da Paraíba;21232,0;LAGOA SECA;4352,75;99;12,0;2025-01-06;;
Leste da Paraíba;21232,0;LAGOA SECA;10540,73;244;7,0;2025-01-07;;
Leste da Paraíba;21232,0;LAGOA SECA;3842,6;58;5,0;2025-01-08;;
Leste da Paraíba;21232,0;LAGOA SECA;4471,59;62;10,0;2025-01-09;;
Leste da Paraíba;21232,0;LAGOA SECA;4067,21;78;7,0;2025-01-10;;
Leste da Paraíba;21232,0;LAGOA SECA;5250,14;74;11,0;2025-01-13;;
Leste da Paraíba;21232,0;LAGOA SECA;6667,49;120;8,0;2025-01-14;;
Leste da Paraíba;21232,0;LAGOA SECA;2100,57;35;9,0;2025-01-15;;
Leste da Paraíba;21232,0;LAGOA SECA;6648,83;101;12,0;2025-01-16;;
Leste da Paraíba;21232,0;LAGOA SECA;14786,02;193;18,0;2025-01-17;;
Leste da Paraíba;21232,0;LAGOA SECA;19626,73;265;10,0;2025-01-18;;
Leste da Paraíba;21232,0;LAGOA SECA;5182,32;105;11,0;2025-01-20;;
Leste da Paraíba;21232,0;LAGOA SECA;8297,2;226;19,0;2025-01-21;;
Leste da Paraíba;21232,0;LAGOA SECA;1711,2;33;5,0;2025-01-22;;
Leste da Paraíba;21232,0;LAGOA SECA;7013,42;158;14,0;2025-01-23;;
Leste da Paraíba;21232,0;LAGOA SECA;12895,81;265;15,0;2025-01-24;;
Leste da Paraíba;21232,0;LAGOA SECA;2308,62;46;5,0;2025-01-25;;
Leste da Paraíba;21232,0;LAGOA SECA;3736,49;56;10,0;2025-01-27;;
Leste da Paraíba;21232,0;LAGOA SECA;10779,96;179;16,0;2025-01-28;;
Leste da Paraíba;21232,0;LAGOA SECA;4644,39;83;7,0;2025-01-29;;
Leste da Paraíba;21232,0;LAGOA SECA;3418,56;71;7,0;2025-01-30;;
Leste da Paraíba;21232,0;LAGOA SECA;11815,21;194;7,0;2025-01-31;;
Leste da Paraíba;21232,0;LAGOA SECA;2541,14;37;2,0;2025-02-01;;
Leste da Paraíba;21232,0;LAGOA SECA;4909,42;71;9,0;2025-02-03;;
Leste da Paraíba;21232,0;LAGOA SECA;5780,39;95;14,0;2025-02-04;;
Leste da Paraíba;21232,0;LAGOA SECA;2482,68;39;7,0;2025-02-05;;
Leste da Paraíba;21232,0;LAGOA SECA;6153,34;105;11,0;2025-02-06;;
Leste da Paraíba;21232,0;LAGOA SECA;6669,28;120;12,0;2025-02-07;;
Leste da Paraíba;21232,0;LAGOA SECA;3145,62;56;10,0;2025-02-08;;
Leste da Paraíba;21232,0;LAGOA SECA;3684,25;62;10,0;2025-02-10;;
Leste da Paraíba;21232,0;LAGOA SECA;8936,81;134;14,0;2025-02-11;;
Leste da Paraíba;21232,0;LAGOA SECA;9660,84;143;13,0;2025-02-12;;
Leste da Paraíba;21232,0;LAGOA SECA;10202,26;157;14,0;2025-02-13;;
Leste da Paraíba;21232,0;LAGOA SECA;9160,9;165;14,0;2025-02-14;;
Leste da Paraíba;21232,0;LAGOA SECA;2046,39;27;3,0;2025-02-15;;
Leste da Paraíba;21232,0;LAGOA SECA;597,79;10;2,0;2025-02-17;;
Leste da Paraíba;21232,0;LAGOA SECA;2858,52;45;8,0;2025-02-18;;
Leste da Paraíba;21232,0;LAGOA SECA;3255,92;40;4,0;2025-02-19;;
Leste da Paraíba;21232,0;LAGOA SECA;3436,6;48;6,0;2025-02-20;;
Leste da Paraíba;21232,0;LAGOA SECA;12509,34;355;17,0;2025-02-21;;
Leste da Paraíba;21232,0;LAGOA SECA;5152,55;73;10,0;2025-02-22;;
Leste da Paraíba;21232,0;LAGOA SECA;2347,3;56;5,0;2025-02-24;;
Leste da Paraíba;21232,0;LAGOA SECA;4197,58;67;10,0;2025-02-25;;
Leste da Paraíba;21232,0;LAGOA SECA;2752,67;47;11,0;2025-02-26;;
Leste da Paraíba;21232,0;LAGOA SECA;5623,8;101;13,0;2025-02-27;;
Leste da Paraíba;21232,0;LAGOA SECA;9302,21;167;15,0;2025-04-04;;
Leste da Paraíba;21232,0;LAGOA SECA;6391,07;116;12,0;2025-04-05;;
Leste da Paraíba;21232,0;LAGOA SECA;8940,71;129;12,0;2025-04-07;;
Leste da Paraíba;21232,0;LAGOA SECA;6156,57;151;12,0;2025-04-08;;
Leste da Paraíba;21232,0;LAGOA SECA;7495,16;123;11,0;2025-04-09;;
Leste da Paraíba;21232,0;LAGOA SECA;3814,83;58;9,0;2025-04-10;;
Leste da Paraíba;21232,0;LAGOA SECA;5033,41;82;8,0;2025-04-11;;
Leste da Paraíba;21232,0;LAGOA SECA;3998,8;61;5,0;2025-04-12;;
Leste da Paraíba;21232,0;LAGOA SECA;2495,77;56;7,0;2025-04-14;;
Leste da Paraíba;21232,0;LAGOA SECA;6716,24;150;9,0;2025-04-16;;
Leste da Paraíba;21232,0;LAGOA SECA;5480,8;98;10,0;2025-04-17;;
Leste da Paraíba;21232,0;LAGOA SECA;3063,89;67;3,0;2025-04-19;;
Leste da Paraíba;21232,0;LAGOA SECA;2405,52;68;7,0;2025-04-21;;
Leste da Paraíba;21232,0;LAGOA SECA;6125,69;142;12,0;2025-04-22;;
Leste da Paraíba;21232,0;LAGOA SECA;2113,17;24;3,0;2025-04-23;;
Leste da Paraíba;21232,0;LAGOA SECA;8991,64;117;12,0;2025-04-24;;
Leste da Paraíba;21232,0;LAGOA SECA;3588,79;67;6,0;2025-04-25;;
Leste da Paraíba;21232,0;LAGOA SECA;3253,08;49;9,0;2025-04-26;;
Leste da Paraíba;21232,0;LAGOA SECA;1661,67;33;5,0;2025-04-28;;
Leste da Paraíba;21232,0;LAGOA SECA;7852,66;99;15,0;2025-04-29;;
Leste da Paraíba;21232,0;LAGOA SECA;2494,56;62;6,0;2025-04-30;;
Leste da Paraíba;21232,0;LAGOA SECA;10976,07;168;14,0;2025-05-02;;
Leste da Paraíba;21232,0;LAGOA SECA;4979,49;63;5,0;2025-05-03;;
Leste da Paraíba;21232,0;LAGOA SECA;5567,43;81;9,0;2025-05-05;;
Leste da Paraíba;21232,0;LAGOA SECA;3573,12;66;8,0;2025-05-06;;
Leste da Paraíba;21232,0;LAGOA SECA;6097,69;60;8,0;2025-05-07;;
Leste da Paraíba;21232,0;LAGOA SECA;8465,14;106;13,0;2025-05-08;;
Leste da Paraíba;21232,0;LAGOA SECA;8564,24;108;15,0;2025-05-09;;
Leste da Paraíba;21232,0;LAGOA SECA;10794,94;146;23,0;2025-05-10;;
Leste da Paraíba;21232,0;LAGOA SECA;959,59;20;3,0;2025-05-11;;
Leste da Paraíba;21232,0;LAGOA SECA;7795,47;137;9,0;2025-05-12;;
Leste da Paraíba;21232,0;LAGOA SECA;2482,17;54;4,0;2025-05-13;;
Leste da Paraíba;21232,0;LAGOA SECA;3808,94;73;6,0;2025-05-14;;
Leste da Paraíba;21232,0;LAGOA SECA;2090,49;50;4,0;2025-05-15;;
Leste da Paraíba;21232,0;LAGOA SECA;14264,96;320;8,0;2025-05-16;;
Leste da Paraíba;21232,0;LAGOA SECA;3447,26;46;6,0;2025-05-17;;
Leste da Paraíba;21232,0;LAGOA SECA;21496,51;389;18,0;2025-05-19;;
Leste da Paraíba;21232,0;LAGOA SECA;14623,92;304;15,0;2025-05-20;;
Leste da Paraíba;21232,0;LAGOA SECA;8182,63;140;7,0;2025-05-21;;
Leste da Paraíba;21232,0;LAGOA SECA;9398,03;148;13,0;2025-05-22;;
Leste da Paraíba;21232,0;LAGOA SECA;8082,89;144;14,0;2025-05-23;;
Leste da Paraíba;21232,0;LAGOA SECA;17862,42;269;19,0;2025-05-24;;
Leste da Paraíba;21232,0;LAGOA SECA;3501,97;51;8,0;2025-05-26;;
Leste da Paraíba;21232,0;LAGOA SECA;11395,36;188;14,0;2025-05-27;;
Leste da Paraíba;21232,0;LAGOA SECA;11977,16;285;15,0;2025-05-28;;
Leste da Paraíba;21232,0;LAGOA SECA;528,8;18;1,0;2025-05-29;;
Leste da Paraíba;21232,0;LAGOA SECA;5192,52;105;7,0;2025-05-30;;
Leste da Paraíba;21232,0;LAGOA SECA;2253,0;67;9,0;2025-05-31;;
Leste da Paraíba;21232,0;LAGOA SECA;3695,5;62;8,0;2025-06-02;;
Leste da Paraíba;21232,0;LAGOA SECA;5043,83;111;8,0;2025-06-03;;
Leste da Paraíba;21232,0;LAGOA SECA;3946,47;85;7,0;2025-06-04;;
Leste da Paraíba;21232,0;LAGOA SECA;6591,76;107;10,0;2025-06-05;;
Leste da Paraíba;21232,0;LAGOA SECA;7790,02;142;11,0;2025-06-06;;
Leste da Paraíba;21232,0;LAGOA SECA;685,67;24;3,0;2025-06-07;;
Leste da Paraíba;21232,0;LAGOA SECA;1109,71;15;4,0;2025-06-09;;
Leste da Paraíba;21232,0;LAGOA SECA;4796,23;120;12,0;2025-06-10;;
Leste da Paraíba;21232,0;LAGOA SECA;8948,96;142;16,0;2025-06-11;;
Leste da Paraíba;21232,0;LAGOA SECA;6518,35;111;17,0;2025-06-12;;
Leste da Paraíba;21232,0;LAGOA SECA;34530,48;611;20,0;2025-06-13;;
Leste da Paraíba;21232,0;LAGOA SECA;3508,15;71;6,0;2025-06-14;;
Leste da Paraíba;21232,0;LAGOA SECA;7620,8;116;11,0;2025-06-16;;
Leste da Paraíba;21232,0;LAGOA SECA;5785,73;114;7,0;2025-06-17;;
Leste da Paraíba;21232,0;LAGOA SECA;7642,49;165;12,0;2025-06-18;;
Leste da Paraíba;21232,0;LAGOA SECA;263,34;3;1,0;2025-06-19;;
Leste da Paraíba;21232,0;LAGOA SECA;2501,96;54;5,0;2025-06-20;;
Leste da Paraíba;21232,0;LAGOA SECA;554,06;6;1,0;2025-06-21;;
Leste da Paraíba;21232,0;LAGOA SECA;16525,22;193;11,0;2025-06-23;;
Leste da Paraíba;21232,0;LAGOA SECA;9211,24;95;2,0;2025-06-24;;
Leste da Paraíba;21232,0;LAGOA SECA;7584,12;128;8,0;2025-06-25;;
Leste da Paraíba;21232,0;LAGOA SECA;325,49;4;2,0;2025-06-26;;
Leste da Paraíba;21232,0;LAGOA SECA;6521,64;93;11,0;2025-06-27;;
Leste da Paraíba;21232,0;LAGOA SECA;12228,4;147;3,0;2025-06-28;;
Leste da Paraíba;21232,0;LAGOA SECA;12463,56;206;18,0;2025-06-30;;
Leste da Paraíba;21232,0;LAGOA SECA;12993,21;229;11,0;2025-07-01;;
Leste da Paraíba;21232,0;LAGOA SECA;3766,42;49;7,0;2025-07-02;;
Leste da Paraíba;21232,0;LAGOA SECA;1269,76;22;2,0;2025-07-03;;
Leste da Paraíba;21232,0;LAGOA SECA;10424,92;156;12,0;2025-07-04;;
Leste da Paraíba;21232,0;LAGOA SECA;3127,42;48;4,0;2025-07-05;;
Leste da Paraíba;21232,0;LAGOA SECA;9230,19;159;12,0;2025-07-07;;
Leste da Paraíba;21232,0;LAGOA SECA;1264,29;18;2,0;2025-07-08;;
Leste da Paraíba;21232,0;LAGOA SECA;757,93;12;1,0;2025-07-09;;
Leste da Paraíba;21232,0;LAGOA SECA;9814,13;137;9,0;2025-07-10;;
Leste da Paraíba;21232,0;LAGOA SECA;9949,24;176;11,0;2025-07-11;;
Leste da Paraíba;21232,0;LAGOA SECA;2925,53;44;6,0;2025-07-12;;
Leste da Paraíba;21232,0;LAGOA SECA;2749,37;34;4,0;2025-07-14;;
Leste da Paraíba;21232,0;LAGOA SECA;1365,77;16;1,0;2025-07-15;;
Leste da Paraíba;21232,0;LAGOA SECA;20303,05;614;24,0;2025-07-16;;
Leste da Paraíba;21232,0;LAGOA SECA;9447,89;238;7,0;2025-07-17;;
Leste da Paraíba;21232,0;LAGOA SECA;13112,89;257;17,0;2025-07-18;;
Leste da Paraíba;21232,0;LAGOA SECA;4291,46;100;5,0;2025-07-19;;
Leste da Paraíba;21232,0;LAGOA SECA;7652,36;150;14,0;2025-07-21;;
Leste da Paraíba;21232,0;LAGOA SECA;7374,95;175;12,0;2025-07-22;;
Leste da Paraíba;21232,0;LAGOA SECA;14342,35;304;17,0;2025-07-23;;
Leste da Paraíba;21232,0;LAGOA SECA;5897,0;152;13,0;2025-07-24;;
Leste da Paraíba;21232,0;LAGOA SECA;8422,74;186;13,0;2025-07-25;;
Leste da Paraíba;21232,0;LAGOA SECA;548,79;15;2,0;2025-07-26;;
Leste da Paraíba;21232,0;LAGOA SECA;3172,38;62;5,0;2025-07-28;;
Leste da Paraíba;21232,0;LAGOA SECA;2830,57;71;5,0;2025-07-29;;
Leste da Paraíba;21232,0;LAGOA SECA;9294,56;213;12,0;2025-07-30;;
Leste da Paraíba;21232,0;LAGOA SECA;8942,48;203;8,0;2025-07-31;;
Leste da Paraíba;21232,0;LAGOA SECA;9856,06;190;13,0;2025-08-01;;
Leste da Paraíba;21232,0;LAGOA SECA;4186,33;102;8,0;2025-08-02;;
Leste da Paraíba;21232,0;LAGOA SECA;9214,2;164;16,0;2025-08-04;;
Leste da Paraíba;21232,0;LAGOA SECA;11207,78;233;13,0;2025-08-06;;
Leste da Paraíba;21232,0;LAGOA SECA;8972,71;179;23,0;2025-08-07;;
Leste da Paraíba;21232,0;LAGOA SECA;13230,95;247;17,0;2025-08-08;;
Leste da Paraíba;21232,0;LAGOA SECA;7545,9;120;8,0;2025-08-09;;
Leste da Paraíba;21232,0;LAGOA SECA;24767,98;721;11,0;2025-08-11;;
Leste da Paraíba;21232,0;LAGOA SECA;6918,95;175;13,0;2025-08-12;;
Leste da Paraíba;21232,0;LAGOA SECA;8123,78;214;8,0;2025-08-13;;
Leste da Paraíba;21232,0;LAGOA SECA;3969,91;105;8,0;2025-08-14;;
Leste da Paraíba;21232,0;LAGOA SECA;3836,52;293;9,0;2025-08-15;;
Leste da Paraíba;21232,0;LAGOA SECA;4528,22;103;7,0;2025-08-16;;
Leste da Paraíba;21232,0;LAGOA SECA;5183,19;146;8,0;2025-08-18;;
Leste da Paraíba;21232,0;LAGOA SECA;3736,06;109;10,0;2025-08-19;;
Leste da Paraíba;21232,0;LAGOA SECA;8373,41;223;9,0;2025-08-20;;
Leste da Paraíba;21232,0;LAGOA SECA;6324,92;153;10,0;2025-08-21;;
Leste da Paraíba;21232,0;LAGOA SECA;8374,91;198;16,0;2025-08-22;;
Leste da Paraíba;21232,0;LAGOA SECA;4300,94;139;7,0;2025-08-23;;
Leste da Paraíba;21232,0;LAGOA SECA;5613,49;106;12,0;2025-08-25;;
Leste da Paraíba;21232,0;LAGOA SECA;4174,34;97;10,0;2025-08-26;;
Leste da Paraíba;21232,0;LAGOA SECA;20423,48;443;23,0;2025-08-27;;
Leste da Paraíba;21232,0;LAGOA SECA;3864,56;75;10,0;2025-08-28;;
Leste da Paraíba;21232,0;LAGOA SECA;11330,26;286;20,0;2025-08-29;;
Leste da Paraíba;21232,0;LAGOA SECA;2222,2;43;5,0;2025-08-30;;
Leste da Paraíba;21232,0;LAGOA SECA;8733,64;309;15,0;2025-09-01;;
Leste da Paraíba;21232,0;LAGOA SECA;6057,66;155;13,0;2025-09-02;;
Leste da Paraíba;21232,0;LAGOA SECA;3475,53;79;9,0;2025-09-03;;
Leste da Paraíba;21232,0;LAGOA SECA;2611,29;71;7,0;2025-09-04;;
Leste da Paraíba;21232,0;LAGOA SECA;23523,7;380;19,0;2025-09-05;;
Leste da Paraíba;21232,0;LAGOA SECA;12593,57;228;11,0;2025-09-06;;
Leste da Paraíba;21232,0;LAGOA SECA;10717,57;213;11,0;2025-09-08;;
Leste da Paraíba;21232,0;LAGOA SECA;4952,38;109;7,0;2025-09-09;;
Leste da Paraíba;21232,0;LAGOA SECA;5049,77;104;6,0;2025-09-10;;
Leste da Paraíba;21232,0;LAGOA SECA;4968,37;100;12,0;2025-09-11;;
Leste da Paraíba;21232,0;LAGOA SECA;10047,74;150;13,0;2025-09-12;;
Leste da Paraíba;21232,0;LAGOA SECA;6223,76;116;11,0;2025-09-13;;
Leste da Paraíba;21232,0;LAGOA SECA;3980,21;66;10,0;2025-09-16;;
Leste da Paraíba;21232,0;LAGOA SECA;12302,23;244;18,0;2025-09-17;;
Leste da Paraíba;21232,0;LAGOA SECA;8968,76;252;16,0;2025-09-18;;
Leste da Paraíba;21232,0;LAGOA SECA;11666,92;300;19,0;2025-09-19;;
Leste da Paraíba;21232,0;LAGOA SECA;692,96;7;2,0;2025-09-20;;
Leste da Paraíba;21232,0;LAGOA SECA;19067,51;341;17,0;2025-09-22;;
Leste da Paraíba;21232,0;LAGOA SECA;24099,24;512;16,0;2025-09-23;;
Leste da Paraíba;21232,0;LAGOA SECA;11438,23;241;15,0;2025-09-24;;
Leste da Paraíba;21232,0;LAGOA SECA;5146,46;171;16,0;2025-09-25;;
Leste da Paraíba;21232,0;LAGOA SECA;15342,3;349;16,0;2025-09-26;;
Leste da Paraíba;21232,0;LAGOA SECA;2456,58;62;3,0;2025-09-27;;
Leste da Paraíba;21232,0;LAGOA SECA;5863,09;151;10,0;2025-09-29;;
Leste da Paraíba;21232,0;LAGOA SECA;5987,63;108;9,0;2025-09-30;;
Leste da Paraíba;21232,0;LAGOA SECA;4477,63;97;9,0;2025-10-01;;
Leste da Paraíba;21232,0;LAGOA SECA;3491,78;73;10,0;2025-10-02;;
Leste da Paraíba;21232,0;LAGOA SECA;7415,34;136;9,0;2025-10-03;;
Leste da Paraíba;21232,0;LAGOA SECA;3803,24;57;6,0;2025-10-04;;
Leste da Paraíba;21232,0;LAGOA SECA;5913,94;81;10,0;2025-10-06;;
Leste da Paraíba;21232,0;LAGOA SECA;5493,14;118;9,0;2025-10-07;;
Leste da Paraíba;21232,0;LAGOA SECA;20221,83;510;21,0;2025-10-08;;
Leste da Paraíba;21232,0;LAGOA SECA;4161,96;105;9,0;2025-10-09;;
Leste da Paraíba;21232,0;LAGOA SECA;7816,92;127;11,0;2025-10-10;;
Leste da Paraíba;21232,0;LAGOA SECA;3661,5;98;9,0;2025-10-11;;
Leste da Paraíba;21232,0;LAGOA SECA;19906,55;265;9,0;2025-10-13;;
Leste da Paraíba;21232,0;LAGOA SECA;4412,56;116;9,0;2025-10-14;;
Leste da Paraíba;21232,0;LAGOA SECA;3801,85;134;6,0;2025-10-15;;
Leste da Paraíba;21232,0;LAGOA SECA;8582,63;164;5,0;2025-10-16;;
Leste da Paraíba;21232,0;LAGOA SECA;16590,41;459;14,0;2025-10-17;;
Leste da Paraíba;21232,0;LAGOA SECA;3359,69;55;5,0;2025-10-18;;
Leste da Paraíba;21232,0;LAGOA SECA;4679,16;117;7,0;2025-10-20;;
Leste da Paraíba;21232,0;LAGOA SECA;3334,66;87;9,0;2025-10-21;;
Leste da Paraíba;21232,0;LAGOA SECA;1839,34;57;7,0;2025-10-22;;
Leste da Paraíba;21232,0;LAGOA SECA;3494,98;71;8,0;2025-10-23;;
Leste da Paraíba;21232,0;LAGOA SECA;7132,08;167;17,0;2025-10-24;;
Leste da Paraíba;21232,0;LAGOA SECA;584,63;11;4,0;2025-10-25;;
Leste da Paraíba;21232,0;LAGOA SECA;9758,99;238;13,0;2025-10-27;;
Leste da Paraíba;21232,0;LAGOA SECA;5414,61;83;9,0;2025-10-28;;
Leste da Paraíba;21232,0;LAGOA SECA;2587,35;51;3,0;2025-10-29;;
Leste da Paraíba;21232,0;LAGOA SECA;11827,65;228;25,0;2025-10-30;;
Leste da Paraíba;21232,0;LAGOA SECA;19267,55;605;10,0;2025-10-31;;
Leste da Paraíba;21232,0;LAGOA SECA;4090,88;76;9,0;2025-11-01;;
Leste da Paraíba;21232,0;LAGOA SECA;9673,22;210;11,0;2025-11-03;;
Leste da Paraíba;21232,0;LAGOA SECA;4181,9;105;13,0;2025-11-04;;
Leste da Paraíba;21232,0;LAGOA SECA;10179,75;314;11,0;2025-11-05;;
Leste da Paraíba;21232,0;LAGOA SECA;6103,89;161;13,0;2025-11-06;;
Leste da Paraíba;21232,0;LAGOA SECA;13405,74;320;17,0;2025-11-07;;
Leste da Paraíba;21232,0;LAGOA SECA;5812,17;154;9,0;2025-11-08;;
Leste da Paraíba;21232,0;LAGOA SECA;5481,2;211;13,0;2025-11-10;;
Leste da Paraíba;21232,0;LAGOA SECA;6177,01;154;15,0;2025-11-11;;
Leste da Paraíba;21232,0;LAGOA SECA;8978,25;216;16,0;2025-11-12;;
Leste da Paraíba;21232,0;LAGOA SECA;4788,48;110;15,0;2025-11-13;;
Leste da Paraíba;21232,0;LAGOA SECA;7437,0;138;10,0;2025-11-14;;
Leste da Paraíba;21232,0;LAGOA SECA;1217,5;34;3,0;2025-11-15;;
Leste da Paraíba;21232,0;LAGOA SECA;7224,96;154;8,0;2025-11-17;;
Leste da Paraíba;21232,0;LAGOA SECA;3935,27;68;8,0;2025-11-18;;
Leste da Paraíba;21232,0;LAGOA SECA;3143,12;53;5,0;2025-11-19;;
Leste da Paraíba;21232,0;LAGOA SECA;1653,09;41;3,0;2025-11-20;;
Leste da Paraíba;21232,0;LAGOA SECA;17122,77;318;12,0;2025-11-21;;
Leste da Paraíba;21232,0;LAGOA SECA;2086,79;28;3,0;2025-11-22;;
Leste da Paraíba;21232,0;LAGOA SECA;7243,02;153;11,0;2025-11-24;;
Leste da Paraíba;21232,0;LAGOA SECA;6179,58;182;10,0;2025-11-25;;
Leste da Paraíba;21232,0;LAGOA SECA;13470,5;326;20,0;2025-11-26;;
Leste da Paraíba;21232,0;LAGOA SECA;36289,0;721;21,0;2025-11-27;;
Leste da Paraíba;21232,0;LAGOA SECA;27089,53;528;27,0;2025-11-28;;
Leste da Paraíba;21232,0;LAGOA SECA;13045,89;391;20,0;2025-11-29;;
Leste da Paraíba;21232,0;LAGOA SECA;4184,66;102;10,0;2025-11-30;;
Leste da Paraíba;21232,0;LAGOA SECA;8032,98;170;11,0;2025-12-01;;
Leste da Paraíba;21232,0;LAGOA SECA;13399,23;277;24,0;2025-12-02;;
Leste da Paraíba;21232,0;LAGOA SECA;8154,83;190;13,0;2025-12-03;;
Leste da Paraíba;21232,0;LAGOA SECA;3448,65;113;11,0;2025-12-04;;
Leste da Paraíba;21232,0;LAGOA SECA;4249,33;231;9,0;2025-12-05;;
Leste da Paraíba;21232,0;LAGOA SECA;7246,5;283;7,0;2025-12-06;;
Leste da Paraíba;21232,0;LAGOA SECA;7201,83;214;5,0;2025-12-08;;
Leste da Paraíba;21232,0;LAGOA SECA;5598,84;134;8,0;2025-12-09;;
Leste da Paraíba;21232,0;LAGOA SECA;6928,51;181;13,0;2025-12-10;;
Leste da Paraíba;21232,0;LAGOA SECA;4613,92;133;9,0;2025-12-11;;
Leste da Paraíba;21232,0;LAGOA SECA;9473,47;222;15,0;2025-12-12;;
Leste da Paraíba;21232,0;LAGOA SECA;2477,35;75;5,0;2025-12-13;;
Leste da Paraíba;21232,0;LAGOA SECA;4945,73;155;11,0;2025-12-15;;
Leste da Paraíba;21232,0;LAGOA SECA;6708,85;217;14,0;2025-12-16;;
Leste da Paraíba;21232,0;LAGOA SECA;9710,86;331;20,0;2025-12-17;;
Leste da Paraíba;21232,0;LAGOA SECA;5440,95;167;14,0;2025-12-18;;
Leste da Paraíba;21232,0;LAGOA SECA;8022,05;236;18,0;2025-12-19;;
Leste da Paraíba;21232,0;LAGOA SECA;9283,79;249;16,0;2025-12-20;;
Leste da Paraíba;21232,0;LAGOA SECA;258,03;10;1,0;2025-12-21;;
Leste da Paraíba;21232,0;LAGOA SECA;8673,52;284;17,0;2025-12-22;;
Leste da Paraíba;21232,0;LAGOA SECA;6817,84;146;14,0;2025-12-23;;
Leste da Paraíba;21232,0;LAGOA SECA;7479,46;195;16,0;2025-12-24;;
Leste da Paraíba;21232,0;LAGOA SECA;8498,24;230;11,0;2025-12-26;;
Leste da Paraíba;21232,0;LAGOA SECA;2944,36;100;10,0;2025-12-27;;
Leste da Paraíba;21232,0;LAGOA SECA;14282,47;330;16,0;2025-12-29;;
Leste da Paraíba;21232,0;LAGOA SECA;19862,38;380;16,0;2025-12-30;;
Leste da Paraíba;21232,0;LAGOA SECA;4807,04;118;8,0;2025-12-31;;
Litoral Norte;21316,0;MACAU;5101,33;81;9,0;2025-01-02;;
Litoral Norte;21316,0;MACAU;6671,37;112;10,0;2025-01-03;;
Litoral Norte;21316,0;MACAU;6576,68;116;11,0;2025-01-04;;
Litoral Norte;21316,0;MACAU;3423,86;66;7,0;2025-01-06;;
Litoral Norte;21316,0;MACAU;5103,12;102;11,0;2025-01-07;;
Litoral Norte;21316,0;MACAU;8607,94;139;12,0;2025-01-08;;
Litoral Norte;21316,0;MACAU;7897,48;122;10,0;2025-01-09;;
Litoral Norte;21316,0;MACAU;10885,74;169;10,0;2025-01-10;;
Litoral Norte;21316,0;MACAU;5005,25;77;12,0;2025-01-11;;
Litoral Norte;21316,0;MACAU;3372,55;62;8,0;2025-01-13;;
Litoral Norte;21316,0;MACAU;5244,02;192;11,0;2025-01-14;;
Litoral Norte;21316,0;MACAU;4889,74;82;8,0;2025-01-15;;
Litoral Norte;21316,0;MACAU;29689,91;362;27,0;2025-01-16;;
Litoral Norte;21316,0;MACAU;18583,75;238;22,0;2025-01-17;;
Litoral Norte;21316,0;MACAU;7881,85;119;14,0;2025-01-18;;
Litoral Norte;21316,0;MACAU;5376,4;82;10,0;2025-01-20;;
Litoral Norte;21316,0;MACAU;22648,18;376;22,0;2025-01-21;;
Litoral Norte;21316,0;MACAU;6458,98;127;8,0;2025-01-22;;
Litoral Norte;21316,0;MACAU;12545,43;214;17,0;2025-01-23;;
Litoral Norte;21316,0;MACAU;9073,76;158;14,0;2025-01-24;;
Litoral Norte;21316,0;MACAU;9990,37;175;17,0;2025-01-25;;
Litoral Norte;21316,0;MACAU;3647,65;69;7,0;2025-01-27;;
Litoral Norte;21316,0;MACAU;6045,7;112;12,0;2025-01-28;;
Litoral Norte;21316,0;MACAU;5590,2;88;11,0;2025-01-29;;
Litoral Norte;21316,0;MACAU;9599,55;144;13,0;2025-01-30;;
Litoral Norte;21316,0;MACAU;9795,78;157;15,0;2025-01-31;;
Litoral Norte;21316,0;MACAU;4160,93;64;7,0;2025-02-01;;
Litoral Norte;21316,0;MACAU;10266,43;129;19,0;2025-02-03;;
Litoral Norte;21316,0;MACAU;9192,12;130;19,0;2025-02-04;;
Litoral Norte;21316,0;MACAU;6639,04;94;14,0;2025-02-05;;
Litoral Norte;21316,0;MACAU;8419,84;132;10,0;2025-02-06;;
Litoral Norte;21316,0;MACAU;20485,18;323;21,0;2025-02-07;;
Litoral Norte;21316,0;MACAU;6722,54;134;16,0;2025-02-08;;
Litoral Norte;21316,0;MACAU;13338,64;233;20,0;2025-02-10;;
Litoral Norte;21316,0;MACAU;13853,09;225;19,0;2025-02-11;;
Litoral Norte;21316,0;MACAU;19116,94;287;23,0;2025-02-12;;
Litoral Norte;21316,0;MACAU;4601,23;84;11,0;2025-02-13;;
Litoral Norte;21316,0;MACAU;9784,7;170;19,0;2025-02-14;;
Litoral Norte;21316,0;MACAU;6643,27;118;15,0;2025-02-15;;
Litoral Norte;21316,0;MACAU;10269,23;154;16,0;2025-02-17;;
Litoral Norte;21316,0;MACAU;1451,24;30;5,0;2025-02-18;;
Litoral Norte;21316,0;MACAU;4313,86;65;11,0;2025-02-19;;
Litoral Norte;21316,0;MACAU;2186,97;43;4,0;2025-02-20;;
Litoral Norte;21316,0;MACAU;10541,34;168;19,0;2025-02-21;;
Litoral Norte;21316,0;MACAU;8527,03;162;18,0;2025-02-22;;
Litoral Norte;21316,0;MACAU;2494,61;47;9,0;2025-02-24;;
Litoral Norte;21316,0;MACAU;2980,73;47;7,0;2025-02-25;;
Litoral Norte;21316,0;MACAU;7896,28;143;13,0;2025-02-26;;
Litoral Norte;21316,0;MACAU;16481,99;266;30,0;2025-02-27;;
Litoral Norte;21316,0;MACAU;19038,62;272;32,0;2025-02-28;;
Litoral Norte;21316,0;MACAU;5612,44;78;10,0;2025-03-01;;
Litoral Norte;21316,0;MACAU;5377,39;119;12,0;2025-03-06;;
Litoral Norte;21316,0;MACAU;12533,49;244;16,0;2025-03-07;;
Litoral Norte;21316,0;MACAU;13644,95;272;27,0;2025-03-08;;
Litoral Norte;21316,0;MACAU;30144,78;506;26,0;2025-03-10;;
Litoral Norte;21316,0;MACAU;11660,59;217;22,0;2025-03-11;;
Litoral Norte;21316,0;MACAU;21295,21;267;21,0;2025-03-12;;
Litoral Norte;21316,0;MACAU;12282,74;197;23,0;2025-03-13;;
Litoral Norte;21316,0;MACAU;56348,61;623;35,0;2025-03-14;;
Litoral Norte;21316,0;MACAU;15893,96;186;23,0;2025-03-15;;
Litoral Norte;21316,0;MACAU;11452,92;135;15,0;2025-03-17;;
Litoral Norte;21316,0;MACAU;10118,62;157;13,0;2025-03-18;;
Litoral Norte;21316,0;MACAU;17118,21;241;27,0;2025-03-19;;
Litoral Norte;21316,0;MACAU;6452,68;86;12,0;2025-03-20;;
Litoral Norte;21316,0;MACAU;10054,79;137;19,0;2025-03-21;;
Litoral Norte;21316,0;MACAU;10922,94;160;23,0;2025-03-22;;
Litoral Norte;21316,0;MACAU;11363,36;166;16,0;2025-03-24;;
Litoral Norte;21316,0;MACAU;12002,79;207;13,0;2025-03-25;;
Litoral Norte;21316,0;MACAU;12587,13;293;16,0;2025-03-26;;
Litoral Norte;21316,0;MACAU;23334,74;383;25,0;2025-03-27;;
Litoral Norte;21316,0;MACAU;15460,14;247;20,0;2025-03-28;;
Litoral Norte;21316,0;MACAU;715,12;11;3,0;2025-04-24;;
Litoral Norte;21316,0;MACAU;4138,56;61;6,0;2025-04-25;;
Litoral Norte;21316,0;MACAU;4924,73;61;8,0;2025-04-26;;
Litoral Norte;21316,0;MACAU;6743,25;111;11,0;2025-04-28;;
Litoral Norte;21316,0;MACAU;4278,59;52;7,0;2025-04-29;;
Litoral Norte;21316,0;MACAU;1491,4;23;3,0;2025-04-30;;
Litoral Norte;21316,0;MACAU;684,68;10;2,0;2025-05-02;;
Litoral Norte;21316,0;MACAU;1098,91;10;2,0;2025-05-03;;
Litoral Norte;21316,0;MACAU;2180,06;25;3,0;2025-05-05;;
Litoral Norte;21316,0;MACAU;52421,38;690;46,0;2025-05-06;;
Litoral Norte;21316,0;MACAU;21311,11;290;30,0;2025-05-07;;
Litoral Norte;21316,0;MACAU;29948,0;489;45,0;2025-05-08;;
Litoral Norte;21316,0;MACAU;22911,22;314;34,0;2025-05-09;;
Litoral Norte;21316,0;MACAU;32594,87;423;48,0;2025-05-10;;
Litoral Norte;21316,0;MACAU;4365,8;52;9,0;2025-05-11;;
Litoral Norte;21316,0;MACAU;3858,8;61;5,0;2025-05-12;;
Litoral Norte;21316,0;MACAU;30779,31;456;15,0;2025-05-13;;
Litoral Norte;21316,0;MACAU;14017,26;229;20,0;2025-05-14;;
Litoral Norte;21316,0;MACAU;7284,69;122;11,0;2025-05-15;;
Litoral Norte;21316,0;MACAU;17921,66;248;18,0;2025-05-16;;
Litoral Norte;21316,0;MACAU;9317,61;154;14,0;2025-05-17;;
Litoral Norte;21316,0;MACAU;27294,83;399;22,0;2025-05-19;;
Litoral Norte;21316,0;MACAU;14058,43;242;22,0;2025-05-20;;
Litoral Norte;21316,0;MACAU;16389,85;307;20,0;2025-05-21;;
Litoral Norte;21316,0;MACAU;29716,91;498;37,0;2025-05-22;;
Litoral Norte;21316,0;MACAU;12717,03;231;23,0;2025-05-23;;
Litoral Norte;21316,0;MACAU;23297,8;399;27,0;2025-05-24;;
Litoral Norte;21316,0;MACAU;8943,82;180;17,0;2025-05-26;;
Litoral Norte;21316,0;MACAU;7350,73;126;14,0;2025-05-27;;
Litoral Norte;21316,0;MACAU;12792,09;231;16,0;2025-05-28;;
Litoral Norte;21316,0;MACAU;11267,49;179;16,0;2025-05-29;;
Litoral Norte;21316,0;MACAU;5710,42;93;10,0;2025-05-30;;
Litoral Norte;21316,0;MACAU;10917,68;226;21,0;2025-05-31;;
Litoral Norte;21316,0;MACAU;5357,36;87;10,0;2025-06-02;;
Litoral Norte;21316,0;MACAU;9746,32;160;15,0;2025-06-03;;
Litoral Norte;21316,0;MACAU;10169,32;168;17,0;2025-06-04;;
Litoral Norte;21316,0;MACAU;19092,23;335;25,0;2025-06-05;;
Litoral Norte;21316,0;MACAU;12122,37;199;27,0;2025-06-06;;
Litoral Norte;21316,0;MACAU;9757,19;145;17,0;2025-06-07;;
Litoral Norte;21316,0;MACAU;5869,42;106;19,0;2025-06-09;;
Litoral Norte;21316,0;MACAU;10912,33;200;20,0;2025-06-10;;
Litoral Norte;21316,0;MACAU;11347,05;158;18,0;2025-06-11;;
Litoral Norte;21316,0;MACAU;11165,64;186;27,0;2025-06-12;;
Litoral Norte;21316,0;MACAU;51169,33;819;29,0;2025-06-13;;
Litoral Norte;21316,0;MACAU;31830,9;572;33,0;2025-06-14;;
Litoral Norte;21316,0;MACAU;13425,72;249;15,0;2025-06-16;;
Litoral Norte;21316,0;MACAU;18693,83;225;16,0;2025-06-17;;
Litoral Norte;21316,0;MACAU;10603,3;179;18,0;2025-06-18;;
Litoral Norte;21316,0;MACAU;2596,57;44;4,0;2025-06-19;;
Litoral Norte;21316,0;MACAU;8231,3;129;11,0;2025-06-20;;
Litoral Norte;21316,0;MACAU;11892,5;210;12,0;2025-06-21;;
Litoral Norte;21316,0;MACAU;21702,54;284;23,0;2025-06-23;;
Litoral Norte;21316,0;MACAU;12757,15;184;20,0;2025-06-24;;
Litoral Norte;21316,0;MACAU;23282,69;274;27,0;2025-06-25;;
Litoral Norte;21316,0;MACAU;9965,15;145;20,0;2025-06-26;;
Litoral Norte;21316,0;MACAU;20646,99;263;27,0;2025-06-27;;
Litoral Norte;21316,0;MACAU;13915,68;188;22,0;2025-06-28;;
Litoral Norte;21316,0;MACAU;30802,41;519;28,0;2025-06-30;;
Litoral Norte;21316,0;MACAU;12456,06;221;18,0;2025-07-01;;
Litoral Norte;21316,0;MACAU;14841,1;269;19,0;2025-07-02;;
Litoral Norte;21316,0;MACAU;17354,89;287;20,0;2025-07-03;;
Litoral Norte;21316,0;MACAU;10386,98;159;16,0;2025-07-04;;
Litoral Norte;21316,0;MACAU;9713,35;178;13,0;2025-07-05;;
Litoral Norte;21316,0;MACAU;5320,98;86;10,0;2025-07-07;;
Litoral Norte;21316,0;MACAU;6294,91;103;13,0;2025-07-08;;
Litoral Norte;21316,0;MACAU;8754,53;124;13,0;2025-07-09;;
Litoral Norte;21316,0;MACAU;6751,13;95;15,0;2025-07-10;;
Litoral Norte;21316,0;MACAU;9427,9;139;16,0;2025-07-11;;
Litoral Norte;21316,0;MACAU;3945,13;77;10,0;2025-07-12;;
Litoral Norte;21316,0;MACAU;1642,8;31;4,0;2025-07-14;;
Litoral Norte;21316,0;MACAU;7365,67;118;14,0;2025-07-15;;
Litoral Norte;21316,0;MACAU;54477,64;1213;46,0;2025-07-16;;
Litoral Norte;21316,0;MACAU;18790,8;305;16,0;2025-07-17;;
Litoral Norte;21316,0;MACAU;20572,61;378;27,0;2025-07-18;;
Litoral Norte;21316,0;MACAU;13467,9;228;20,0;2025-07-19;;
Litoral Norte;21316,0;MACAU;18681,0;460;22,0;2025-07-21;;
Litoral Norte;21316,0;MACAU;11282,4;256;16,0;2025-07-22;;
Litoral Norte;21316,0;MACAU;10651,65;244;16,0;2025-07-23;;
Litoral Norte;21316,0;MACAU;16397,35;316;21,0;2025-07-24;;
Litoral Norte;21316,0;MACAU;19960,11;391;23,0;2025-07-25;;
Litoral Norte;21316,0;MACAU;13889,92;280;23,0;2025-07-26;;
Litoral Norte;21316,0;MACAU;8188,64;167;17,0;2025-07-28;;
Litoral Norte;21316,0;MACAU;12377,44;210;19,0;2025-07-29;;
Litoral Norte;21316,0;MACAU;12467,99;222;21,0;2025-07-30;;
Litoral Norte;21316,0;MACAU;12010,0;265;16,0;2025-07-31;;
Litoral Norte;21316,0;MACAU;15294,24;292;25,0;2025-08-01;;
Litoral Norte;21316,0;MACAU;15703,22;254;18,0;2025-08-02;;
Litoral Norte;21316,0;MACAU;11987,61;163;11,0;2025-08-04;;
Litoral Norte;21316,0;MACAU;20207,71;360;21,0;2025-08-05;;
Litoral Norte;21316,0;MACAU;27227,42;480;30,0;2025-08-06;;
Litoral Norte;21316,0;MACAU;12071,19;230;25,0;2025-08-07;;
Litoral Norte;21316,0;MACAU;11899,6;204;26,0;2025-08-08;;
Litoral Norte;21316,0;MACAU;20439,45;359;36,0;2025-08-09;;
Litoral Norte;21316,0;MACAU;23968,12;484;23,0;2025-08-11;;
Litoral Norte;21316,0;MACAU;11173,06;227;13,0;2025-08-12;;
Litoral Norte;21316,0;MACAU;10575,94;237;18,0;2025-08-13;;
Litoral Norte;21316,0;MACAU;12052,75;204;16,0;2025-08-14;;
Litoral Norte;21316,0;MACAU;13436,71;190;10,0;2025-08-15;;
Litoral Norte;21316,0;MACAU;11164,92;239;22,0;2025-08-16;;
Litoral Norte;21316,0;MACAU;5329,18;140;8,0;2025-08-18;;
Litoral Norte;21316,0;MACAU;8210,04;185;11,0;2025-08-19;;
Litoral Norte;21316,0;MACAU;15240,37;314;17,0;2025-08-20;;
Litoral Norte;21316,0;MACAU;11222,95;194;16,0;2025-08-21;;
Litoral Norte;21316,0;MACAU;17103,17;310;19,0;2025-08-22;;
Litoral Norte;21316,0;MACAU;6373,84;115;15,0;2025-08-23;;
Litoral Norte;21316,0;MACAU;3694,62;66;5,0;2025-08-25;;
Litoral Norte;21316,0;MACAU;9326,47;172;18,0;2025-08-26;;
Litoral Norte;21316,0;MACAU;18838,0;389;19,0;2025-08-27;;
Litoral Norte;21316,0;MACAU;10848,7;195;21,0;2025-08-28;;
Litoral Norte;21316,0;MACAU;3058,09;40;4,0;2025-08-29;;
Litoral Norte;21316,0;MACAU;17201,68;271;30,0;2025-08-30;;
Litoral Norte;21316,0;MACAU;12164,22;316;21,0;2025-09-01;;
Litoral Norte;21316,0;MACAU;26399,95;340;19,0;2025-09-02;;
Litoral Norte;21316,0;MACAU;13181,76;299;17,0;2025-09-03;;
Litoral Norte;21316,0;MACAU;10517,82;213;16,0;2025-09-04;;
Litoral Norte;21316,0;MACAU;39158,27;613;36,0;2025-09-05;;
Litoral Norte;21316,0;MACAU;28929,4;433;33,0;2025-09-06;;
Litoral Norte;21316,0;MACAU;17152,62;296;26,0;2025-09-08;;
Litoral Norte;21316,0;MACAU;4542,8;94;9,0;2025-09-09;;
Litoral Norte;21316,0;MACAU;15043,06;235;18,0;2025-09-10;;
Litoral Norte;21316,0;MACAU;12274,32;234;21,0;2025-09-11;;
Litoral Norte;21316,0;MACAU;16937,81;312;29,0;2025-09-12;;
Litoral Norte;21316,0;MACAU;14470,33;217;19,0;2025-09-13;;
Litoral Norte;21316,0;MACAU;821,41;9;4,0;2025-09-14;;
Litoral Norte;21316,0;MACAU;6666,24;84;9,0;2025-09-15;;
Litoral Norte;21316,0;MACAU;9464,81;188;19,0;2025-09-16;;
Litoral Norte;21316,0;MACAU;11942,12;394;21,0;2025-09-17;;
Litoral Norte;21316,0;MACAU;7573,3;119;15,0;2025-09-18;;
Litoral Norte;21316,0;MACAU;10065,31;219;19,0;2025-09-19;;
Litoral Norte;21316,0;MACAU;9443,26;203;21,0;2025-09-20;;
Litoral Norte;21316,0;MACAU;40131,99;804;18,0;2025-09-22;;
Litoral Norte;21316,0;MACAU;18784,83;367;22,0;2025-09-23;;
Litoral Norte;21316,0;MACAU;26406,69;460;23,0;2025-09-24;;
Litoral Norte;21316,0;MACAU;14132,65;273;17,0;2025-09-25;;
Litoral Norte;21316,0;MACAU;22015,05;278;9,0;2025-09-26;;
Litoral Norte;21316,0;MACAU;8422,77;276;17,0;2025-09-27;;
Litoral Norte;21316,0;MACAU;5889,92;147;11,0;2025-09-29;;
Litoral Norte;21316,0;MACAU;12855,02;303;16,0;2025-09-30;;
Litoral Norte;21316,0;MACAU;20629,6;362;16,0;2025-10-01;;
Litoral Norte;21316,0;MACAU;11849,99;183;19,0;2025-10-02;;
Litoral Norte;21316,0;MACAU;32887,3;456;31,0;2025-10-03;;
Litoral Norte;21316,0;MACAU;18538,52;342;23,0;2025-10-04;;
Litoral Norte;21316,0;MACAU;6616,3;67;8,0;2025-10-06;;
Litoral Norte;21316,0;MACAU;14462,93;234;20,0;2025-10-07;;
Litoral Norte;21316,0;MACAU;15409,2;336;14,0;2025-10-08;;
Litoral Norte;21316,0;MACAU;8159,23;144;15,0;2025-10-09;;
Litoral Norte;21316,0;MACAU;10283,4;225;17,0;2025-10-10;;
Litoral Norte;21316,0;MACAU;14896,16;249;20,0;2025-10-11;;
Litoral Norte;21316,0;MACAU;18498,94;446;19,0;2025-10-13;;
Litoral Norte;21316,0;MACAU;10784,35;297;17,0;2025-10-14;;
Litoral Norte;21316,0;MACAU;6904,83;179;12,0;2025-10-15;;
Litoral Norte;21316,0;MACAU;16080,94;359;25,0;2025-10-16;;
Litoral Norte;21316,0;MACAU;6747,18;165;14,0;2025-10-17;;
Litoral Norte;21316,0;MACAU;11091,68;182;18,0;2025-10-18;;
Litoral Norte;21316,0;MACAU;4151,97;92;7,0;2025-10-20;;
Litoral Norte;21316,0;MACAU;9738,55;251;12,0;2025-10-21;;
Litoral Norte;21316,0;MACAU;12622,56;257;16,0;2025-10-22;;
Litoral Norte;21316,0;MACAU;16650,48;305;18,0;2025-10-23;;
Litoral Norte;21316,0;MACAU;13147,81;256;18,0;2025-10-24;;
Litoral Norte;21316,0;MACAU;7127,45;123;14,0;2025-10-25;;
Litoral Norte;21316,0;MACAU;10845,96;146;14,0;2025-10-27;;
Litoral Norte;21316,0;MACAU;11909,68;153;18,0;2025-10-28;;
Litoral Norte;21316,0;MACAU;14895,7;492;16,0;2025-10-29;;
Litoral Norte;21316,0;MACAU;20957,79;327;20,0;2025-10-30;;
Litoral Norte;21316,0;MACAU;15093,56;234;21,0;2025-10-31;;
Litoral Norte;21316,0;MACAU;23262,63;338;25,0;2025-11-01;;
Litoral Norte;21316,0;MACAU;36082,45;859;39,0;2025-11-03;;
Litoral Norte;21316,0;MACAU;13801,36;318;19,0;2025-11-04;;
Litoral Norte;21316,0;MACAU;15475,82;269;17,0;2025-11-05;;
Litoral Norte;21316,0;MACAU;20718,4;343;28,0;2025-11-06;;
Litoral Norte;21316,0;MACAU;12785,84;470;19,0;2025-11-07;;
Litoral Norte;21316,0;MACAU;21469,0;397;26,0;2025-11-08;;
Litoral Norte;21316,0;MACAU;10216,8;225;25,0;2025-11-10;;
Litoral Norte;21316,0;MACAU;14688,06;404;20,0;2025-11-11;;
Litoral Norte;21316,0;MACAU;12125,29;328;20,0;2025-11-12;;
Litoral Norte;21316,0;MACAU;16581,43;261;18,0;2025-11-13;;
Litoral Norte;21316,0;MACAU;11121,34;174;19,0;2025-11-14;;
Litoral Norte;21316,0;MACAU;9663,97;126;20,0;2025-11-15;;
Litoral Norte;21316,0;MACAU;21394,48;304;22,0;2025-11-17;;
Litoral Norte;21316,0;MACAU;15477,11;247;24,0;2025-11-18;;
Litoral Norte;21316,0;MACAU;16132,41;300;22,0;2025-11-19;;
Litoral Norte;21316,0;MACAU;23876,34;330;22,0;2025-11-20;;
Litoral Norte;21316,0;MACAU;20956,55;315;31,0;2025-11-21;;
Litoral Norte;21316,0;MACAU;16943,78;231;20,0;2025-11-22;;
Litoral Norte;21316,0;MACAU;8375,93;130;10,0;2025-11-24;;
Litoral Norte;21316,0;MACAU;10734,13;160;18,0;2025-11-25;;
Litoral Norte;21316,0;MACAU;4897,09;84;9,0;2025-11-26;;
Litoral Norte;21316,0;MACAU;35203,31;695;45,0;2025-11-27;;
Litoral Norte;21316,0;MACAU;22232,23;414;34,0;2025-11-28;;
Litoral Norte;21316,0;MACAU;20556,11;328;32,0;2025-11-29;;
Litoral Norte;21316,0;MACAU;8861,95;134;6,0;2025-11-30;;
Litoral Norte;21316,0;MACAU;9228,06;194;17,0;2025-12-01;;
Litoral Norte;21316,0;MACAU;10195,47;184;18,0;2025-12-02;;
Litoral Norte;21316,0;MACAU;8747,16;170;16,0;2025-12-03;;
Litoral Norte;21316,0;MACAU;10012,6;322;20,0;2025-12-04;;
Litoral Norte;21316,0;MACAU;17009,06;330;24,0;2025-12-05;;
Litoral Norte;21316,0;MACAU;11549,94;494;20,0;2025-12-06;;
Litoral Norte;21316,0;MACAU;4433,35;99;8,0;2025-12-08;;
Litoral Norte;21316,0;MACAU;10920,53;231;18,0;2025-12-09;;
Litoral Norte;21316,0;MACAU;16686,39;424;26,0;2025-12-10;;
Litoral Norte;21316,0;MACAU;14288,85;354;27,0;2025-12-11;;
Litoral Norte;21316,0;MACAU;11861,13;286;22,0;2025-12-12;;
Litoral Norte;21316,0;MACAU;16130,79;324;23,0;2025-12-13;;
Litoral Norte;21316,0;MACAU;9553,07;228;25,0;2025-12-15;;
Litoral Norte;21316,0;MACAU;11729,47;521;23,0;2025-12-16;;
Litoral Norte;21316,0;MACAU;8800,92;224;16,0;2025-12-17;;
Litoral Norte;21316,0;MACAU;15253,95;350;24,0;2025-12-18;;
Litoral Norte;21316,0;MACAU;7028,91;183;13,0;2025-12-19;;
Litoral Norte;21316,0;MACAU;14841,25;294;23,0;2025-12-20;;
Litoral Norte;21316,0;MACAU;2523,37;68;5,0;2025-12-21;;
Litoral Norte;21316,0;MACAU;19450,08;341;25,0;2025-12-22;;
Litoral Norte;21316,0;MACAU;18584,97;383;35,0;2025-12-23;;
Litoral Norte;21316,0;MACAU;9783,34;174;17,0;2025-12-24;;
Litoral Norte;21316,0;MACAU;22361,63;469;16,0;2025-12-26;;
Litoral Norte;21316,0;MACAU;16374,16;299;20,0;2025-12-27;;
Litoral Norte;21316,0;MACAU;18749,12;398;27,0;2025-12-29;;
Litoral Norte;21316,0;MACAU;18100,2;324;27,0;2025-12-30;;
Litoral Norte;21316,0;MACAU;2286,75;72;6,0;2025-12-31;;
Oeste do Maranhão;20923,0;MARACAÇUMÉ;5386,06;96;9,0;2025-01-02;;
Oeste do Maranhão;20923,0;MARACAÇUMÉ;11343,57;202;19,0;2025-01-03;;
Oeste do Maranhão;20923,0;MARACAÇUMÉ;9844,86;150;14,0;2025-01-04;;
Oeste do Maranhão;20923,0;MARACAÇUMÉ;8940,49;154;21,0;2025-01-06;;
Oeste do Maranhão;20923,0;MARACAÇUMÉ;17454,74;330;26,0;2025-01-07;;
Oeste do Maranhão;20923,0;MARACAÇUMÉ;27359,06;483;43,0;2025-01-08;;
Oeste do Maranhão;20923,0;MARACAÇUMÉ;19447,9;302;28,0;2025-01-09;;
Oeste do Maranhão;20923,0;MARACAÇUMÉ;12073,89;214;27,0;2025-01-10;;
Oeste do Maranhão;20923,0;MARACAÇUMÉ;8093,37;133;15,0;2025-01-11;;
Oeste do Maranhão;20923,0;MARACAÇUMÉ;21533,31;307;22,0;2025-01-13;;
Oeste do Maranhão;20923,0;MARACAÇUMÉ;7588,16;110;14,0;2025-01-14;;
Oeste do Maranhão;20923,0;MARACAÇUMÉ;19065,2;286;25,0;2025-01-15;;
Oeste do Maranhão;20923,0;MARACAÇUMÉ;51841,37;735;43,0;2025-01-16;;
Oeste do Maranhão;20923,0;MARACAÇUMÉ;36122,72;561;34,0;2025-01-17;;
Oeste do Maranhão;20923,0;MARACAÇUMÉ;15533,17;219;25,0;2025-01-18;;
Oeste do Maranhão;20923,0;MARACAÇUMÉ;42857,78;684;45,0;2025-01-20;;
Oeste do Maranhão;20923,0;MARACAÇUMÉ;33953,26;535;33,0;2025-01-21;;
Oeste do Maranhão;20923,0;MARACAÇUMÉ;20912,22;383;28,0;2025-01-22;;
Oeste do Maranhão;20923,0;MARACAÇUMÉ;19787,72;393;36,0;2025-01-23;;
Oeste do Maranhão;20923,0;MARACAÇUMÉ;10954,69;226;27,0;2025-01-24;;
Oeste do Maranhão;20923,0;MARACAÇUMÉ;4369,13;84;11,0;2025-01-25;;
Oeste do Maranhão;20923,0;MARACAÇUMÉ;12583,08;220;24,0;2025-01-27;;
Oeste do Maranhão;20923,0;MARACAÇUMÉ;18108,37;367;27,0;2025-01-28;;
Oeste do Maranhão;20923,0;MARACAÇUMÉ;30300,77;540;41,0;2025-01-29;;
Oeste do Maranhão;20923,0;MARACAÇUMÉ;20898,57;358;39,0;2025-01-30;;
Oeste do Maranhão;20923,0;MARACAÇUMÉ;35782,74;582;44,0;2025-01-31;;
Oeste do Maranhão;20923,0;MARACAÇUMÉ;15566,42;240;18,0;2025-02-01;;
Oeste do Maranhão;20923,0;MARACAÇUMÉ;21410,4;292;39,0;2025-02-03;;
Oeste do Maranhão;20923,0;MARACAÇUMÉ;20474,91;327;31,0;2025-02-04;;
Oeste do Maranhão;20923,0;MARACAÇUMÉ;27574,8;447;36,0;2025-02-05;;
Oeste do Maranhão;20923,0;MARACAÇUMÉ;26743,56;432;46,0;2025-02-06;;
Oeste do Maranhão;20923,0;MARACAÇUMÉ;20613,05;354;38,0;2025-02-07;;
Oeste do Maranhão;20923,0;MARACAÇUMÉ;8354,1;141;12,0;2025-02-08;;
Oeste do Maranhão;20923,0;MARACAÇUMÉ;51629,21;777;54,0;2025-02-10;;
Oeste do Maranhão;20923,0;MARACAÇUMÉ;25831,82;408;36,0;2025-02-11;;
Oeste do Maranhão;20923,0;MARACAÇUMÉ;22239,44;353;34,0;2025-02-12;;
Oeste do Maranhão;20923,0;MARACAÇUMÉ;38357,46;563;29,0;2025-02-13;;
Oeste do Maranhão;20923,0;MARACAÇUMÉ;17079,51;327;35,0;2025-02-14;;
Oeste do Maranhão;20923,0;MARACAÇUMÉ;6299,44;106;14,0;2025-02-15;;
Oeste do Maranhão;20923,0;MARACAÇUMÉ;13478,28;235;24,0;2025-02-17;;
Oeste do Maranhão;20923,0;MARACAÇUMÉ;21874,46;402;24,0;2025-02-18;;
Oeste do Maranhão;20923,0;MARACAÇUMÉ;17061,56;262;25,0;2025-02-19;;
Oeste do Maranhão;20923,0;MARACAÇUMÉ;16428,06;303;23,0;2025-02-20;;
Oeste do Maranhão;20923,0;MARACAÇUMÉ;30783,67;440;36,0;2025-02-21;;
Oeste do Maranhão;20923,0;MARACAÇUMÉ;12865,34;250;29,0;2025-02-22;;
Oeste do Maranhão;20923,0;MARACAÇUMÉ;11575,76;188;17,0;2025-02-24;;
Oeste do Maranhão;20923,0;MARACAÇUMÉ;23733,1;390;40,0;2025-02-25;;
Oeste do Maranhão;20923,0;MARACAÇUMÉ;15303,3;230;36,0;2025-02-26;;
Oeste do Maranhão;20923,0;MARACAÇUMÉ;21333,97;416;35,0;2025-02-27;;
Oeste do Maranhão;20923,0;MARACAÇUMÉ;18063,19;317;37,0;2025-02-28;;
Oeste do Maranhão;20923,0;MARACAÇUMÉ;10528,25;158;12,0;2025-03-01;;
Oeste do Maranhão;20923,0;MARACAÇUMÉ;6824,12;105;8,0;2025-03-03;;
Oeste do Maranhão;20923,0;MARACAÇUMÉ;33498,61;604;12,0;2025-03-05;;
Oeste do Maranhão;20923,0;MARACAÇUMÉ;23586,84;428;42,0;2025-03-06;;
Oeste do Maranhão;20923,0;MARACAÇUMÉ;31750,7;576;43,0;2025-03-07;;
Oeste do Maranhão;20923,0;MARACAÇUMÉ;14225,64;282;34,0;2025-03-08;;
Oeste do Maranhão;20923,0;MARACAÇUMÉ;95491,18;1052;36,0;2025-03-10;;
Oeste do Maranhão;20923,0;MARACAÇUMÉ;28755,79;490;40,0;2025-03-11;;
Oeste do Maranhão;20923,0;MARACAÇUMÉ;40826,25;529;38,0;2025-03-12;;
Oeste do Maranhão;20923,0;MARACAÇUMÉ;26416,9;496;31,0;2025-03-13;;
Oeste do Maranhão;20923,0;MARACAÇUMÉ;45352,81;702;54,0;2025-03-14;;
Oeste do Maranhão;20923,0;MARACAÇUMÉ;37451,43;544;54,0;2025-03-15;;
Oeste do Maranhão;20923,0;MARACAÇUMÉ;32863,75;520;54,0;2025-03-17;;
Oeste do Maranhão;20923,0;MARACAÇUMÉ;28064,55;416;33,0;2025-03-18;;
Oeste do Maranhão;20923,0;MARACAÇUMÉ;32137,78;436;35,0;2025-03-19;;
Oeste do Maranhão;20923,0;MARACAÇUMÉ;24848,14;419;43,0;2025-03-20;;
Oeste do Maranhão;20923,0;MARACAÇUMÉ;24618,54;297;29,0;2025-03-21;;
Oeste do Maranhão;20923,0;MARACAÇUMÉ;20945,27;325;32,0;2025-03-22;;
Oeste do Maranhão;20923,0;MARACAÇUMÉ;40931,0;665;39,0;2025-03-24;;
Oeste do Maranhão;20923,0;MARACAÇUMÉ;21054,64;346;35,0;2025-03-25;;
Oeste do Maranhão;20923,0;MARACAÇUMÉ;26626,8;461;38,0;2025-03-26;;
Oeste do Maranhão;20923,0;MARACAÇUMÉ;36185,7;600;35,0;2025-03-27;;
Oeste do Maranhão;20923,0;MARACAÇUMÉ;16442,82;269;30,0;2025-03-28;;
Oeste do Maranhão;20923,0;MARACAÇUMÉ;7322,55;114;13,0;2025-03-29;;
Oeste do Maranhão;20923,0;MARACAÇUMÉ;20882,73;342;42,0;2025-03-31;;
Oeste do Maranhão;20923,0;MARACAÇUMÉ;18620,98;273;27,0;2025-04-01;;
Oeste do Maranhão;20923,0;MARACAÇUMÉ;22413,49;345;37,0;2025-04-02;;
Oeste do Maranhão;20923,0;MARACAÇUMÉ;23199,32;388;41,0;2025-04-03;;
Oeste do Maranhão;20923,0;MARACAÇUMÉ;13732,59;235;29,0;2025-04-04;;
Oeste do Maranhão;20923,0;MARACAÇUMÉ;13822,0;208;16,0;2025-04-05;;
Oeste do Maranhão;20923,0;MARACAÇUMÉ;37410,85;401;31,0;2025-04-07;;
Oeste do Maranhão;20923,0;MARACAÇUMÉ;13465,13;202;22,0;2025-04-08;;
Oeste do Maranhão;20923,0;MARACAÇUMÉ;22732,79;329;27,0;2025-04-09;;
Oeste do Maranhão;20923,0;MARACAÇUMÉ;14176,85;199;26,0;2025-04-10;;
Oeste do Maranhão;20923,0;MARACAÇUMÉ;11385,7;159;20,0;2025-04-11;;
Oeste do Maranhão;20923,0;MARACAÇUMÉ;9971,0;134;16,0;2025-04-12;;
Oeste do Maranhão;20923,0;MARACAÇUMÉ;45358,4;672;59,0;2025-04-14;;
Oeste do Maranhão;20923,0;MARACAÇUMÉ;29760,85;487;39,0;2025-04-15;;
Oeste do Maranhão;20923,0;MARACAÇUMÉ;18287,68;355;34,0;2025-04-16;;
Oeste do Maranhão;20923,0;MARACAÇUMÉ;8828,83;164;21,0;2025-04-17;;
Oeste do Maranhão;20923,0;MARACAÇUMÉ;22959,09;375;32,0;2025-04-19;;
Oeste do Maranhão;20923,0;MARACAÇUMÉ;18714,06;282;22,0;2025-04-21;;
Oeste do Maranhão;20923,0;MARACAÇUMÉ;25890,61;437;34,0;2025-04-22;;
Oeste do Maranhão;20923,0;MARACAÇUMÉ;22620,61;396;23,0;2025-04-23;;
Oeste do Maranhão;20923,0;MARACAÇUMÉ;21511,13;369;35,0;2025-04-24;;
Oeste do Maranhão;20923,0;MARACAÇUMÉ;26504,82;390;35,0;2025-04-25;;
Oeste do Maranhão;20923,0;MARACAÇUMÉ;14720,66;203;25,0;2025-04-26;;
Oeste do Maranhão;20923,0;MARACAÇUMÉ;21696,38;324;30,0;2025-04-28;;
Oeste do Maranhão;20923,0;MARACAÇUMÉ;23015,78;339;30,0;2025-04-29;;
Oeste do Maranhão;20923,0;MARACAÇUMÉ;40374,01;525;62,0;2025-04-30;;
Oeste do Maranhão;20923,0;MARACAÇUMÉ;29182,02;430;40,0;2025-05-02;;
Oeste do Maranhão;20923,0;MARACAÇUMÉ;16407,27;218;28,0;2025-05-03;;
Oeste do Maranhão;20923,0;MARACAÇUMÉ;53557,18;648;36,0;2025-05-05;;
Oeste do Maranhão;20923,0;MARACAÇUMÉ;38420,56;540;59,0;2025-05-06;;
Oeste do Maranhão;20923,0;MARACAÇUMÉ;17918,06;246;40,0;2025-05-07;;
Oeste do Maranhão;20923,0;MARACAÇUMÉ;21329,14;299;32,0;2025-05-08;;
Oeste do Maranhão;20923,0;MARACAÇUMÉ;40325,19;529;60,0;2025-05-09;;
Oeste do Maranhão;20923,0;MARACAÇUMÉ;35961,79;440;59,0;2025-05-10;;
Oeste do Maranhão;20923,0;MARACAÇUMÉ;9032,24;124;27,0;2025-05-11;;
Oeste do Maranhão;20923,0;MARACAÇUMÉ;60103,36;1092;40,0;2025-05-12;;
Oeste do Maranhão;20923,0;MARACAÇUMÉ;43479,91;619;48,0;2025-05-13;;
Oeste do Maranhão;20923,0;MARACAÇUMÉ;20468,84;331;30,0;2025-05-14;;
Oeste do Maranhão;20923,0;MARACAÇUMÉ;45351,53;778;44,0;2025-05-15;;
Oeste do Maranhão;20923,0;MARACAÇUMÉ;26721,06;475;39,0;2025-05-16;;
Oeste do Maranhão;20923,0;MARACAÇUMÉ;13425,85;264;22,0;2025-05-17;;
Oeste do Maranhão;20923,0;MARACAÇUMÉ;64189,03;1119;59,0;2025-05-19;;
Oeste do Maranhão;20923,0;MARACAÇUMÉ;31977,21;546;41,0;2025-05-20;;
Oeste do Maranhão;20923,0;MARACAÇUMÉ;31807,49;503;47,0;2025-05-21;;
Oeste do Maranhão;20923,0;MARACAÇUMÉ;61461,43;908;40,0;2025-05-22;;
Oeste do Maranhão;20923,0;MARACAÇUMÉ;40977,86;583;57,0;2025-05-23;;
Oeste do Maranhão;20923,0;MARACAÇUMÉ;22471,68;382;29,0;2025-05-24;;
Oeste do Maranhão;20923,0;MARACAÇUMÉ;40932,06;647;68,0;2025-05-26;;
Oeste do Maranhão;20923,0;MARACAÇUMÉ;47174,37;736;58,0;2025-05-27;;
Oeste do Maranhão;20923,0;MARACAÇUMÉ;21375,5;332;24,0;2025-05-28;;
Oeste do Maranhão;20923,0;MARACAÇUMÉ;18759,47;376;26,0;2025-05-29;;
Oeste do Maranhão;20923,0;MARACAÇUMÉ;19468,82;289;32,0;2025-05-30;;
Oeste do Maranhão;20923,0;MARACAÇUMÉ;14567,36;278;36,0;2025-05-31;;
Oeste do Maranhão;20923,0;MARACAÇUMÉ;18409,55;287;26,0;2025-06-02;;
Oeste do Maranhão;20923,0;MARACAÇUMÉ;17237,12;315;24,0;2025-06-03;;
Oeste do Maranhão;20923,0;MARACAÇUMÉ;24085,74;324;23,0;2025-06-04;;
Oeste do Maranhão;20923,0;MARACAÇUMÉ;14870,3;291;28,0;2025-06-05;;
Oeste do Maranhão;20923,0;MARACAÇUMÉ;23990,24;478;43,0;2025-06-06;;
Oeste do Maranhão;20923,0;MARACAÇUMÉ;15947,81;278;27,0;2025-06-07;;
Oeste do Maranhão;20923,0;MARACAÇUMÉ;19412,24;390;40,0;2025-06-09;;
Oeste do Maranhão;20923,0;MARACAÇUMÉ;25028,52;381;46,0;2025-06-10;;
Oeste do Maranhão;20923,0;MARACAÇUMÉ;23275,64;388;39,0;2025-06-11;;
Oeste do Maranhão;20923,0;MARACAÇUMÉ;14875,91;265;35,0;2025-06-12;;
Oeste do Maranhão;20923,0;MARACAÇUMÉ;45778,66;789;47,0;2025-06-13;;
Oeste do Maranhão;20923,0;MARACAÇUMÉ;12224,17;231;22,0;2025-06-14;;
Oeste do Maranhão;20923,0;MARACAÇUMÉ;54499,66;721;42,0;2025-06-16;;
Oeste do Maranhão;20923,0;MARACAÇUMÉ;24363,28;455;52,0;2025-06-17;;
Oeste do Maranhão;20923,0;MARACAÇUMÉ;51258,4;803;52,0;2025-06-18;;
Oeste do Maranhão;20923,0;MARACAÇUMÉ;38363,52;583;40,0;2025-06-19;;
Oeste do Maranhão;20923,0;MARACAÇUMÉ;35376,09;556;72,0;2025-06-20;;
Oeste do Maranhão;20923,0;MARACAÇUMÉ;15715,28;248;28,0;2025-06-21;;
Oeste do Maranhão;20923,0;MARACAÇUMÉ;31692,94;317;26,0;2025-06-23;;
Oeste do Maranhão;20923,0;MARACAÇUMÉ;20585,89;271;42,0;2025-06-24;;
Oeste do Maranhão;20923,0;MARACAÇUMÉ;31918,25;571;37,0;2025-06-25;;
Oeste do Maranhão;20923,0;MARACAÇUMÉ;22927,46;449;37,0;2025-06-26;;
Oeste do Maranhão;20923,0;MARACAÇUMÉ;27403,61;426;44,0;2025-06-27;;
Oeste do Maranhão;20923,0;MARACAÇUMÉ;12018,45;171;25,0;2025-06-28;;
Oeste do Maranhão;20923,0;MARACAÇUMÉ;43323,87;711;50,0;2025-06-30;;
Oeste do Maranhão;20923,0;MARACAÇUMÉ;33432,8;513;48,0;2025-07-01;;
Oeste do Maranhão;20923,0;MARACAÇUMÉ;46167,43;864;50,0;2025-07-02;;
Oeste do Maranhão;20923,0;MARACAÇUMÉ;26830,56;575;49,0;2025-07-03;;
Oeste do Maranhão;20923,0;MARACAÇUMÉ;21141,06;411;37,0;2025-07-04;;
Oeste do Maranhão;20923,0;MARACAÇUMÉ;19298,23;361;23,0;2025-07-05;;
Oeste do Maranhão;20923,0;MARACAÇUMÉ;29351,14;528;49,0;2025-07-07;;
Oeste do Maranhão;20923,0;MARACAÇUMÉ;24440,32;424;41,0;2025-07-08;;
Oeste do Maranhão;20923,0;MARACAÇUMÉ;20863,95;423;38,0;2025-07-09;;
Oeste do Maranhão;20923,0;MARACAÇUMÉ;16480,04;323;35,0;2025-07-10;;
Oeste do Maranhão;20923,0;MARACAÇUMÉ;15509,01;303;35,0;2025-07-11;;
Oeste do Maranhão;20923,0;MARACAÇUMÉ;13249,5;241;22,0;2025-07-12;;
Oeste do Maranhão;20923,0;MARACAÇUMÉ;14302,73;272;26,0;2025-07-14;;
Oeste do Maranhão;20923,0;MARACAÇUMÉ;10736,75;201;18,0;2025-07-15;;
Oeste do Maranhão;20923,0;MARACAÇUMÉ;20215,57;311;32,0;2025-07-16;;
Oeste do Maranhão;20923,0;MARACAÇUMÉ;32688,92;553;40,0;2025-07-17;;
Oeste do Maranhão;20923,0;MARACAÇUMÉ;32097,81;507;46,0;2025-07-18;;
Oeste do Maranhão;20923,0;MARACAÇUMÉ;18696,77;290;30,0;2025-07-19;;
Oeste do Maranhão;20923,0;MARACAÇUMÉ;44712,11;794;39,0;2025-07-21;;
Oeste do Maranhão;20923,0;MARACAÇUMÉ;33533,99;608;44,0;2025-07-22;;
Oeste do Maranhão;20923,0;MARACAÇUMÉ;37427,32;605;36,0;2025-07-23;;
Oeste do Maranhão;20923,0;MARACAÇUMÉ;35784,66;653;62,0;2025-07-24;;
Oeste do Maranhão;20923,0;MARACAÇUMÉ;22964,81;373;36,0;2025-07-25;;
Oeste do Maranhão;20923,0;MARACAÇUMÉ;12448,16;223;20,0;2025-07-26;;
Oeste do Maranhão;20923,0;MARACAÇUMÉ;10985,15;177;22,0;2025-07-28;;
Oeste do Maranhão;20923,0;MARACAÇUMÉ;22629,69;352;41,0;2025-07-29;;
Oeste do Maranhão;20923,0;MARACAÇUMÉ;11156,75;163;20,0;2025-07-30;;
Oeste do Maranhão;20923,0;MARACAÇUMÉ;44979,42;966;77,0;2025-07-31;;
Oeste do Maranhão;20923,0;MARACAÇUMÉ;24034,87;401;30,0;2025-08-01;;
Oeste do Maranhão;20923,0;MARACAÇUMÉ;19945,87;330;29,0;2025-08-02;;
Oeste do Maranhão;20923,0;MARACAÇUMÉ;30003,11;518;45,0;2025-08-04;;
Oeste do Maranhão;20923,0;MARACAÇUMÉ;25605,34;473;48,0;2025-08-05;;
Oeste do Maranhão;20923,0;MARACAÇUMÉ;20524,19;411;43,0;2025-08-06;;
Oeste do Maranhão;20923,0;MARACAÇUMÉ;15968,97;263;26,0;2025-08-07;;
Oeste do Maranhão;20923,0;MARACAÇUMÉ;41822,03;717;53,0;2025-08-08;;
Oeste do Maranhão;20923,0;MARACAÇUMÉ;40253,57;561;67,0;2025-08-09;;
Oeste do Maranhão;20923,0;MARACAÇUMÉ;7286,01;106;14,0;2025-08-10;;
Oeste do Maranhão;20923,0;MARACAÇUMÉ;51149,4;1040;48,0;2025-08-11;;
Oeste do Maranhão;20923,0;MARACAÇUMÉ;32991,25;733;43,0;2025-08-12;;
Oeste do Maranhão;20923,0;MARACAÇUMÉ;18499,48;440;28,0;2025-08-13;;
Oeste do Maranhão;20923,0;MARACAÇUMÉ;31083,98;723;55,0;2025-08-14;;
Oeste do Maranhão;20923,0;MARACAÇUMÉ;11760,11;207;13,0;2025-08-15;;
Oeste do Maranhão;20923,0;MARACAÇUMÉ;20645,4;422;20,0;2025-08-16;;
Oeste do Maranhão;20923,0;MARACAÇUMÉ;23016,23;518;33,0;2025-08-18;;
Oeste do Maranhão;20923,0;MARACAÇUMÉ;17425,13;373;28,0;2025-08-19;;
Oeste do Maranhão;20923,0;MARACAÇUMÉ;20618,14;442;41,0;2025-08-20;;
Oeste do Maranhão;20923,0;MARACAÇUMÉ;23286,53;441;45,0;2025-08-21;;
Oeste do Maranhão;20923,0;MARACAÇUMÉ;20888,14;392;32,0;2025-08-22;;
Oeste do Maranhão;20923,0;MARACAÇUMÉ;17223,51;309;21,0;2025-08-23;;
Oeste do Maranhão;20923,0;MARACAÇUMÉ;25767,42;519;39,0;2025-08-25;;
Oeste do Maranhão;20923,0;MARACAÇUMÉ;17100,06;350;31,0;2025-08-26;;
Oeste do Maranhão;20923,0;MARACAÇUMÉ;20344,57;378;33,0;2025-08-27;;
Oeste do Maranhão;20923,0;MARACAÇUMÉ;26975,17;530;42,0;2025-08-28;;
Oeste do Maranhão;20923,0;MARACAÇUMÉ;14329,44;230;20,0;2025-08-29;;
Oeste do Maranhão;20923,0;MARACAÇUMÉ;16358,23;275;29,0;2025-08-30;;
Oeste do Maranhão;20923,0;MARACAÇUMÉ;39145,55;748;42,0;2025-09-01;;
Oeste do Maranhão;20923,0;MARACAÇUMÉ;33005,61;661;58,0;2025-09-02;;
Oeste do Maranhão;20923,0;MARACAÇUMÉ;28819,08;519;33,0;2025-09-03;;
Oeste do Maranhão;20923,0;MARACAÇUMÉ;35414,98;575;43,0;2025-09-04;;
Oeste do Maranhão;20923,0;MARACAÇUMÉ;56484,15;843;62,0;2025-09-05;;
Oeste do Maranhão;20923,0;MARACAÇUMÉ;21388,78;363;33,0;2025-09-06;;
Oeste do Maranhão;20923,0;MARACAÇUMÉ;39038,93;545;44,0;2025-09-08;;
Oeste do Maranhão;20923,0;MARACAÇUMÉ;14221,74;271;31,0;2025-09-09;;
Oeste do Maranhão;20923,0;MARACAÇUMÉ;17944,76;329;30,0;2025-09-10;;
Oeste do Maranhão;20923,0;MARACAÇUMÉ;18170,77;323;38,0;2025-09-11;;
Oeste do Maranhão;20923,0;MARACAÇUMÉ;23707,29;395;53,0;2025-09-12;;
Oeste do Maranhão;20923,0;MARACAÇUMÉ;11240,49;200;26,0;2025-09-13;;
Oeste do Maranhão;20923,0;MARACAÇUMÉ;15893,59;260;33,0;2025-09-15;;
Oeste do Maranhão;20923,0;MARACAÇUMÉ;28697,8;414;41,0;2025-09-16;;
Oeste do Maranhão;20923,0;MARACAÇUMÉ;14758,68;313;36,0;2025-09-17;;
Oeste do Maranhão;20923,0;MARACAÇUMÉ;13817,34;273;30,0;2025-09-18;;
Oeste do Maranhão;20923,0;MARACAÇUMÉ;17290,45;323;29,0;2025-09-19;;
Oeste do Maranhão;20923,0;MARACAÇUMÉ;8298,29;142;18,0;2025-09-20;;
Oeste do Maranhão;20923,0;MARACAÇUMÉ;102846,35;1328;36,0;2025-09-22;;
Oeste do Maranhão;20923,0;MARACAÇUMÉ;26231,48;478;40,0;2025-09-23;;
Oeste do Maranhão;20923,0;MARACAÇUMÉ;27126,07;488;28,0;2025-09-24;;
Oeste do Maranhão;20923,0;MARACAÇUMÉ;30251,92;756;46,0;2025-09-25;;
Oeste do Maranhão;20923,0;MARACAÇUMÉ;38154,17;662;48,0;2025-09-26;;
Oeste do Maranhão;20923,0;MARACAÇUMÉ;19531,96;351;33,0;2025-09-27;;
Oeste do Maranhão;20923,0;MARACAÇUMÉ;25697,15;487;39,0;2025-09-29;;
Oeste do Maranhão;20923,0;MARACAÇUMÉ;27740,01;523;34,0;2025-09-30;;
Oeste do Maranhão;20923,0;MARACAÇUMÉ;6712,01;131;12,0;2025-10-01;;
Oeste do Maranhão;20923,0;MARACAÇUMÉ;19338,26;364;39,0;2025-10-02;;
Oeste do Maranhão;20923,0;MARACAÇUMÉ;35441,9;553;35,0;2025-10-03;;
Oeste do Maranhão;20923,0;MARACAÇUMÉ;20480,24;342;32,0;2025-10-04;;
Oeste do Maranhão;20923,0;MARACAÇUMÉ;27213,4;470;47,0;2025-10-06;;
Oeste do Maranhão;20923,0;MARACAÇUMÉ;15572,55;277;22,0;2025-10-07;;
Oeste do Maranhão;20923,0;MARACAÇUMÉ;26506,97;484;37,0;2025-10-08;;
Oeste do Maranhão;20923,0;MARACAÇUMÉ;28468,56;434;32,0;2025-10-09;;
Oeste do Maranhão;20923,0;MARACAÇUMÉ;38190,07;549;25,0;2025-10-10;;
Oeste do Maranhão;20923,0;MARACAÇUMÉ;17566,56;318;37,0;2025-10-11;;
Oeste do Maranhão;20923,0;MARACAÇUMÉ;32886,48;518;50,0;2025-10-13;;
Oeste do Maranhão;20923,0;MARACAÇUMÉ;23747,71;442;39,0;2025-10-14;;
Oeste do Maranhão;20923,0;MARACAÇUMÉ;17420,86;336;28,0;2025-10-15;;
Oeste do Maranhão;20923,0;MARACAÇUMÉ;16317,76;309;25,0;2025-10-16;;
Oeste do Maranhão;20923,0;MARACAÇUMÉ;23773,69;524;30,0;2025-10-17;;
Oeste do Maranhão;20923,0;MARACAÇUMÉ;15156,95;316;24,0;2025-10-18;;
Oeste do Maranhão;20923,0;MARACAÇUMÉ;30953,03;506;47,0;2025-10-21;;
Oeste do Maranhão;20923,0;MARACAÇUMÉ;18087,21;347;43,0;2025-10-22;;
Oeste do Maranhão;20923,0;MARACAÇUMÉ;14170,68;254;19,0;2025-10-23;;
Oeste do Maranhão;20923,0;MARACAÇUMÉ;14922,26;282;27,0;2025-10-24;;
Oeste do Maranhão;20923,0;MARACAÇUMÉ;17255,8;296;36,0;2025-10-25;;
Oeste do Maranhão;20923,0;MARACAÇUMÉ;20711,2;411;36,0;2025-10-27;;
Oeste do Maranhão;20923,0;MARACAÇUMÉ;12932,96;241;25,0;2025-10-28;;
Oeste do Maranhão;20923,0;MARACAÇUMÉ;9831,69;124;10,0;2025-10-29;;
Oeste do Maranhão;20923,0;MARACAÇUMÉ;27154,93;434;44,0;2025-10-30;;
Oeste do Maranhão;20923,0;MARACAÇUMÉ;33833,1;541;65,0;2025-10-31;;
Oeste do Maranhão;20923,0;MARACAÇUMÉ;26623,35;419;33,0;2025-11-01;;
Oeste do Maranhão;20923,0;MARACAÇUMÉ;45230,79;861;68,0;2025-11-03;;
Oeste do Maranhão;20923,0;MARACAÇUMÉ;46152,43;818;69,0;2025-11-04;;
Oeste do Maranhão;20923,0;MARACAÇUMÉ;41203,32;588;44,0;2025-11-05;;
Oeste do Maranhão;20923,0;MARACAÇUMÉ;36466,76;611;39,0;2025-11-06;;
Oeste do Maranhão;20923,0;MARACAÇUMÉ;36495,67;483;24,0;2025-11-07;;
Oeste do Maranhão;20923,0;MARACAÇUMÉ;19706,31;303;33,0;2025-11-08;;
Oeste do Maranhão;20923,0;MARACAÇUMÉ;20986,71;326;28,0;2025-11-10;;
Oeste do Maranhão;20923,0;MARACAÇUMÉ;27907,95;523;41,0;2025-11-11;;
Oeste do Maranhão;20923,0;MARACAÇUMÉ;34684,54;640;48,0;2025-11-12;;
Oeste do Maranhão;20923,0;MARACAÇUMÉ;28490,66;482;37,0;2025-11-13;;
Oeste do Maranhão;20923,0;MARACAÇUMÉ;32975,82;662;43,0;2025-11-14;;
Oeste do Maranhão;20923,0;MARACAÇUMÉ;14696,73;225;25,0;2025-11-15;;
Oeste do Maranhão;20923,0;MARACAÇUMÉ;17371,47;281;30,0;2025-11-17;;
Oeste do Maranhão;20923,0;MARACAÇUMÉ;22152,15;397;45,0;2025-11-18;;
Oeste do Maranhão;20923,0;MARACAÇUMÉ;19933,24;364;31,0;2025-11-19;;
Oeste do Maranhão;20923,0;MARACAÇUMÉ;12391,84;208;14,0;2025-11-20;;
Oeste do Maranhão;20923,0;MARACAÇUMÉ;40121,32;579;43,0;2025-11-21;;
Oeste do Maranhão;20923,0;MARACAÇUMÉ;18582,49;300;29,0;2025-11-22;;
Oeste do Maranhão;20923,0;MARACAÇUMÉ;47257,79;666;49,0;2025-11-24;;
Oeste do Maranhão;20923,0;MARACAÇUMÉ;37169,52;589;36,0;2025-11-25;;
Oeste do Maranhão;20923,0;MARACAÇUMÉ;39466,08;606;42,0;2025-11-26;;
Oeste do Maranhão;20923,0;MARACAÇUMÉ;72302,09;1118;62,0;2025-11-27;;
Oeste do Maranhão;20923,0;MARACAÇUMÉ;45639,94;700;70,0;2025-11-28;;
Oeste do Maranhão;20923,0;MARACAÇUMÉ;30052,09;481;61,0;2025-11-29;;
Oeste do Maranhão;20923,0;MARACAÇUMÉ;25652,67;383;30,0;2025-11-30;;
Oeste do Maranhão;20923,0;MARACAÇUMÉ;22844,8;408;25,0;2025-12-01;;
Oeste do Maranhão;20923,0;MARACAÇUMÉ;32044,8;436;37,0;2025-12-02;;
Oeste do Maranhão;20923,0;MARACAÇUMÉ;23670,71;370;33,0;2025-12-03;;
Oeste do Maranhão;20923,0;MARACAÇUMÉ;42427,4;655;50,0;2025-12-04;;
Oeste do Maranhão;20923,0;MARACAÇUMÉ;17396,34;311;19,0;2025-12-05;;
Oeste do Maranhão;20923,0;MARACAÇUMÉ;28491,42;572;39,0;2025-12-06;;
Oeste do Maranhão;20923,0;MARACAÇUMÉ;20115,43;409;25,0;2025-12-08;;
Oeste do Maranhão;20923,0;MARACAÇUMÉ;19312,63;468;31,0;2025-12-09;;
Oeste do Maranhão;20923,0;MARACAÇUMÉ;30159,72;543;38,0;2025-12-10;;
Oeste do Maranhão;20923,0;MARACAÇUMÉ;24894,48;480;35,0;2025-12-11;;
Oeste do Maranhão;20923,0;MARACAÇUMÉ;20058,71;387;23,0;2025-12-12;;
Oeste do Maranhão;20923,0;MARACAÇUMÉ;13032,17;338;24,0;2025-12-13;;
Oeste do Maranhão;20923,0;MARACAÇUMÉ;28770,03;528;37,0;2025-12-15;;
Oeste do Maranhão;20923,0;MARACAÇUMÉ;25351,44;482;32,0;2025-12-16;;
Oeste do Maranhão;20923,0;MARACAÇUMÉ;20083,23;401;40,0;2025-12-17;;
Oeste do Maranhão;20923,0;MARACAÇUMÉ;30771,79;608;32,0;2025-12-18;;
Oeste do Maranhão;20923,0;MARACAÇUMÉ;31724,35;563;37,0;2025-12-19;;
Oeste do Maranhão;20923,0;MARACAÇUMÉ;32674,17;492;46,0;2025-12-20;;
Oeste do Maranhão;20923,0;MARACAÇUMÉ;4855,62;77;8,0;2025-12-21;;
Oeste do Maranhão;20923,0;MARACAÇUMÉ;21167,89;509;41,0;2025-12-22;;
Oeste do Maranhão;20923,0;MARACAÇUMÉ;38299,73;535;45,0;2025-12-23;;
Oeste do Maranhão;20923,0;MARACAÇUMÉ;19604,74;384;37,0;2025-12-24;;
Oeste do Maranhão;20923,0;MARACAÇUMÉ;45247,44;772;26,0;2025-12-26;;
Oeste do Maranhão;20923,0;MARACAÇUMÉ;19513,45;334;27,0;2025-12-27;;
Oeste do Maranhão;20923,0;MARACAÇUMÉ;46240,38;740;46,0;2025-12-29;;
Oeste do Maranhão;20923,0;MARACAÇUMÉ;38388,65;614;44,0;2025-12-30;;
Oeste do Maranhão;20923,0;MARACAÇUMÉ;30683,01;491;29,0;2025-12-31;;
São Luís;21124,0;MARAJÓ;47656,7;861;88,0;2025-01-02;;
São Luís;21124,0;MARAJÓ;55630,75;1173;115,0;2025-01-03;;
São Luís;21124,0;MARAJÓ;57550,55;1201;112,0;2025-01-04;;
São Luís;21124,0;MARAJÓ;84721,7;1684;148,0;2025-01-06;;
São Luís;21124,0;MARAJÓ;71988,9;1399;143,0;2025-01-07;;
São Luís;21124,0;MARAJÓ;98184,61;1839;165,0;2025-01-08;;
São Luís;21124,0;MARAJÓ;106582,16;2112;167,0;2025-01-09;;
São Luís;21124,0;MARAJÓ;89433,83;1681;175,0;2025-01-10;;
São Luís;21124,0;MARAJÓ;81975,69;1582;137,0;2025-01-11;;
São Luís;21124,0;MARAJÓ;81823,89;1390;153,0;2025-01-13;;
São Luís;21124,0;MARAJÓ;58676,68;924;115,0;2025-01-14;;
São Luís;21124,0;MARAJÓ;74374,84;1299;158,0;2025-01-15;;
São Luís;21124,0;MARAJÓ;138278,02;1994;204,0;2025-01-16;;
São Luís;21124,0;MARAJÓ;156544,59;2338;251,0;2025-01-17;;
São Luís;21124,0;MARAJÓ;79166,36;1251;152,0;2025-01-18;;
São Luís;21124,0;MARAJÓ;25130,53;384;55,0;2025-01-19;;
São Luís;21124,0;MARAJÓ;117053,4;1998;179,0;2025-01-20;;
São Luís;21124,0;MARAJÓ;138599,78;2319;209,0;2025-01-21;;
São Luís;21124,0;MARAJÓ;89265,02;1526;143,0;2025-01-22;;
São Luís;21124,0;MARAJÓ;64194,29;1107;115,0;2025-01-23;;
São Luís;21124,0;MARAJÓ;94244,44;1590;128,0;2025-01-24;;
São Luís;21124,0;MARAJÓ;92819,44;1638;129,0;2025-01-25;;
São Luís;21124,0;MARAJÓ;11597,22;210;24,0;2025-01-26;;
São Luís;21124,0;MARAJÓ;60691,97;1107;110,0;2025-01-27;;
São Luís;21124,0;MARAJÓ;95220,26;1718;166,0;2025-01-28;;
São Luís;21124,0;MARAJÓ;102893,98;1981;154,0;2025-01-29;;
São Luís;21124,0;MARAJÓ;78687,29;1432;126,0;2025-01-30;;
São Luís;21124,0;MARAJÓ;86431,28;1465;143,0;2025-01-31;;
São Luís;21124,0;MARAJÓ;67539,71;1185;105,0;2025-02-01;;
São Luís;21124,0;MARAJÓ;76845,48;1285;129,0;2025-02-03;;
São Luís;21124,0;MARAJÓ;92846,25;1543;154,0;2025-02-04;;
São Luís;21124,0;MARAJÓ;63726,08;993;101,0;2025-02-05;;
São Luís;21124,0;MARAJÓ;112621,22;1887;197,0;2025-02-06;;
São Luís;21124,0;MARAJÓ;115735,76;2008;197,0;2025-02-07;;
São Luís;21124,0;MARAJÓ;119248,62;1949;211,0;2025-02-08;;
São Luís;21124,0;MARAJÓ;137955,0;2424;218,0;2025-02-10;;
São Luís;21124,0;MARAJÓ;99650,5;1758;198,0;2025-02-11;;
São Luís;21124,0;MARAJÓ;112494,98;2057;195,0;2025-02-12;;
São Luís;21124,0;MARAJÓ;134773,44;2306;227,0;2025-02-13;;
São Luís;21124,0;MARAJÓ;110875,09;1961;139,0;2025-02-14;;
São Luís;21124,0;MARAJÓ;69397,77;1302;123,0;2025-02-15;;
São Luís;21124,0;MARAJÓ;14355,14;232;27,0;2025-02-16;;
São Luís;21124,0;MARAJÓ;46792,09;825;76,0;2025-02-17;;
São Luís;21124,0;MARAJÓ;61780,18;1105;87,0;2025-02-18;;
São Luís;21124,0;MARAJÓ;60066,53;1285;91,0;2025-02-19;;
São Luís;21124,0;MARAJÓ;71252,36;1539;124,0;2025-02-20;;
São Luís;21124,0;MARAJÓ;102835,81;2119;167,0;2025-02-21;;
São Luís;21124,0;MARAJÓ;104525,57;2100;159,0;2025-02-22;;
São Luís;21124,0;MARAJÓ;13863,42;275;27,0;2025-02-23;;
São Luís;21124,0;MARAJÓ;53073,39;994;84,0;2025-02-24;;
São Luís;21124,0;MARAJÓ;72550,39;1382;124,0;2025-02-25;;
São Luís;21124,0;MARAJÓ;74114,6;1359;144,0;2025-02-26;;
São Luís;21124,0;MARAJÓ;92165,24;1630;160,0;2025-02-27;;
São Luís;21124,0;MARAJÓ;122266,78;2094;207,0;2025-02-28;;
São Luís;21124,0;MARAJÓ;100197,81;1664;162,0;2025-03-01;;
São Luís;21124,0;MARAJÓ;84261,81;1676;127,0;2025-03-05;;
São Luís;21124,0;MARAJÓ;48538,3;801;82,0;2025-03-06;;
São Luís;21124,0;MARAJÓ;119358,54;2295;166,0;2025-03-07;;
São Luís;21124,0;MARAJÓ;112178,71;1961;158,0;2025-03-08;;
São Luís;21124,0;MARAJÓ;173019,58;3208;193,0;2025-03-10;;
São Luís;21124,0;MARAJÓ;149921,93;2782;203,0;2025-03-11;;
São Luís;21124,0;MARAJÓ;117164,88;2238;193,0;2025-03-12;;
São Luís;21124,0;MARAJÓ;128173,08;2534;191,0;2025-03-13;;
São Luís;21124,0;MARAJÓ;193337,05;2893;196,0;2025-03-14;;
São Luís;21124,0;MARAJÓ;210816,64;3270;226,0;2025-03-15;;
São Luís;21124,0;MARAJÓ;55,66;1;1,0;2025-03-16;;
São Luís;21124,0;MARAJÓ;105038,39;1640;147,0;2025-03-17;;
São Luís;21124,0;MARAJÓ;110566,48;1877;164,0;2025-03-18;;
São Luís;21124,0;MARAJÓ;113514,45;1800;177,0;2025-03-19;;
São Luís;21124,0;MARAJÓ;125868,01;1808;190,0;2025-03-20;;
São Luís;21124,0;MARAJÓ;88118,99;1330;165,0;2025-03-21;;
São Luís;21124,0;MARAJÓ;133994,42;1914;185,0;2025-03-22;;
São Luís;21124,0;MARAJÓ;22232,15;326;34,0;2025-03-23;;
São Luís;21124,0;MARAJÓ;92572,88;1636;157,0;2025-03-24;;
São Luís;21124,0;MARAJÓ;115923,49;1997;188,0;2025-03-25;;
São Luís;21124,0;MARAJÓ;88320,33;1473;135,0;2025-03-26;;
São Luís;21124,0;MARAJÓ;107219,18;1906;154,0;2025-03-27;;
São Luís;21124,0;MARAJÓ;95846,42;1947;155,0;2025-03-28;;
São Luís;21124,0;MARAJÓ;95498,15;1656;150,0;2025-03-29;;
São Luís;21124,0;MARAJÓ;17003,32;261;24,0;2025-03-30;;
São Luís;21124,0;MARAJÓ;101973,69;1786;155,0;2025-03-31;;
São Luís;21124,0;MARAJÓ;85058,99;1470;135,0;2025-04-01;;
São Luís;21124,0;MARAJÓ;102834,89;1899;163,0;2025-04-02;;
São Luís;21124,0;MARAJÓ;72705,53;1315;127,0;2025-04-03;;
São Luís;21124,0;MARAJÓ;112404,38;2076;188,0;2025-04-04;;
São Luís;21124,0;MARAJÓ;108781,92;2062;166,0;2025-04-05;;
São Luís;21124,0;MARAJÓ;104036,58;1849;162,0;2025-04-07;;
São Luís;21124,0;MARAJÓ;123111,71;2178;185,0;2025-04-08;;
São Luís;21124,0;MARAJÓ;111266,57;2060;169,0;2025-04-09;;
São Luís;21124,0;MARAJÓ;128310,21;2055;181,0;2025-04-10;;
São Luís;21124,0;MARAJÓ;143403,02;2236;205,0;2025-04-11;;
São Luís;21124,0;MARAJÓ;125319,46;2028;191,0;2025-04-12;;
São Luís;21124,0;MARAJÓ;26998,96;418;47,0;2025-04-13;;
São Luís;21124,0;MARAJÓ;133374,95;2432;214,0;2025-04-14;;
São Luís;21124,0;MARAJÓ;129404,82;2225;197,0;2025-04-15;;
São Luís;21124,0;MARAJÓ;109220,47;1961;165,0;2025-04-16;;
São Luís;21124,0;MARAJÓ;97374,5;1668;152,0;2025-04-17;;
São Luís;21124,0;MARAJÓ;64417,96;1065;91,0;2025-04-19;;
São Luís;21124,0;MARAJÓ;33401,14;576;45,0;2025-04-21;;
São Luís;21124,0;MARAJÓ;65970,68;1145;97,0;2025-04-22;;
São Luís;21124,0;MARAJÓ;123032,83;2075;158,0;2025-04-23;;
São Luís;21124,0;MARAJÓ;121184,51;2088;168,0;2025-04-24;;
São Luís;21124,0;MARAJÓ;134144,58;2093;165,0;2025-04-25;;
São Luís;21124,0;MARAJÓ;95909,3;1491;154,0;2025-04-26;;
São Luís;21124,0;MARAJÓ;10116,65;166;22,0;2025-04-27;;
São Luís;21124,0;MARAJÓ;100128,1;1537;141,0;2025-04-28;;
São Luís;21124,0;MARAJÓ;118263,3;1929;167,0;2025-04-29;;
São Luís;21124,0;MARAJÓ;124014,78;2072;183,0;2025-04-30;;
São Luís;21124,0;MARAJÓ;148637,1;2400;205,0;2025-05-02;;
São Luís;21124,0;MARAJÓ;144274,27;2288;188,0;2025-05-03;;
São Luís;21124,0;MARAJÓ;164856,88;2389;197,0;2025-05-05;;
São Luís;21124,0;MARAJÓ;163203,33;2378;213,0;2025-05-06;;
São Luís;21124,0;MARAJÓ;207870,23;2952;252,0;2025-05-07;;
São Luís;21124,0;MARAJÓ;253068,78;3728;328,0;2025-05-08;;
São Luís;21124,0;MARAJÓ;230421,73;3573;303,0;2025-05-09;;
São Luís;21124,0;MARAJÓ;221280,45;3155;327,0;2025-05-10;;
São Luís;21124,0;MARAJÓ;27193,63;439;52,0;2025-05-11;;
São Luís;21124,0;MARAJÓ;92579,12;1602;151,0;2025-05-12;;
São Luís;21124,0;MARAJÓ;151397,18;2480;190,0;2025-05-13;;
São Luís;21124,0;MARAJÓ;151354,33;2685;155,0;2025-05-14;;
São Luís;21124,0;MARAJÓ;112525,58;2072;167,0;2025-05-15;;
São Luís;21124,0;MARAJÓ;111396,43;2004;179,0;2025-05-16;;
São Luís;21124,0;MARAJÓ;123724,75;2212;152,0;2025-05-17;;
São Luís;21124,0;MARAJÓ;206829,36;3855;230,0;2025-05-19;;
São Luís;21124,0;MARAJÓ;159190,97;2954;209,0;2025-05-20;;
São Luís;21124,0;MARAJÓ;167763,73;2897;202,0;2025-05-21;;
São Luís;21124,0;MARAJÓ;181960,16;2800;246,0;2025-05-22;;
São Luís;21124,0;MARAJÓ;175457,3;2715;239,0;2025-05-23;;
São Luís;21124,0;MARAJÓ;169010,64;2690;229,0;2025-05-24;;
São Luís;21124,0;MARAJÓ;44139,46;703;61,0;2025-05-25;;
São Luís;21124,0;MARAJÓ;120043,17;2131;187,0;2025-05-26;;
São Luís;21124,0;MARAJÓ;97592,87;1770;190,0;2025-05-27;;
São Luís;21124,0;MARAJÓ;107207,9;2013;179,0;2025-05-28;;
São Luís;21124,0;MARAJÓ;55423,97;996;110,0;2025-05-29;;
São Luís;21124,0;MARAJÓ;93459,3;1616;146,0;2025-05-30;;
São Luís;21124,0;MARAJÓ;102395,82;1904;145,0;2025-05-31;;
São Luís;21124,0;MARAJÓ;48272,01;877;99,0;2025-06-02;;
São Luís;21124,0;MARAJÓ;70184,71;1252;127,0;2025-06-03;;
São Luís;21124,0;MARAJÓ;91221,98;1820;130,0;2025-06-04;;
São Luís;21124,0;MARAJÓ;128937,43;2597;172,0;2025-06-05;;
São Luís;21124,0;MARAJÓ;119172,07;2273;209,0;2025-06-06;;
São Luís;21124,0;MARAJÓ;129316,52;2498;200,0;2025-06-07;;
São Luís;21124,0;MARAJÓ;22128,79;353;39,0;2025-06-08;;
São Luís;21124,0;MARAJÓ;116248,12;1970;163,0;2025-06-09;;
São Luís;21124,0;MARAJÓ;139439,66;2230;229,0;2025-06-10;;
São Luís;21124,0;MARAJÓ;152022,75;2464;244,0;2025-06-11;;
São Luís;21124,0;MARAJÓ;136592,32;2196;243,0;2025-06-12;;
São Luís;21124,0;MARAJÓ;168964,78;3417;236,0;2025-06-13;;
São Luís;21124,0;MARAJÓ;162838,73;3112;214,0;2025-06-14;;
São Luís;21124,0;MARAJÓ;153903,27;2587;178,0;2025-06-16;;
São Luís;21124,0;MARAJÓ;124193,76;2183;186,0;2025-06-17;;
São Luís;21124,0;MARAJÓ;157949,27;2325;194,0;2025-06-18;;
São Luís;21124,0;MARAJÓ;57296,5;862;72,0;2025-06-19;;
São Luís;21124,0;MARAJÓ;99039,09;1511;162,0;2025-06-20;;
São Luís;21124,0;MARAJÓ;77255,07;1213;130,0;2025-06-21;;
São Luís;21124,0;MARAJÓ;20193,35;391;21,0;2025-06-22;;
São Luís;21124,0;MARAJÓ;136912,05;2158;200,0;2025-06-23;;
São Luís;21124,0;MARAJÓ;125908,24;2042;178,0;2025-06-24;;
São Luís;21124,0;MARAJÓ;95331,41;1556;159,0;2025-06-25;;
São Luís;21124,0;MARAJÓ;141120,97;2139;192,0;2025-06-26;;
São Luís;21124,0;MARAJÓ;109398,5;1635;185,0;2025-06-27;;
São Luís;21124,0;MARAJÓ;162645,18;2145;216,0;2025-06-28;;
São Luís;21124,0;MARAJÓ;124616,17;2187;167,0;2025-06-30;;
São Luís;21124,0;MARAJÓ;151496,06;2806;239,0;2025-07-01;;
São Luís;21124,0;MARAJÓ;110431,65;2166;163,0;2025-07-02;;
São Luís;21124,0;MARAJÓ;119428,37;2347;176,0;2025-07-03;;
São Luís;21124,0;MARAJÓ;112352,63;2117;185,0;2025-07-04;;
São Luís;21124,0;MARAJÓ;88841,38;1709;154,0;2025-07-05;;
São Luís;21124,0;MARAJÓ;108269,21;1995;162,0;2025-07-07;;
São Luís;21124,0;MARAJÓ;97738,57;1954;167,0;2025-07-08;;
São Luís;21124,0;MARAJÓ;106510,12;2114;175,0;2025-07-09;;
São Luís;21124,0;MARAJÓ;104350,73;1860;173,0;2025-07-10;;
São Luís;21124,0;MARAJÓ;119461,94;1990;194,0;2025-07-11;;
São Luís;21124,0;MARAJÓ;93331,49;1658;155,0;2025-07-12;;
São Luís;21124,0;MARAJÓ;81706,63;1595;138,0;2025-07-14;;
São Luís;21124,0;MARAJÓ;100210,23;1610;164,0;2025-07-15;;
São Luís;21124,0;MARAJÓ;114907,52;2109;164,0;2025-07-16;;
São Luís;21124,0;MARAJÓ;103917,76;1684;175,0;2025-07-17;;
São Luís;21124,0;MARAJÓ;123797,98;1920;183,0;2025-07-18;;
São Luís;21124,0;MARAJÓ;136569,66;1881;185,0;2025-07-19;;
São Luís;21124,0;MARAJÓ;23743,27;316;44,0;2025-07-20;;
São Luís;21124,0;MARAJÓ;130930,2;2564;207,0;2025-07-21;;
São Luís;21124,0;MARAJÓ;120522,02;2013;168,0;2025-07-22;;
São Luís;21124,0;MARAJÓ;89335,1;1865;157,0;2025-07-23;;
São Luís;21124,0;MARAJÓ;119665,75;1817;186,0;2025-07-24;;
São Luís;21124,0;MARAJÓ;84063,45;1292;128,0;2025-07-25;;
São Luís;21124,0;MARAJÓ;66339,19;956;106,0;2025-07-26;;
São Luís;21124,0;MARAJÓ;5560,76;105;13,0;2025-07-27;;
São Luís;21124,0;MARAJÓ;44356,02;658;54,0;2025-07-28;;
São Luís;21124,0;MARAJÓ;70468,67;1212;109,0;2025-07-29;;
São Luís;21124,0;MARAJÓ;104399,38;1897;143,0;2025-07-30;;
São Luís;21124,0;MARAJÓ;137628,51;2571;183,0;2025-07-31;;
São Luís;21124,0;MARAJÓ;68295,77;1067;92,0;2025-08-01;;
São Luís;21124,0;MARAJÓ;100643,61;1385;129,0;2025-08-02;;
São Luís;21124,0;MARAJÓ;167045,7;2540;229,0;2025-08-04;;
São Luís;21124,0;MARAJÓ;148844,01;2305;221,0;2025-08-05;;
São Luís;21124,0;MARAJÓ;147909,33;2343;206,0;2025-08-06;;
São Luís;21124,0;MARAJÓ;214857,03;3179;264,0;2025-08-07;;
São Luís;21124,0;MARAJÓ;258110,98;3493;324,0;2025-08-08;;
São Luís;21124,0;MARAJÓ;204850,91;2816;307,0;2025-08-09;;
São Luís;21124,0;MARAJÓ;20030,89;278;42,0;2025-08-10;;
São Luís;21124,0;MARAJÓ;154693,91;2898;212,0;2025-08-11;;
São Luís;21124,0;MARAJÓ;116046,3;2327;200,0;2025-08-12;;
São Luís;21124,0;MARAJÓ;90413,99;1999;133,0;2025-08-13;;
São Luís;21124,0;MARAJÓ;107053,04;2158;179,0;2025-08-14;;
São Luís;21124,0;MARAJÓ;99532,61;1899;168,0;2025-08-15;;
São Luís;21124,0;MARAJÓ;99836,86;1902;159,0;2025-08-16;;
São Luís;21124,0;MARAJÓ;7893,88;130;13,0;2025-08-17;;
São Luís;21124,0;MARAJÓ;63856,44;1246;120,0;2025-08-18;;
São Luís;21124,0;MARAJÓ;76344,54;1394;127,0;2025-08-19;;
São Luís;21124,0;MARAJÓ;84870,7;1541;137,0;2025-08-20;;
São Luís;21124,0;MARAJÓ;86717,76;1649;139,0;2025-08-21;;
São Luís;21124,0;MARAJÓ;67356,7;1188;127,0;2025-08-22;;
São Luís;21124,0;MARAJÓ;81340,45;1415;128,0;2025-08-23;;
São Luís;21124,0;MARAJÓ;78890,22;1500;144,0;2025-08-25;;
São Luís;21124,0;MARAJÓ;70626,89;1372;142,0;2025-08-26;;
São Luís;21124,0;MARAJÓ;89585,34;1758;150,0;2025-08-27;;
São Luís;21124,0;MARAJÓ;81192,3;1833;271,0;2025-08-28;;
São Luís;21124,0;MARAJÓ;81088,04;1671;155,0;2025-08-29;;
São Luís;21124,0;MARAJÓ;117787,86;2031;175,0;2025-08-30;;
São Luís;21124,0;MARAJÓ;33750,89;670;42,0;2025-08-31;;
São Luís;21124,0;MARAJÓ;92296,64;2023;169,0;2025-09-01;;
São Luís;21124,0;MARAJÓ;107838,33;2285;191,0;2025-09-02;;
São Luís;21124,0;MARAJÓ;84984,38;1834;143,0;2025-09-03;;
São Luís;21124,0;MARAJÓ;88070,18;1892;131,0;2025-09-04;;
São Luís;21124,0;MARAJÓ;192295,31;3337;232,0;2025-09-05;;
São Luís;21124,0;MARAJÓ;140330,93;2566;202,0;2025-09-06;;
São Luís;21124,0;MARAJÓ;41422,47;690;54,0;2025-09-08;;
São Luís;21124,0;MARAJÓ;108173,91;1816;152,0;2025-09-09;;
São Luís;21124,0;MARAJÓ;140790,78;2468;209,0;2025-09-10;;
São Luís;21124,0;MARAJÓ;151210,01;2454;212,0;2025-09-11;;
São Luís;21124,0;MARAJÓ;172581,84;2799;226,0;2025-09-12;;
São Luís;21124,0;MARAJÓ;144667,25;2338;196,0;2025-09-13;;
São Luís;21124,0;MARAJÓ;100041,35;1685;158,0;2025-09-15;;
São Luís;21124,0;MARAJÓ;122223,59;2033;186,0;2025-09-16;;
São Luís;21124,0;MARAJÓ;142607,74;2615;194,0;2025-09-17;;
São Luís;21124,0;MARAJÓ;116602,0;2050;172,0;2025-09-18;;
São Luís;21124,0;MARAJÓ;111393,88;1801;181,0;2025-09-19;;
São Luís;21124,0;MARAJÓ;123552,89;1944;187,0;2025-09-20;;
São Luís;21124,0;MARAJÓ;23712,76;326;34,0;2025-09-21;;
São Luís;21124,0;MARAJÓ;189078,56;3517;192,0;2025-09-22;;
São Luís;21124,0;MARAJÓ;121484,43;2515;207,0;2025-09-23;;
São Luís;21124,0;MARAJÓ;92448,51;2141;143,0;2025-09-24;;
São Luís;21124,0;MARAJÓ;83016,43;1839;125,0;2025-09-25;;
São Luís;21124,0;MARAJÓ;114422,74;2394;155,0;2025-09-26;;
São Luís;21124,0;MARAJÓ;100888,24;2088;146,0;2025-09-27;;
São Luís;21124,0;MARAJÓ;10445,67;227;21,0;2025-09-28;;
São Luís;21124,0;MARAJÓ;110211,7;1951;122,0;2025-09-29;;
São Luís;21124,0;MARAJÓ;140788,94;2233;156,0;2025-09-30;;
São Luís;21124,0;MARAJÓ;82562,39;1241;126,0;2025-10-01;;
São Luís;21124,0;MARAJÓ;103544,62;1614;144,0;2025-10-02;;
São Luís;21124,0;MARAJÓ;172643,87;2943;168,0;2025-10-03;;
São Luís;21124,0;MARAJÓ;140567,6;2516;185,0;2025-10-04;;
São Luís;21124,0;MARAJÓ;117528,85;1921;147,0;2025-10-06;;
São Luís;21124,0;MARAJÓ;133900,01;1988;206,0;2025-10-07;;
São Luís;21124,0;MARAJÓ;138508,84;2241;190,0;2025-10-08;;
São Luís;21124,0;MARAJÓ;123718,53;1871;172,0;2025-10-09;;
São Luís;21124,0;MARAJÓ;141004,32;2233;206,0;2025-10-10;;
São Luís;21124,0;MARAJÓ;134450,05;1895;175,0;2025-10-11;;
São Luís;21124,0;MARAJÓ;146516,48;2525;180,0;2025-10-13;;
São Luís;21124,0;MARAJÓ;127157,2;2339;228,0;2025-10-14;;
São Luís;21124,0;MARAJÓ;65796,75;1487;124,0;2025-10-15;;
São Luís;21124,0;MARAJÓ;91929,45;1953;147,0;2025-10-16;;
São Luís;21124,0;MARAJÓ;82615,78;1827;144,0;2025-10-17;;
São Luís;21124,0;MARAJÓ;106743,63;2133;146,0;2025-10-18;;
São Luís;21124,0;MARAJÓ;14617,34;302;23,0;2025-10-19;;
São Luís;21124,0;MARAJÓ;88355,32;1618;149,0;2025-10-21;;
São Luís;21124,0;MARAJÓ;88218,51;1375;127,0;2025-10-22;;
São Luís;21124,0;MARAJÓ;79739,77;1466;133,0;2025-10-23;;
São Luís;21124,0;MARAJÓ;111770,44;2002;170,0;2025-10-24;;
São Luís;21124,0;MARAJÓ;95085,01;1356;127,0;2025-10-25;;
São Luís;21124,0;MARAJÓ;74064,64;1027;118,0;2025-10-27;;
São Luís;21124,0;MARAJÓ;95148,92;1245;129,0;2025-10-28;;
São Luís;21124,0;MARAJÓ;71286,99;1286;86,0;2025-10-29;;
São Luís;21124,0;MARAJÓ;155693,07;2462;229,0;2025-10-30;;
São Luís;21124,0;MARAJÓ;136342,11;1999;204,0;2025-10-31;;
São Luís;21124,0;MARAJÓ;157467,99;2541;223,0;2025-11-01;;
São Luís;21124,0;MARAJÓ;167814,1;3298;277,0;2025-11-03;;
São Luís;21124,0;MARAJÓ;149617,35;2654;261,0;2025-11-04;;
São Luís;21124,0;MARAJÓ;137646,9;2180;205,0;2025-11-05;;
São Luís;21124,0;MARAJÓ;135419,8;2159;207,0;2025-11-06;;
São Luís;21124,0;MARAJÓ;154911,58;3297;221,0;2025-11-07;;
São Luís;21124,0;MARAJÓ;127278,69;2066;193,0;2025-11-08;;
São Luís;21124,0;MARAJÓ;109454,64;1788;181,0;2025-11-10;;
São Luís;21124,0;MARAJÓ;123941,86;2581;215,0;2025-11-11;;
São Luís;21124,0;MARAJÓ;156253,92;2761;235,0;2025-11-12;;
São Luís;21124,0;MARAJÓ;149425,33;2660;238,0;2025-11-13;;
São Luís;21124,0;MARAJÓ;141331,31;2736;229,0;2025-11-14;;
São Luís;21124,0;MARAJÓ;90208,34;1792;138,0;2025-11-15;;
São Luís;21124,0;MARAJÓ;28718,52;451;45,0;2025-11-16;;
São Luís;21124,0;MARAJÓ;90000,95;1540;159,0;2025-11-17;;
São Luís;21124,0;MARAJÓ;96180,27;1712;176,0;2025-11-18;;
São Luís;21124,0;MARAJÓ;134036,21;2174;206,0;2025-11-19;;
São Luís;21124,0;MARAJÓ;131858,38;2040;151,0;2025-11-20;;
São Luís;21124,0;MARAJÓ;138525,97;2195;199,0;2025-11-21;;
São Luís;21124,0;MARAJÓ;121518,61;1912;191,0;2025-11-22;;
São Luís;21124,0;MARAJÓ;18238,17;292;29,0;2025-11-23;;
São Luís;21124,0;MARAJÓ;85384,16;1419;150,0;2025-11-24;;
São Luís;21124,0;MARAJÓ;113244,35;1857;177,0;2025-11-25;;
São Luís;21124,0;MARAJÓ;113867,17;2491;162,0;2025-11-26;;
São Luís;21124,0;MARAJÓ;227884,24;5059;258,0;2025-11-27;;
São Luís;21124,0;MARAJÓ;208477,6;4744;300,0;2025-11-28;;
São Luís;21124,0;MARAJÓ;159768,82;2775;227,0;2025-11-29;;
São Luís;21124,0;MARAJÓ;62442,43;1039;94,0;2025-11-30;;
São Luís;21124,0;MARAJÓ;96059,0;1799;158,0;2025-12-01;;
São Luís;21124,0;MARAJÓ;138156,38;2701;223,0;2025-12-02;;
São Luís;21124,0;MARAJÓ;128508,61;2305;203,0;2025-12-03;;
São Luís;21124,0;MARAJÓ;130466,07;2439;212,0;2025-12-04;;
São Luís;21124,0;MARAJÓ;101673,13;2409;147,0;2025-12-05;;
São Luís;21124,0;MARAJÓ;103782,16;2421;133,0;2025-12-06;;
São Luís;21124,0;MARAJÓ;50414,02;1159;74,0;2025-12-08;;
São Luís;21124,0;MARAJÓ;99657,48;2092;161,0;2025-12-09;;
São Luís;21124,0;MARAJÓ;129624,08;2644;169,0;2025-12-10;;
São Luís;21124,0;MARAJÓ;130062,8;2489;168,0;2025-12-11;;
São Luís;21124,0;MARAJÓ;168929,8;2978;195,0;2025-12-12;;
São Luís;21124,0;MARAJÓ;157398,28;3025;187,0;2025-12-13;;
São Luís;21124,0;MARAJÓ;164747,13;2949;224,0;2025-12-15;;
São Luís;21124,0;MARAJÓ;147584,01;2697;223,0;2025-12-16;;
São Luís;21124,0;MARAJÓ;152839,42;2881;204,0;2025-12-17;;
São Luís;21124,0;MARAJÓ;127785,21;2396;219,0;2025-12-18;;
São Luís;21124,0;MARAJÓ;117461,69;1894;186,0;2025-12-19;;
São Luís;21124,0;MARAJÓ;168191,67;2663;229,0;2025-12-20;;
São Luís;21124,0;MARAJÓ;28727,14;412;43,0;2025-12-21;;
São Luís;21124,0;MARAJÓ;138209,66;2084;194,0;2025-12-22;;
São Luís;21124,0;MARAJÓ;134610,85;2164;235,0;2025-12-23;;
São Luís;21124,0;MARAJÓ;72591,14;1024;140,0;2025-12-24;;
São Luís;21124,0;MARAJÓ;158011,28;2828;191,0;2025-12-26;;
São Luís;21124,0;MARAJÓ;145072,82;2622;214,0;2025-12-27;;
São Luís;21124,0;MARAJÓ;27341,89;523;49,0;2025-12-28;;
São Luís;21124,0;MARAJÓ;143549,2;2398;196,0;2025-12-29;;
São Luís;21124,0;MARAJÓ;104048,16;1875;181,0;2025-12-30;;
São Luís;21124,0;MARAJÓ;51459,14;904;89,0;2025-12-31;;
Total;;;;;;;;
Natal;21736,0;NEVALDO ROCHA;49724,59;711;78,0;2025-01-02;;
Natal;21736,0;NEVALDO ROCHA;73672,52;1058;116,0;2025-01-03;;
Natal;21736,0;NEVALDO ROCHA;72789,85;1063;96,0;2025-01-04;;
Natal;21736,0;NEVALDO ROCHA;105302,36;1473;162,0;2025-01-07;;
Natal;21736,0;NEVALDO ROCHA;84476,12;1183;126,0;2025-01-08;;
Natal;21736,0;NEVALDO ROCHA;96881,59;1392;154,0;2025-01-09;;
Natal;21736,0;NEVALDO ROCHA;106548,06;1568;179,0;2025-01-10;;
Natal;21736,0;NEVALDO ROCHA;59643,09;876;113,0;2025-01-11;;
Natal;21736,0;NEVALDO ROCHA;73941,66;1126;117,0;2025-01-13;;
Natal;21736,0;NEVALDO ROCHA;70185,4;1070;120,0;2025-01-14;;
Natal;21736,0;NEVALDO ROCHA;57912,55;939;134,0;2025-01-15;;
Natal;21736,0;NEVALDO ROCHA;260800,61;2986;212,0;2025-01-16;;
Natal;21736,0;NEVALDO ROCHA;105262,79;1382;165,0;2025-01-17;;
Natal;21736,0;NEVALDO ROCHA;73750,6;975;122,0;2025-01-18;;
Natal;21736,0;NEVALDO ROCHA;20203,56;274;26,0;2025-01-19;;
Natal;21736,0;NEVALDO ROCHA;215713,9;3667;153,0;2025-01-20;;
Natal;21736,0;NEVALDO ROCHA;129324,6;2211;160,0;2025-01-21;;
Natal;21736,0;NEVALDO ROCHA;95124,26;1416;110,0;2025-01-22;;
Natal;21736,0;NEVALDO ROCHA;78443,82;1313;119,0;2025-01-23;;
Natal;21736,0;NEVALDO ROCHA;96364,97;1591;119,0;2025-01-24;;
Natal;21736,0;NEVALDO ROCHA;82174,75;1303;80,0;2025-01-25;;
Natal;21736,0;NEVALDO ROCHA;80206,61;1203;94,0;2025-01-27;;
Natal;21736,0;NEVALDO ROCHA;80401,93;1203;104,0;2025-01-28;;
Natal;21736,0;NEVALDO ROCHA;79833,13;1204;119,0;2025-01-29;;
Natal;21736,0;NEVALDO ROCHA;95829,69;1400;137,0;2025-01-30;;
Natal;21736,0;NEVALDO ROCHA;79975,69;1209;111,0;2025-01-31;;
Natal;21736,0;NEVALDO ROCHA;65763,74;985;91,0;2025-02-01;;
Natal;21736,0;NEVALDO ROCHA;65086,68;1024;118,0;2025-02-03;;
Natal;21736,0;NEVALDO ROCHA;99841,27;1461;128,0;2025-02-04;;
Natal;21736,0;NEVALDO ROCHA;117939,4;1780;163,0;2025-02-05;;
Natal;21736,0;NEVALDO ROCHA;122525,08;1753;136,0;2025-02-06;;
Natal;21736,0;NEVALDO ROCHA;136313,32;2075;191,0;2025-02-07;;
Natal;21736,0;NEVALDO ROCHA;108027,63;1498;129,0;2025-02-08;;
Natal;21736,0;NEVALDO ROCHA;248513,29;3187;241,0;2025-02-10;;
Natal;21736,0;NEVALDO ROCHA;139744,34;2112;177,0;2025-02-11;;
Natal;21736,0;NEVALDO ROCHA;134065,68;2181;171,0;2025-02-12;;
Natal;21736,0;NEVALDO ROCHA;107889,51;1745;182,0;2025-02-13;;
Natal;21736,0;NEVALDO ROCHA;71143,13;1143;132,0;2025-02-14;;
Natal;21736,0;NEVALDO ROCHA;52884,99;828;95,0;2025-02-15;;
Natal;21736,0;NEVALDO ROCHA;83171,58;1152;112,0;2025-02-17;;
Natal;21736,0;NEVALDO ROCHA;54540,08;971;107,0;2025-02-18;;
Natal;21736,0;NEVALDO ROCHA;42670,05;735;87,0;2025-02-19;;
Natal;21736,0;NEVALDO ROCHA;93093,45;1235;117,0;2025-02-20;;
Natal;21736,0;NEVALDO ROCHA;76323,13;1324;123,0;2025-02-21;;
Natal;21736,0;NEVALDO ROCHA;73084,62;1135;121,0;2025-02-22;;
Natal;21736,0;NEVALDO ROCHA;54677,78;833;94,0;2025-02-24;;
Natal;21736,0;NEVALDO ROCHA;56273,59;892;116,0;2025-02-25;;
Natal;21736,0;NEVALDO ROCHA;84505,95;1367;145,0;2025-02-26;;
Natal;21736,0;NEVALDO ROCHA;73745,8;1143;145,0;2025-02-27;;
Natal;21736,0;NEVALDO ROCHA;60535,24;1045;139,0;2025-02-28;;
Natal;21736,0;NEVALDO ROCHA;46576,94;883;78,0;2025-03-01;;
Natal;21736,0;NEVALDO ROCHA;178851,4;3522;155,0;2025-03-05;;
Natal;21736,0;NEVALDO ROCHA;117983,3;2191;146,0;2025-03-06;;
Natal;21736,0;NEVALDO ROCHA;84551,75;1608;124,0;2025-03-07;;
Natal;21736,0;NEVALDO ROCHA;81105,5;1535;118,0;2025-03-08;;
Natal;21736,0;NEVALDO ROCHA;431707,4;5031;170,0;2025-03-10;;
Natal;21736,0;NEVALDO ROCHA;132969,01;2006;137,0;2025-03-11;;
Natal;21736,0;NEVALDO ROCHA;172260,01;2465;155,0;2025-03-12;;
Natal;21736,0;NEVALDO ROCHA;80715,01;1395;136,0;2025-03-13;;
Natal;21736,0;NEVALDO ROCHA;279698,88;3664;216,0;2025-03-14;;
Natal;21736,0;NEVALDO ROCHA;129828,01;1991;140,0;2025-03-15;;
Natal;21736,0;NEVALDO ROCHA;65611,02;986;101,0;2025-03-17;;
Natal;21736,0;NEVALDO ROCHA;111381,94;1552;118,0;2025-03-18;;
Natal;21736,0;NEVALDO ROCHA;111620,63;1635;131,0;2025-03-19;;
Natal;21736,0;NEVALDO ROCHA;104892,17;1744;137,0;2025-03-20;;
Natal;21736,0;NEVALDO ROCHA;94805,68;1487;136,0;2025-03-21;;
Natal;21736,0;NEVALDO ROCHA;105467,27;1443;125,0;2025-03-22;;
Natal;21736,0;NEVALDO ROCHA;224593,02;3760;192,0;2025-03-24;;
Natal;21736,0;NEVALDO ROCHA;164995,58;2445;179,0;2025-03-25;;
Natal;21736,0;NEVALDO ROCHA;69853,02;1145;117,0;2025-03-26;;
Natal;21736,0;NEVALDO ROCHA;147350,29;2026;146,0;2025-03-27;;
Natal;21736,0;NEVALDO ROCHA;102474,69;1533;159,0;2025-03-28;;
Natal;21736,0;NEVALDO ROCHA;81871,85;1307;123,0;2025-03-29;;
Natal;21736,0;NEVALDO ROCHA;90156,06;1321;128,0;2025-03-31;;
Natal;21736,0;NEVALDO ROCHA;119794,29;1858;176,0;2025-04-01;;
Natal;21736,0;NEVALDO ROCHA;97961,37;1509;135,0;2025-04-02;;
Natal;21736,0;NEVALDO ROCHA;101084,31;1479;182,0;2025-04-03;;
Natal;21736,0;NEVALDO ROCHA;112584,53;2222;159,0;2025-04-04;;
Natal;21736,0;NEVALDO ROCHA;101865,11;1716;150,0;2025-04-05;;
Natal;21736,0;NEVALDO ROCHA;79060,3;1178;131,0;2025-04-07;;
Natal;21736,0;NEVALDO ROCHA;94672,74;1438;150,0;2025-04-08;;
Natal;21736,0;NEVALDO ROCHA;86638,36;1309;163,0;2025-04-09;;
Natal;21736,0;NEVALDO ROCHA;78328,22;1019;139,0;2025-04-10;;
Natal;21736,0;NEVALDO ROCHA;107433,84;1541;163,0;2025-04-11;;
Natal;21736,0;NEVALDO ROCHA;105265,02;1424;144,0;2025-04-12;;
Natal;21736,0;NEVALDO ROCHA;9618,63;111;14,0;2025-04-13;;
Natal;21736,0;NEVALDO ROCHA;236270,6;3846;251,0;2025-04-14;;
Natal;21736,0;NEVALDO ROCHA;106042,16;2550;177,0;2025-04-15;;
Natal;21736,0;NEVALDO ROCHA;97462,76;1642;132,0;2025-04-16;;
Natal;21736,0;NEVALDO ROCHA;100359,12;1598;139,0;2025-04-17;;
Natal;21736,0;NEVALDO ROCHA;64395,83;1061;77,0;2025-04-19;;
Natal;21736,0;NEVALDO ROCHA;24511,92;372;22,0;2025-04-21;;
Natal;21736,0;NEVALDO ROCHA;95767,37;1594;117,0;2025-04-22;;
Natal;21736,0;NEVALDO ROCHA;84786,89;1366;122,0;2025-04-23;;
Natal;21736,0;NEVALDO ROCHA;86297,98;1293;116,0;2025-04-24;;
Natal;21736,0;NEVALDO ROCHA;82534,39;1183;131,0;2025-04-25;;
Natal;21736,0;NEVALDO ROCHA;93026,17;1394;126,0;2025-04-26;;
Natal;21736,0;NEVALDO ROCHA;97333,0;1448;120,0;2025-04-28;;
Natal;21736,0;NEVALDO ROCHA;58813,15;826;95,0;2025-04-29;;
Natal;21736,0;NEVALDO ROCHA;84687,92;1313;132,0;2025-04-30;;
Natal;21736,0;NEVALDO ROCHA;107168,91;1534;170,0;2025-05-02;;
Natal;21736,0;NEVALDO ROCHA;91915,44;1389;131,0;2025-05-03;;
Natal;21736,0;NEVALDO ROCHA;116531,14;1616;149,0;2025-05-05;;
Natal;21736,0;NEVALDO ROCHA;108133,9;1654;167,0;2025-05-06;;
Natal;21736,0;NEVALDO ROCHA;144498,39;2036;195,0;2025-05-07;;
Natal;21736,0;NEVALDO ROCHA;136947,34;1908;198,0;2025-05-08;;
Natal;21736,0;NEVALDO ROCHA;165924,99;2262;236,0;2025-05-09;;
Natal;21736,0;NEVALDO ROCHA;120913,09;1655;202,0;2025-05-10;;
Natal;21736,0;NEVALDO ROCHA;6709,9;88;10,0;2025-05-11;;
Natal;21736,0;NEVALDO ROCHA;378353,92;6174;168,0;2025-05-12;;
Natal;21736,0;NEVALDO ROCHA;114542,15;1934;169,0;2025-05-13;;
Natal;21736,0;NEVALDO ROCHA;90431,83;1474;135,0;2025-05-14;;
Natal;21736,0;NEVALDO ROCHA;80247,27;1334;115,0;2025-05-15;;
Natal;21736,0;NEVALDO ROCHA;80090,45;1384;117,0;2025-05-16;;
Natal;21736,0;NEVALDO ROCHA;60955,74;1022;104,0;2025-05-17;;
Natal;21736,0;NEVALDO ROCHA;195288,78;2771;169,0;2025-05-19;;
Natal;21736,0;NEVALDO ROCHA;153662,9;2637;171,0;2025-05-20;;
Natal;21736,0;NEVALDO ROCHA;123845,51;2035;141,0;2025-05-21;;
Natal;21736,0;NEVALDO ROCHA;232747,05;3513;157,0;2025-05-22;;
Natal;21736,0;NEVALDO ROCHA;182865,09;3144;170,0;2025-05-23;;
Natal;21736,0;NEVALDO ROCHA;146148,61;2870;152,0;2025-05-24;;
Natal;21736,0;NEVALDO ROCHA;10307,7;210;19,0;2025-05-25;;
Natal;21736,0;NEVALDO ROCHA;103564,35;2043;156,0;2025-05-26;;
Natal;21736,0;NEVALDO ROCHA;100379,97;1944;144,0;2025-05-27;;
Natal;21736,0;NEVALDO ROCHA;73789,69;1585;129,0;2025-05-28;;
Natal;21736,0;NEVALDO ROCHA;81906,69;1533;130,0;2025-05-29;;
Natal;21736,0;NEVALDO ROCHA;58603,59;1180;98,0;2025-05-30;;
Natal;21736,0;NEVALDO ROCHA;66313,99;1398;111,0;2025-05-31;;
Natal;21736,0;NEVALDO ROCHA;52969,71;1049;92,0;2025-06-02;;
Natal;21736,0;NEVALDO ROCHA;57828,14;1114;114,0;2025-06-03;;
Natal;21736,0;NEVALDO ROCHA;55960,89;1003;103,0;2025-06-04;;
Natal;21736,0;NEVALDO ROCHA;132007,15;2519;162,0;2025-06-05;;
Natal;21736,0;NEVALDO ROCHA;89782,42;1666;171,0;2025-06-06;;
Natal;21736,0;NEVALDO ROCHA;69081,3;1154;122,0;2025-06-07;;
Natal;21736,0;NEVALDO ROCHA;75356,08;1333;151,0;2025-06-09;;
Natal;21736,0;NEVALDO ROCHA;102126,51;1863;167,0;2025-06-10;;
Natal;21736,0;NEVALDO ROCHA;113806,64;1916;193,0;2025-06-11;;
Natal;21736,0;NEVALDO ROCHA;108241,42;1860;229,0;2025-06-12;;
Natal;21736,0;NEVALDO ROCHA;340174,74;5706;253,0;2025-06-13;;
Natal;21736,0;NEVALDO ROCHA;166257,26;2940;191,0;2025-06-14;;
Natal;21736,0;NEVALDO ROCHA;162439,17;2380;168,0;2025-06-16;;
Natal;21736,0;NEVALDO ROCHA;91949,41;1484;133,0;2025-06-17;;
Natal;21736,0;NEVALDO ROCHA;94484,67;1429;104,0;2025-06-18;;
Natal;21736,0;NEVALDO ROCHA;46976,7;847;53,0;2025-06-19;;
Natal;21736,0;NEVALDO ROCHA;88877,16;1536;134,0;2025-06-20;;
Natal;21736,0;NEVALDO ROCHA;70444,48;1008;82,0;2025-06-21;;
Natal;21736,0;NEVALDO ROCHA;204499,68;2465;183,0;2025-06-23;;
Natal;21736,0;NEVALDO ROCHA;95269,41;1271;123,0;2025-06-24;;
Natal;21736,0;NEVALDO ROCHA;81583,92;1159;132,0;2025-06-25;;
Natal;21736,0;NEVALDO ROCHA;89798,9;1335;137,0;2025-06-26;;
Natal;21736,0;NEVALDO ROCHA;112259,43;1576;123,0;2025-06-27;;
Natal;21736,0;NEVALDO ROCHA;69616,03;948;91,0;2025-06-28;;
Natal;21736,0;NEVALDO ROCHA;25542,71;406;29,0;2025-06-29;;
Natal;21736,0;NEVALDO ROCHA;321672,47;4835;188,0;2025-06-30;;
Natal;21736,0;NEVALDO ROCHA;127028,24;1929;186,0;2025-07-01;;
Natal;21736,0;NEVALDO ROCHA;107724,2;1755;133,0;2025-07-02;;
Natal;21736,0;NEVALDO ROCHA;91743,41;1563;141,0;2025-07-03;;
Natal;21736,0;NEVALDO ROCHA;89675,26;1455;146,0;2025-07-04;;
Natal;21736,0;NEVALDO ROCHA;78285,83;1322;111,0;2025-07-05;;
Natal;21736,0;NEVALDO ROCHA;106842,22;1572;117,0;2025-07-07;;
Natal;21736,0;NEVALDO ROCHA;109675,41;1643;146,0;2025-07-08;;
Natal;21736,0;NEVALDO ROCHA;72597,54;1229;106,0;2025-07-09;;
Natal;21736,0;NEVALDO ROCHA;126780,93;1870;107,0;2025-07-10;;
Natal;21736,0;NEVALDO ROCHA;94810,67;1537;120,0;2025-07-11;;
Natal;21736,0;NEVALDO ROCHA;85242,71;1483;130,0;2025-07-12;;
Natal;21736,0;NEVALDO ROCHA;53362,28;838;84,0;2025-07-14;;
Natal;21736,0;NEVALDO ROCHA;440624,88;9122;348,0;2025-07-16;;
Natal;21736,0;NEVALDO ROCHA;256788,81;4391;243,0;2025-07-17;;
Natal;21736,0;NEVALDO ROCHA;134215,85;2999;246,0;2025-07-18;;
Natal;21736,0;NEVALDO ROCHA;94726,13;2040;169,0;2025-07-19;;
Natal;21736,0;NEVALDO ROCHA;409543,37;7794;249,0;2025-07-21;;
Natal;21736,0;NEVALDO ROCHA;172376,14;3358;199,0;2025-07-22;;
Natal;21736,0;NEVALDO ROCHA;122374,22;3071;186,0;2025-07-23;;
Natal;21736,0;NEVALDO ROCHA;115628,38;2441;192,0;2025-07-24;;
Natal;21736,0;NEVALDO ROCHA;115320,26;2788;167,0;2025-07-25;;
Natal;21736,0;NEVALDO ROCHA;86868,35;1802;123,0;2025-07-26;;
Natal;21736,0;NEVALDO ROCHA;109468,22;2341;138,0;2025-07-28;;
Natal;21736,0;NEVALDO ROCHA;92009,22;1996;155,0;2025-07-29;;
Natal;21736,0;NEVALDO ROCHA;117725,54;2152;166,0;2025-07-30;;
Natal;21736,0;NEVALDO ROCHA;102215,82;2111;152,0;2025-07-31;;
Natal;21736,0;NEVALDO ROCHA;113508,15;2380;169,0;2025-08-01;;
Natal;21736,0;NEVALDO ROCHA;110117,69;1960;162,0;2025-08-02;;
Natal;21736,0;NEVALDO ROCHA;118131,45;2153;181,0;2025-08-04;;
Natal;21736,0;NEVALDO ROCHA;134025,17;2538;207,0;2025-08-05;;
Natal;21736,0;NEVALDO ROCHA;212342,78;4587;237,0;2025-08-06;;
Natal;21736,0;NEVALDO ROCHA;178454,0;3292;265,0;2025-08-07;;
Natal;21736,0;NEVALDO ROCHA;147766,36;2820;271,0;2025-08-08;;
Natal;21736,0;NEVALDO ROCHA;131369,59;2523;218,0;2025-08-09;;
Natal;21736,0;NEVALDO ROCHA;302264,64;5821;195,0;2025-08-11;;
Natal;21736,0;NEVALDO ROCHA;102676,03;2203;170,0;2025-08-12;;
Natal;21736,0;NEVALDO ROCHA;197188,07;3224;185,0;2025-08-13;;
Natal;21736,0;NEVALDO ROCHA;93534,45;2013;164,0;2025-08-14;;
Natal;21736,0;NEVALDO ROCHA;79925,26;1825;146,0;2025-08-15;;
Natal;21736,0;NEVALDO ROCHA;90051,93;2011;138,0;2025-08-16;;
Natal;21736,0;NEVALDO ROCHA;76857,21;1794;133,0;2025-08-18;;
Natal;21736,0;NEVALDO ROCHA;116316,44;2392;160,0;2025-08-19;;
Natal;21736,0;NEVALDO ROCHA;114346,68;2450;149,0;2025-08-20;;
Natal;21736,0;NEVALDO ROCHA;105143,4;2306;161,0;2025-08-21;;
Natal;21736,0;NEVALDO ROCHA;88398,33;1716;150,0;2025-08-22;;
Natal;21736,0;NEVALDO ROCHA;62723,85;1325;120,0;2025-08-23;;
Natal;21736,0;NEVALDO ROCHA;67063,83;1386;125,0;2025-08-25;;
Natal;21736,0;NEVALDO ROCHA;119615,41;2785;163,0;2025-08-26;;
Natal;21736,0;NEVALDO ROCHA;207950,22;4558;410,0;2025-08-27;;
Natal;21736,0;NEVALDO ROCHA;150097,5;3060;340,0;2025-08-28;;
Natal;21736,0;NEVALDO ROCHA;130878,04;2365;182,0;2025-08-29;;
Natal;21736,0;NEVALDO ROCHA;86752,19;1743;137,0;2025-08-30;;
Natal;21736,0;NEVALDO ROCHA;256393,47;4652;216,0;2025-09-01;;
Natal;21736,0;NEVALDO ROCHA;247981,66;3712;212,0;2025-09-02;;
Natal;21736,0;NEVALDO ROCHA;114175,52;2531;160,0;2025-09-03;;
Natal;21736,0;NEVALDO ROCHA;108701,01;2225;163,0;2025-09-04;;
Natal;21736,0;NEVALDO ROCHA;346408,78;5634;328,0;2025-09-05;;
Natal;21736,0;NEVALDO ROCHA;117207,81;2206;180,0;2025-09-06;;
Natal;21736,0;NEVALDO ROCHA;123673,93;2138;180,0;2025-09-08;;
Natal;21736,0;NEVALDO ROCHA;119815,36;2213;173,0;2025-09-09;;
Natal;21736,0;NEVALDO ROCHA;123486,74;2258;182,0;2025-09-10;;
Natal;21736,0;NEVALDO ROCHA;111135,34;2026;182,0;2025-09-11;;
Natal;21736,0;NEVALDO ROCHA;125981,55;2246;199,0;2025-09-12;;
Natal;21736,0;NEVALDO ROCHA;104243,47;1911;154,0;2025-09-13;;
Natal;21736,0;NEVALDO ROCHA;6723,35;99;6,0;2025-09-14;;
Natal;21736,0;NEVALDO ROCHA;96762,98;1912;155,0;2025-09-15;;
Natal;21736,0;NEVALDO ROCHA;155663,87;2545;194,0;2025-09-16;;
Natal;21736,0;NEVALDO ROCHA;183362,49;3931;192,0;2025-09-17;;
Natal;21736,0;NEVALDO ROCHA;105646,61;1872;168,0;2025-09-18;;
Natal;21736,0;NEVALDO ROCHA;79644,64;1609;172,0;2025-09-19;;
Natal;21736,0;NEVALDO ROCHA;114697,89;1988;165,0;2025-09-20;;
Natal;21736,0;NEVALDO ROCHA;290772,27;5705;244,0;2025-09-22;;
Natal;21736,0;NEVALDO ROCHA;327788,5;5702;177,0;2025-09-23;;
Natal;21736,0;NEVALDO ROCHA;170697,67;3963;147,0;2025-09-24;;
Natal;21736,0;NEVALDO ROCHA;103590,76;2759;135,0;2025-09-25;;
Natal;21736,0;NEVALDO ROCHA;156175,5;3685;159,0;2025-09-26;;
Natal;21736,0;NEVALDO ROCHA;157806,37;2806;102,0;2025-09-27;;
Natal;21736,0;NEVALDO ROCHA;69064,48;1829;112,0;2025-09-29;;
Natal;21736,0;NEVALDO ROCHA;165121,48;3483;136,0;2025-09-30;;
Natal;21736,0;NEVALDO ROCHA;95549,57;2765;147,0;2025-10-01;;
Natal;21736,0;NEVALDO ROCHA;113162,49;2723;166,0;2025-10-02;;
Natal;21736,0;NEVALDO ROCHA;202530,14;3173;237,0;2025-10-06;;
Natal;21736,0;NEVALDO ROCHA;109688,8;2035;164,0;2025-10-07;;
Natal;21736,0;NEVALDO ROCHA;150295,95;2993;188,0;2025-10-08;;
Natal;21736,0;NEVALDO ROCHA;141919,68;2904;192,0;2025-10-09;;
Natal;21736,0;NEVALDO ROCHA;149176,55;3051;211,0;2025-10-10;;
Natal;21736,0;NEVALDO ROCHA;108314,86;2135;166,0;2025-10-11;;
Natal;21736,0;NEVALDO ROCHA;134660,57;3173;224,0;2025-10-13;;
Natal;21736,0;NEVALDO ROCHA;129123,34;2889;189,0;2025-10-14;;
Natal;21736,0;NEVALDO ROCHA;100579,06;2431;150,0;2025-10-15;;
Natal;21736,0;NEVALDO ROCHA;85604,44;1940;139,0;2025-10-16;;
Natal;21736,0;NEVALDO ROCHA;102202,84;2113;137,0;2025-10-17;;
Natal;21736,0;NEVALDO ROCHA;78211,66;1738;112,0;2025-10-18;;
Natal;21736,0;NEVALDO ROCHA;78994,61;1681;128,0;2025-10-20;;
Natal;21736,0;NEVALDO ROCHA;82447,82;1509;121,0;2025-10-21;;
Natal;21736,0;NEVALDO ROCHA;95291,88;1981;192,0;2025-10-22;;
Natal;21736,0;NEVALDO ROCHA;74082,56;1350;152,0;2025-10-23;;
Natal;21736,0;NEVALDO ROCHA;115684,16;1733;130,0;2025-10-24;;
Natal;21736,0;NEVALDO ROCHA;47050,49;960;91,0;2025-10-25;;
Natal;21736,0;NEVALDO ROCHA;89948,52;1519;123,0;2025-10-27;;
Natal;21736,0;NEVALDO ROCHA;63485,26;1282;98,0;2025-10-28;;
Natal;21736,0;NEVALDO ROCHA;138085,15;3291;115,0;2025-10-29;;
Natal;21736,0;NEVALDO ROCHA;166052,37;3261;232,0;2025-10-30;;
Natal;21736,0;NEVALDO ROCHA;97433,06;1783;178,0;2025-10-31;;
Natal;21736,0;NEVALDO ROCHA;166973,2;2678;145,0;2025-11-01;;
Natal;21736,0;NEVALDO ROCHA;289709,32;6358;219,0;2025-11-03;;
Natal;21736,0;NEVALDO ROCHA;154619,92;3204;227,0;2025-11-04;;
Natal;21736,0;NEVALDO ROCHA;150107,59;3168;174,0;2025-11-05;;
Natal;21736,0;NEVALDO ROCHA;157884,6;3474;230,0;2025-11-06;;
Natal;21736,0;NEVALDO ROCHA;185412,46;6718;213,0;2025-11-07;;
Natal;21736,0;NEVALDO ROCHA;145157,27;2985;170,0;2025-11-08;;
Natal;21736,0;NEVALDO ROCHA;132669,3;3072;199,0;2025-11-10;;
Natal;21736,0;NEVALDO ROCHA;130402,82;3541;209,0;2025-11-11;;
Natal;21736,0;NEVALDO ROCHA;135410,49;3292;194,0;2025-11-12;;
Natal;21736,0;NEVALDO ROCHA;125224,18;2480;191,0;2025-11-13;;
Natal;21736,0;NEVALDO ROCHA;147415,08;2749;220,0;2025-11-14;;
Natal;21736,0;NEVALDO ROCHA;44485,13;817;66,0;2025-11-15;;
Natal;21736,0;NEVALDO ROCHA;177017,08;3366;177,0;2025-11-17;;
Natal;21736,0;NEVALDO ROCHA;119975,09;2380;183,0;2025-11-18;;
Natal;21736,0;NEVALDO ROCHA;213555,65;3667;223,0;2025-11-19;;
Natal;21736,0;NEVALDO ROCHA;90986,92;1348;72,0;2025-11-20;;
Natal;21736,0;NEVALDO ROCHA;38836,1;679;52,0;2025-11-21;;
Natal;21736,0;NEVALDO ROCHA;102479,59;1788;152,0;2025-11-22;;
Natal;21736,0;NEVALDO ROCHA;110911,59;1881;163,0;2025-11-24;;
Natal;21736,0;NEVALDO ROCHA;134437,44;2387;199,0;2025-11-25;;
Natal;21736,0;NEVALDO ROCHA;162759,94;3105;168,0;2025-11-26;;
Natal;21736,0;NEVALDO ROCHA;364828,13;6571;300,0;2025-11-27;;
Natal;21736,0;NEVALDO ROCHA;231277,54;4072;273,0;2025-11-28;;
Natal;21736,0;NEVALDO ROCHA;180446,81;3103;195,0;2025-11-29;;
Natal;21736,0;NEVALDO ROCHA;13089,17;230;22,0;2025-11-30;;
Natal;21736,0;NEVALDO ROCHA;131478,14;3048;234,0;2025-12-01;;
Natal;21736,0;NEVALDO ROCHA;114720,73;2547;214,0;2025-12-02;;
Natal;21736,0;NEVALDO ROCHA;115152,31;2668;220,0;2025-12-03;;
Natal;21736,0;NEVALDO ROCHA;124708,32;2644;191,0;2025-12-04;;
Natal;21736,0;NEVALDO ROCHA;104742,5;2384;145,0;2025-12-05;;
Natal;21736,0;NEVALDO ROCHA;74514,45;1621;108,0;2025-12-06;;
Natal;21736,0;NEVALDO ROCHA;136076,59;2580;142,0;2025-12-08;;
Natal;21736,0;NEVALDO ROCHA;148827,96;2864;183,0;2025-12-09;;
Natal;21736,0;NEVALDO ROCHA;134966,03;2810;178,0;2025-12-10;;
Natal;21736,0;NEVALDO ROCHA;124290,99;2638;196,0;2025-12-11;;
Natal;21736,0;NEVALDO ROCHA;133219,97;2668;201,0;2025-12-12;;
Natal;21736,0;NEVALDO ROCHA;92130,91;1793;140,0;2025-12-13;;
Natal;21736,0;NEVALDO ROCHA;117450,68;2438;206,0;2025-12-15;;
Natal;21736,0;NEVALDO ROCHA;120040,96;2479;201,0;2025-12-16;;
Natal;21736,0;NEVALDO ROCHA;168060,07;3927;261,0;2025-12-17;;
Natal;21736,0;NEVALDO ROCHA;109668,47;2226;183,0;2025-12-18;;
Natal;21736,0;NEVALDO ROCHA;115558,89;2305;185,0;2025-12-19;;
Natal;21736,0;NEVALDO ROCHA;93129,65;2191;164,0;2025-12-20;;
Natal;21736,0;NEVALDO ROCHA;26344,68;609;27,0;2025-12-21;;
Natal;21736,0;NEVALDO ROCHA;154369,84;2934;228,0;2025-12-22;;
Natal;21736,0;NEVALDO ROCHA;137211,92;2914;243,0;2025-12-23;;
Natal;21736,0;NEVALDO ROCHA;162579,13;2061;111,0;2025-12-24;;
Natal;21736,0;NEVALDO ROCHA;329256,75;5973;190,0;2025-12-26;;
Natal;21736,0;NEVALDO ROCHA;70212,75;1601;115,0;2025-12-27;;
Natal;21736,0;NEVALDO ROCHA;136812,09;3435;161,0;2025-12-29;;
Natal;21736,0;NEVALDO ROCHA;85413,52;2133;142,0;2025-12-30;;
Natal;21736,0;NEVALDO ROCHA;86784,2;1686;52,0;2025-12-31;;
Natal;20836,0;NORTE SHOPPING;30374,57;450;51,0;2025-01-02;;
Natal;20836,0;NORTE SHOPPING;41372,71;621;65,0;2025-01-03;;
Natal;20836,0;NORTE SHOPPING;53540,29;794;74,0;2025-01-04;;
Natal;20836,0;NORTE SHOPPING;14739,96;237;20,0;2025-01-05;;
Natal;20836,0;NORTE SHOPPING;18443,1;259;27,0;2025-01-06;;
Natal;20836,0;NORTE SHOPPING;78417,56;1135;95,0;2025-01-07;;
Natal;20836,0;NORTE SHOPPING;88434,14;1282;102,0;2025-01-08;;
Natal;20836,0;NORTE SHOPPING;58498,07;907;83,0;2025-01-09;;
Natal;20836,0;NORTE SHOPPING;58967,99;899;87,0;2025-01-10;;
Natal;20836,0;NORTE SHOPPING;69692,34;993;94,0;2025-01-11;;
Natal;20836,0;NORTE SHOPPING;10047,97;155;22,0;2025-01-12;;
Natal;20836,0;NORTE SHOPPING;60422,33;900;86,0;2025-01-13;;
Natal;20836,0;NORTE SHOPPING;44300,46;696;78,0;2025-01-14;;
Natal;20836,0;NORTE SHOPPING;55190,35;810;82,0;2025-01-15;;
Natal;20836,0;NORTE SHOPPING;198016,35;2201;175,0;2025-01-16;;
Natal;20836,0;NORTE SHOPPING;84688,55;1101;101,0;2025-01-17;;
Natal;20836,0;NORTE SHOPPING;62860,72;872;89,0;2025-01-18;;
Natal;20836,0;NORTE SHOPPING;24825,63;315;30,0;2025-01-19;;
Natal;20836,0;NORTE SHOPPING;138939,86;2431;138,0;2025-01-20;;
Natal;20836,0;NORTE SHOPPING;105779,43;1778;140,0;2025-01-21;;
Natal;20836,0;NORTE SHOPPING;55173,57;1002;71,0;2025-01-22;;
Natal;20836,0;NORTE SHOPPING;58357,39;892;76,0;2025-01-23;;
Natal;20836,0;NORTE SHOPPING;64847,45;1027;83,0;2025-01-24;;
Natal;20836,0;NORTE SHOPPING;27041,22;427;41,0;2025-01-25;;
Natal;20836,0;NORTE SHOPPING;13762,56;207;20,0;2025-01-26;;
Natal;20836,0;NORTE SHOPPING;62505,57;1098;78,0;2025-01-27;;
Natal;20836,0;NORTE SHOPPING;46644,03;773;67,0;2025-01-28;;
Natal;20836,0;NORTE SHOPPING;63547,53;953;78,0;2025-01-29;;
Natal;20836,0;NORTE SHOPPING;38613,11;630;59,0;2025-01-30;;
Natal;20836,0;NORTE SHOPPING;50529,16;768;67,0;2025-01-31;;
Natal;20836,0;NORTE SHOPPING;71437,31;1096;76,0;2025-02-01;;
Natal;20836,0;NORTE SHOPPING;16307,41;251;23,0;2025-02-02;;
Natal;20836,0;NORTE SHOPPING;41448,18;629;77,0;2025-02-03;;
Natal;20836,0;NORTE SHOPPING;60062,96;841;78,0;2025-02-04;;
Natal;20836,0;NORTE SHOPPING;98353,23;1433;118,0;2025-02-05;;
Natal;20836,0;NORTE SHOPPING;84128,12;1285;97,0;2025-02-06;;
Natal;20836,0;NORTE SHOPPING;93337,42;1319;119,0;2025-02-07;;
Natal;20836,0;NORTE SHOPPING;82255,13;1211;121,0;2025-02-08;;
Natal;20836,0;NORTE SHOPPING;24992,1;339;35,0;2025-02-09;;
Natal;20836,0;NORTE SHOPPING;118070,69;1847;162,0;2025-02-10;;
Natal;20836,0;NORTE SHOPPING;120915,9;1961;141,0;2025-02-11;;
Natal;20836,0;NORTE SHOPPING;81606,65;1271;107,0;2025-02-12;;
Natal;20836,0;NORTE SHOPPING;99241,96;1526;148,0;2025-02-13;;
Natal;20836,0;NORTE SHOPPING;63068,26;963;87,0;2025-02-14;;
Natal;20836,0;NORTE SHOPPING;49134,97;749;73,0;2025-02-15;;
Natal;20836,0;NORTE SHOPPING;17905,32;271;27,0;2025-02-16;;
Natal;20836,0;NORTE SHOPPING;36945,55;553;65,0;2025-02-17;;
Natal;20836,0;NORTE SHOPPING;63643,41;892;88,0;2025-02-18;;
Natal;20836,0;NORTE SHOPPING;34077,82;544;54,0;2025-02-19;;
Natal;20836,0;NORTE SHOPPING;35124,03;565;53,0;2025-02-20;;
Natal;20836,0;NORTE SHOPPING;55741,18;953;78,0;2025-02-21;;
Natal;20836,0;NORTE SHOPPING;49638,27;733;76,0;2025-02-22;;
Natal;20836,0;NORTE SHOPPING;8202,01;149;22,0;2025-02-23;;
Natal;20836,0;NORTE SHOPPING;41894,43;634;61,0;2025-02-24;;
Natal;20836,0;NORTE SHOPPING;37035,34;586;68,0;2025-02-25;;
Natal;20836,0;NORTE SHOPPING;60271,15;934;86,0;2025-02-26;;
Natal;20836,0;NORTE SHOPPING;86579,87;1428;134,0;2025-02-27;;
Natal;20836,0;NORTE SHOPPING;73153,46;1182;106,0;2025-02-28;;
Natal;20836,0;NORTE SHOPPING;39308,53;628;79,0;2025-03-01;;
Natal;20836,0;NORTE SHOPPING;4943,67;81;10,0;2025-03-02;;
Natal;20836,0;NORTE SHOPPING;53187,82;791;63,0;2025-03-04;;
Natal;20836,0;NORTE SHOPPING;52391,89;1126;85,0;2025-03-05;;
Natal;20836,0;NORTE SHOPPING;103896,72;1914;120,0;2025-03-06;;
Natal;20836,0;NORTE SHOPPING;71122,48;1424;83,0;2025-03-07;;
Natal;20836,0;NORTE SHOPPING;66753,22;1478;85,0;2025-03-08;;
Natal;20836,0;NORTE SHOPPING;22986,9;429;31,0;2025-03-09;;
Natal;20836,0;NORTE SHOPPING;251054,95;3718;175,0;2025-03-10;;
Natal;20836,0;NORTE SHOPPING;82777,63;1559;122,0;2025-03-11;;
Natal;20836,0;NORTE SHOPPING;150095,48;1890;110,0;2025-03-12;;
Natal;20836,0;NORTE SHOPPING;71588,87;1140;77,0;2025-03-13;;
Natal;20836,0;NORTE SHOPPING;271438,95;3035;176,0;2025-03-14;;
Natal;20836,0;NORTE SHOPPING;84841,74;1123;106,0;2025-03-15;;
Natal;20836,0;NORTE SHOPPING;11388,28;184;18,0;2025-03-16;;
Natal;20836,0;NORTE SHOPPING;73343,53;1069;98,0;2025-03-17;;
Natal;20836,0;NORTE SHOPPING;97444,62;1107;85,0;2025-03-18;;
Natal;20836,0;NORTE SHOPPING;83837,15;1348;95,0;2025-03-19;;
Natal;20836,0;NORTE SHOPPING;88487,83;1327;82,0;2025-03-20;;
Natal;20836,0;NORTE SHOPPING;89893,83;1346;112,0;2025-03-21;;
Natal;20836,0;NORTE SHOPPING;79738,13;1163;94,0;2025-03-22;;
Natal;20836,0;NORTE SHOPPING;17761,66;272;28,0;2025-03-23;;
Natal;20836,0;NORTE SHOPPING;92762,0;1748;111,0;2025-03-24;;
Natal;20836,0;NORTE SHOPPING;98448,71;1716;122,0;2025-03-25;;
Natal;20836,0;NORTE SHOPPING;77578,39;1354;103,0;2025-03-26;;
Natal;20836,0;NORTE SHOPPING;73430,69;1229;85,0;2025-03-27;;
Natal;20836,0;NORTE SHOPPING;69243,03;1214;91,0;2025-03-28;;
Natal;20836,0;NORTE SHOPPING;77585,61;1320;91,0;2025-03-29;;
Natal;20836,0;NORTE SHOPPING;24502,79;474;38,0;2025-03-30;;
Natal;20836,0;NORTE SHOPPING;68080,88;1082;111,0;2025-03-31;;
Natal;20836,0;NORTE SHOPPING;72281,28;1056;100,0;2025-04-01;;
Natal;20836,0;NORTE SHOPPING;53140,25;769;85,0;2025-04-02;;
Natal;20836,0;NORTE SHOPPING;82587,72;1089;113,0;2025-04-03;;
Natal;20836,0;NORTE SHOPPING;64764,72;1082;97,0;2025-04-04;;
Natal;20836,0;NORTE SHOPPING;100814,79;1499;139,0;2025-04-05;;
Natal;20836,0;NORTE SHOPPING;23526,9;319;43,0;2025-04-06;;
Natal;20836,0;NORTE SHOPPING;68113,94;1006;101,0;2025-04-07;;
Natal;20836,0;NORTE SHOPPING;63777,85;1022;86,0;2025-04-08;;
Natal;20836,0;NORTE SHOPPING;62473,28;877;89,0;2025-04-09;;
Natal;20836,0;NORTE SHOPPING;64633,84;889;112,0;2025-04-10;;
Natal;20836,0;NORTE SHOPPING;85263,05;1288;135,0;2025-04-11;;
Natal;20836,0;NORTE SHOPPING;90165,88;1199;124,0;2025-04-12;;
Natal;20836,0;NORTE SHOPPING;23106,45;297;32,0;2025-04-13;;
Natal;20836,0;NORTE SHOPPING;130771,05;2572;147,0;2025-04-14;;
Natal;20836,0;NORTE SHOPPING;107571,59;1816;144,0;2025-04-15;;
Natal;20836,0;NORTE SHOPPING;80431,8;1408;107,0;2025-04-16;;
Natal;20836,0;NORTE SHOPPING;64252,63;1028;91,0;2025-04-17;;
Natal;20836,0;NORTE SHOPPING;14739,38;227;29,0;2025-04-18;;
Natal;20836,0;NORTE SHOPPING;41807,27;646;71,0;2025-04-19;;
Natal;20836,0;NORTE SHOPPING;10295,61;172;20,0;2025-04-20;;
Natal;20836,0;NORTE SHOPPING;22171,84;340;23,0;2025-04-21;;
Natal;20836,0;NORTE SHOPPING;68433,01;999;87,0;2025-04-22;;
Natal;20836,0;NORTE SHOPPING;68194,88;1008;89,0;2025-04-23;;
Natal;20836,0;NORTE SHOPPING;71978,58;1114;98,0;2025-04-24;;
Natal;20836,0;NORTE SHOPPING;75686,83;1088;96,0;2025-04-25;;
Natal;20836,0;NORTE SHOPPING;85956,75;1283;100,0;2025-04-26;;
Natal;20836,0;NORTE SHOPPING;25775,18;372;31,0;2025-04-27;;
Natal;20836,0;NORTE SHOPPING;50770,18;747;72,0;2025-04-28;;
Natal;20836,0;NORTE SHOPPING;44998,95;670;69,0;2025-04-29;;
Natal;20836,0;NORTE SHOPPING;62326,37;874;84,0;2025-04-30;;
Natal;20836,0;NORTE SHOPPING;96620,43;1320;143,0;2025-05-02;;
Natal;20836,0;NORTE SHOPPING;78046,33;1127;125,0;2025-05-03;;
Natal;20836,0;NORTE SHOPPING;21258,53;250;31,0;2025-05-04;;
Natal;20836,0;NORTE SHOPPING;151995,92;1770;147,0;2025-05-05;;
Natal;20836,0;NORTE SHOPPING;97312,8;1209;123,0;2025-05-06;;
Natal;20836,0;NORTE SHOPPING;118168,3;1473;167,0;2025-05-07;;
Natal;20836,0;NORTE SHOPPING;120718,68;1616;177,0;2025-05-08;;
Natal;20836,0;NORTE SHOPPING;121177,48;1566;176,0;2025-05-09;;
Natal;20836,0;NORTE SHOPPING;119842,3;1660;196,0;2025-05-10;;
Natal;20836,0;NORTE SHOPPING;8334,11;108;20,0;2025-05-11;;
Natal;20836,0;NORTE SHOPPING;172787,17;3631;153,0;2025-05-12;;
Natal;20836,0;NORTE SHOPPING;109547,67;2146;125,0;2025-05-13;;
Natal;20836,0;NORTE SHOPPING;102845,08;1731;97,0;2025-05-14;;
Natal;20836,0;NORTE SHOPPING;64410,86;1077;84,0;2025-05-15;;
Natal;20836,0;NORTE SHOPPING;68896,96;1112;84,0;2025-05-16;;
Natal;20836,0;NORTE SHOPPING;59063,85;988;82,0;2025-05-17;;
Natal;20836,0;NORTE SHOPPING;20183,89;299;32,0;2025-05-18;;
Natal;20836,0;NORTE SHOPPING;223971,4;3330;163,0;2025-05-19;;
Natal;20836,0;NORTE SHOPPING;101765,47;1746;130,0;2025-05-20;;
Natal;20836,0;NORTE SHOPPING;74024,93;1235;90,0;2025-05-21;;
Natal;20836,0;NORTE SHOPPING;235007,84;3956;169,0;2025-05-22;;
Natal;20836,0;NORTE SHOPPING;188462,77;3276;175,0;2025-05-23;;
Natal;20836,0;NORTE SHOPPING;115591,52;2041;154,0;2025-05-24;;
Natal;20836,0;NORTE SHOPPING;38035,5;628;44,0;2025-05-25;;
Natal;20836,0;NORTE SHOPPING;99120,7;1715;131,0;2025-05-26;;
Natal;20836,0;NORTE SHOPPING;78765,29;1346;109,0;2025-05-27;;
Natal;20836,0;NORTE SHOPPING;65937,59;1251;101,0;2025-05-28;;
Natal;20836,0;NORTE SHOPPING;41414,03;709;63,0;2025-05-29;;
Natal;20836,0;NORTE SHOPPING;44612,67;788;72,0;2025-05-30;;
Natal;20836,0;NORTE SHOPPING;54685,09;1024;92,0;2025-05-31;;
Natal;20836,0;NORTE SHOPPING;18366,66;367;27,0;2025-06-01;;
Natal;20836,0;NORTE SHOPPING;43035,46;822;77,0;2025-06-02;;
Natal;20836,0;NORTE SHOPPING;47132,68;835;78,0;2025-06-03;;
Natal;20836,0;NORTE SHOPPING;49190,84;930;96,0;2025-06-04;;
Natal;20836,0;NORTE SHOPPING;82536,83;1520;101,0;2025-06-05;;
Natal;20836,0;NORTE SHOPPING;60448,46;1137;103,0;2025-06-06;;
Natal;20836,0;NORTE SHOPPING;71669,74;1178;115,0;2025-06-07;;
Natal;20836,0;NORTE SHOPPING;29665,22;459;45,0;2025-06-08;;
Natal;20836,0;NORTE SHOPPING;60029,98;1089;101,0;2025-06-09;;
Natal;20836,0;NORTE SHOPPING;70770,5;1255;114,0;2025-06-10;;
Natal;20836,0;NORTE SHOPPING;91342,13;1589;172,0;2025-06-11;;
Natal;20836,0;NORTE SHOPPING;89645,07;1422;158,0;2025-06-12;;
Natal;20836,0;NORTE SHOPPING;359527,37;5839;190,0;2025-06-13;;
Natal;20836,0;NORTE SHOPPING;108625,2;1959;165,0;2025-06-14;;
Natal;20836,0;NORTE SHOPPING;21306,36;377;33,0;2025-06-15;;
Natal;20836,0;NORTE SHOPPING;137907,06;1789;112,0;2025-06-16;;
Natal;20836,0;NORTE SHOPPING;53525,13;868;78,0;2025-06-17;;
Natal;20836,0;NORTE SHOPPING;42103,35;695;59,0;2025-06-18;;
Natal;20836,0;NORTE SHOPPING;19652,39;362;33,0;2025-06-19;;
Natal;20836,0;NORTE SHOPPING;132543,04;2222;179,0;2025-06-20;;
Natal;20836,0;NORTE SHOPPING;37159,34;621;64,0;2025-06-21;;
Natal;20836,0;NORTE SHOPPING;9472,24;164;15,0;2025-06-22;;
Natal;20836,0;NORTE SHOPPING;146688,43;1717;142,0;2025-06-23;;
Natal;20836,0;NORTE SHOPPING;72457,89;1103;97,0;2025-06-24;;
Natal;20836,0;NORTE SHOPPING;78955,69;1096;103,0;2025-06-25;;
Natal;20836,0;NORTE SHOPPING;40089,24;596;67,0;2025-06-26;;
Natal;20836,0;NORTE SHOPPING;73034,99;1048;88,0;2025-06-27;;
Natal;20836,0;NORTE SHOPPING;56778,17;844;95,0;2025-06-28;;
Natal;20836,0;NORTE SHOPPING;19502,49;293;35,0;2025-06-29;;
Natal;20836,0;NORTE SHOPPING;209744,03;3377;164,0;2025-06-30;;
Natal;20836,0;NORTE SHOPPING;115269,47;1899;143,0;2025-07-01;;
Natal;20836,0;NORTE SHOPPING;52786,37;860;66,0;2025-07-02;;
Natal;20836,0;NORTE SHOPPING;27277,57;476;39,0;2025-07-03;;
Natal;20836,0;NORTE SHOPPING;99164,21;1633;135,0;2025-07-05;;
Natal;20836,0;NORTE SHOPPING;31551,37;470;43,0;2025-07-06;;
Natal;20836,0;NORTE SHOPPING;66543,21;1077;89,0;2025-07-07;;
Natal;20836,0;NORTE SHOPPING;73961,1;1143;114,0;2025-07-08;;
Natal;20836,0;NORTE SHOPPING;49645,95;757;72,0;2025-07-09;;
Natal;20836,0;NORTE SHOPPING;63942,87;1048;98,0;2025-07-10;;
Natal;20836,0;NORTE SHOPPING;55783,38;871;84,0;2025-07-11;;
Natal;20836,0;NORTE SHOPPING;81810,92;1280;112,0;2025-07-12;;
Natal;20836,0;NORTE SHOPPING;15845,53;234;23,0;2025-07-13;;
Natal;20836,0;NORTE SHOPPING;43930,16;730;74,0;2025-07-14;;
Natal;20836,0;NORTE SHOPPING;41134,31;721;64,0;2025-07-15;;
Natal;20836,0;NORTE SHOPPING;239248,9;5928;220,0;2025-07-16;;
Natal;20836,0;NORTE SHOPPING;159521,31;2972;162,0;2025-07-17;;
Natal;20836,0;NORTE SHOPPING;136368,01;2455;164,0;2025-07-18;;
Natal;20836,0;NORTE SHOPPING;117099,51;2109;145,0;2025-07-19;;
Natal;20836,0;NORTE SHOPPING;21648,04;440;41,0;2025-07-20;;
Natal;20836,0;NORTE SHOPPING;158841,77;3239;164,0;2025-07-21;;
Natal;20836,0;NORTE SHOPPING;151489,44;3158;162,0;2025-07-22;;
Natal;20836,0;NORTE SHOPPING;106966,05;2238;142,0;2025-07-23;;
Natal;20836,0;NORTE SHOPPING;81417,99;1576;115,0;2025-07-24;;
Natal;20836,0;NORTE SHOPPING;71557,69;1533;88,0;2025-07-25;;
Natal;20836,0;NORTE SHOPPING;57505,21;1166;88,0;2025-07-26;;
Natal;20836,0;NORTE SHOPPING;18566,4;351;23,0;2025-07-27;;
Natal;20836,0;NORTE SHOPPING;46041,62;855;66,0;2025-07-28;;
Natal;20836,0;NORTE SHOPPING;60198,04;1176;80,0;2025-07-29;;
Natal;20836,0;NORTE SHOPPING;67894,56;1348;90,0;2025-07-30;;
Natal;20836,0;NORTE SHOPPING;90106,66;1758;99,0;2025-07-31;;
Natal;20836,0;NORTE SHOPPING;74810,2;1309;116,0;2025-08-01;;
Natal;20836,0;NORTE SHOPPING;76179,14;1503;117,0;2025-08-02;;
Natal;20836,0;NORTE SHOPPING;20189,67;407;37,0;2025-08-03;;
Natal;20836,0;NORTE SHOPPING;82866,17;1559;115,0;2025-08-04;;
Natal;20836,0;NORTE SHOPPING;95503,57;1749;129,0;2025-08-05;;
Natal;20836,0;NORTE SHOPPING;134961,87;2870;158,0;2025-08-06;;
Natal;20836,0;NORTE SHOPPING;110459,7;1977;140,0;2025-08-07;;
Natal;20836,0;NORTE SHOPPING;133226,98;2393;172,0;2025-08-08;;
Natal;20836,0;NORTE SHOPPING;131137,44;2282;194,0;2025-08-09;;
Natal;20836,0;NORTE SHOPPING;18546,42;346;29,0;2025-08-10;;
Natal;20836,0;NORTE SHOPPING;144546,87;3057;174,0;2025-08-11;;
Natal;20836,0;NORTE SHOPPING;117372,95;2447;141,0;2025-08-12;;
Natal;20836,0;NORTE SHOPPING;105883,53;1967;122,0;2025-08-13;;
Natal;20836,0;NORTE SHOPPING;89870,43;1807;117,0;2025-08-14;;
Natal;20836,0;NORTE SHOPPING;67278,21;1302;87,0;2025-08-15;;
Natal;20836,0;NORTE SHOPPING;60012,31;1264;101,0;2025-08-16;;
Natal;20836,0;NORTE SHOPPING;23123,56;442;29,0;2025-08-17;;
Natal;20836,0;NORTE SHOPPING;52344,42;1060;87,0;2025-08-18;;
Natal;20836,0;NORTE SHOPPING;73313,33;1429;75,0;2025-08-19;;
Natal;20836,0;NORTE SHOPPING;99724,46;1968;153,0;2025-08-20;;
Natal;20836,0;NORTE SHOPPING;108556,12;2301;160,0;2025-08-21;;
Natal;20836,0;NORTE SHOPPING;61427,12;1257;88,0;2025-08-22;;
Natal;20836,0;NORTE SHOPPING;65132,57;1341;106,0;2025-08-23;;
Natal;20836,0;NORTE SHOPPING;15414,21;320;26,0;2025-08-24;;
Natal;20836,0;NORTE SHOPPING;54646,34;850;75,0;2025-08-25;;
Natal;20836,0;NORTE SHOPPING;40424,18;762;71,0;2025-08-26;;
Natal;20836,0;NORTE SHOPPING;119935,69;2556;131,0;2025-08-27;;
Natal;20836,0;NORTE SHOPPING;64599,93;1261;82,0;2025-08-28;;
Natal;20836,0;NORTE SHOPPING;62458,92;1177;94,0;2025-08-29;;
Natal;20836,0;NORTE SHOPPING;64942,73;1299;117,0;2025-08-30;;
Natal;20836,0;NORTE SHOPPING;26974,71;528;44,0;2025-08-31;;
Natal;20836,0;NORTE SHOPPING;169956,82;3494;192,0;2025-09-01;;
Natal;20836,0;NORTE SHOPPING;79632,49;1719;134,0;2025-09-02;;
Natal;20836,0;NORTE SHOPPING;90813,22;1842;110,0;2025-09-03;;
Natal;20836,0;NORTE SHOPPING;62602,9;1267;79,0;2025-09-04;;
Natal;20836,0;NORTE SHOPPING;323087,64;4832;285,0;2025-09-05;;
Natal;20836,0;NORTE SHOPPING;128068,47;2223;173,0;2025-09-06;;
Natal;20836,0;NORTE SHOPPING;42233,82;721;51,0;2025-09-07;;
Natal;20836,0;NORTE SHOPPING;108861,72;1880;134,0;2025-09-08;;
Natal;20836,0;NORTE SHOPPING;89426,9;1557;131,0;2025-09-09;;
Natal;20836,0;NORTE SHOPPING;67717,47;1167;108,0;2025-09-10;;
Natal;20836,0;NORTE SHOPPING;78175,99;1427;126,0;2025-09-11;;
Natal;20836,0;NORTE SHOPPING;118679,97;2053;152,0;2025-09-12;;
Natal;20836,0;NORTE SHOPPING;69682,08;1272;138,0;2025-09-13;;
Natal;20836,0;NORTE SHOPPING;27308,25;495;40,0;2025-09-14;;
Natal;20836,0;NORTE SHOPPING;57772,9;1012;97,0;2025-09-15;;
Natal;20836,0;NORTE SHOPPING;63969,82;1060;100,0;2025-09-16;;
Natal;20836,0;NORTE SHOPPING;68070,51;1717;97,0;2025-09-17;;
Natal;20836,0;NORTE SHOPPING;85168,06;1594;125,0;2025-09-18;;
Natal;20836,0;NORTE SHOPPING;83669,75;1422;123,0;2025-09-19;;
Natal;20836,0;NORTE SHOPPING;83056,9;1471;136,0;2025-09-20;;
Natal;20836,0;NORTE SHOPPING;29900,56;501;44,0;2025-09-21;;
Natal;20836,0;NORTE SHOPPING;250635,36;4477;190,0;2025-09-22;;
Natal;20836,0;NORTE SHOPPING;121761,87;2288;133,0;2025-09-23;;
Natal;20836,0;NORTE SHOPPING;98682,94;2461;114,0;2025-09-24;;
Natal;20836,0;NORTE SHOPPING;55971,99;1579;87,0;2025-09-25;;
Natal;20836,0;NORTE SHOPPING;140098,65;2612;105,0;2025-09-26;;
Natal;20836,0;NORTE SHOPPING;72207,58;1791;92,0;2025-09-27;;
Natal;20836,0;NORTE SHOPPING;15681,84;412;24,0;2025-09-28;;
Natal;20836,0;NORTE SHOPPING;40156,91;1038;62,0;2025-09-29;;
Natal;20836,0;NORTE SHOPPING;118782,59;1965;76,0;2025-09-30;;
Natal;20836,0;NORTE SHOPPING;46747,21;1085;69,0;2025-10-01;;
Natal;20836,0;NORTE SHOPPING;71193,11;1380;89,0;2025-10-02;;
Natal;20836,0;NORTE SHOPPING;112611,26;1657;110,0;2025-10-03;;
Natal;20836,0;NORTE SHOPPING;123075,56;2177;156,0;2025-10-04;;
Natal;20836,0;NORTE SHOPPING;22302,36;440;38,0;2025-10-05;;
Natal;20836,0;NORTE SHOPPING;62574,15;1249;89,0;2025-10-06;;
Natal;20836,0;NORTE SHOPPING;64592,75;1367;101,0;2025-10-07;;
Natal;20836,0;NORTE SHOPPING;137296,67;2694;157,0;2025-10-08;;
Natal;20836,0;NORTE SHOPPING;107226,13;2133;157,0;2025-10-09;;
Natal;20836,0;NORTE SHOPPING;95671,25;1943;141,0;2025-10-10;;
Natal;20836,0;NORTE SHOPPING;99811,07;2164;147,0;2025-10-11;;
Natal;20836,0;NORTE SHOPPING;23436,14;466;38,0;2025-10-12;;
Natal;20836,0;NORTE SHOPPING;104433,16;2143;160,0;2025-10-13;;
Natal;20836,0;NORTE SHOPPING;89865,92;1896;134,0;2025-10-14;;
Natal;20836,0;NORTE SHOPPING;74193,01;1533;91,0;2025-10-15;;
Natal;20836,0;NORTE SHOPPING;51101,19;1052;80,0;2025-10-16;;
Natal;20836,0;NORTE SHOPPING;65342,5;1388;97,0;2025-10-17;;
Natal;20836,0;NORTE SHOPPING;54528,06;1239;89,0;2025-10-18;;
Natal;20836,0;NORTE SHOPPING;14911,74;331;24,0;2025-10-19;;
Natal;20836,0;NORTE SHOPPING;50898,66;959;74,0;2025-10-20;;
Natal;20836,0;NORTE SHOPPING;78156,32;1131;81,0;2025-10-21;;
Natal;20836,0;NORTE SHOPPING;78861,55;1534;114,0;2025-10-22;;
Natal;20836,0;NORTE SHOPPING;54540,9;935;86,0;2025-10-23;;
Natal;20836,0;NORTE SHOPPING;48712,77;910;80,0;2025-10-24;;
Natal;20836,0;NORTE SHOPPING;46848,76;846;88,0;2025-10-25;;
Natal;20836,0;NORTE SHOPPING;16657,09;278;29,0;2025-10-26;;
Natal;20836,0;NORTE SHOPPING;59475,32;971;87,0;2025-10-27;;
Natal;20836,0;NORTE SHOPPING;62916,77;1069;100,0;2025-10-28;;
Natal;20836,0;NORTE SHOPPING;114300,74;2299;132,0;2025-10-29;;
Natal;20836,0;NORTE SHOPPING;107911,49;2141;153,0;2025-10-30;;
Natal;20836,0;NORTE SHOPPING;92491,4;1687;128,0;2025-10-31;;
Natal;20836,0;NORTE SHOPPING;95088,43;1517;125,0;2025-11-01;;
Natal;20836,0;NORTE SHOPPING;15582,2;217;25,0;2025-11-02;;
Natal;20836,0;NORTE SHOPPING;178397,27;4135;214,0;2025-11-03;;
Natal;20836,0;NORTE SHOPPING;101404,07;2297;164,0;2025-11-04;;
Natal;20836,0;NORTE SHOPPING;93554,96;1908;146,0;2025-11-05;;
Natal;20836,0;NORTE SHOPPING;126504,13;2811;166,0;2025-11-06;;
Natal;20836,0;NORTE SHOPPING;100804,73;2122;128,0;2025-11-07;;
Natal;20836,0;NORTE SHOPPING;107886,22;2287;167,0;2025-11-08;;
Natal;20836,0;NORTE SHOPPING;18331,9;394;40,0;2025-11-09;;
Natal;20836,0;NORTE SHOPPING;73544,37;1411;116,0;2025-11-10;;
Natal;20836,0;NORTE SHOPPING;108997,38;2527;155,0;2025-11-11;;
Natal;20836,0;NORTE SHOPPING;98936,11;1903;154,0;2025-11-12;;
Natal;20836,0;NORTE SHOPPING;97976,52;1639;142,0;2025-11-13;;
Natal;20836,0;NORTE SHOPPING;78225,22;1388;120,0;2025-11-14;;
Natal;20836,0;NORTE SHOPPING;64502,09;1085;107,0;2025-11-15;;
Natal;20836,0;NORTE SHOPPING;26490,29;439;56,0;2025-11-16;;
Natal;20836,0;NORTE SHOPPING;117766,19;1985;140,0;2025-11-17;;
Natal;20836,0;NORTE SHOPPING;96014,15;1616;130,0;2025-11-18;;
Natal;20836,0;NORTE SHOPPING;81146,64;1340;138,0;2025-11-19;;
Natal;20836,0;NORTE SHOPPING;108048,38;1560;120,0;2025-11-20;;
Natal;20836,0;NORTE SHOPPING;75773,99;1088;95,0;2025-11-21;;
Natal;20836,0;NORTE SHOPPING;58710,85;912;94,0;2025-11-22;;
Natal;20836,0;NORTE SHOPPING;24158,99;349;42,0;2025-11-23;;
Natal;20836,0;NORTE SHOPPING;81477,84;1149;112,0;2025-11-24;;
Natal;20836,0;NORTE SHOPPING;73604,45;1096;111,0;2025-11-25;;
Natal;20836,0;NORTE SHOPPING;104494,91;2094;135,0;2025-11-26;;
Natal;20836,0;NORTE SHOPPING;345985,24;6123;296,0;2025-11-27;;
Natal;20836,0;NORTE SHOPPING;133114,45;2350;204,0;2025-11-28;;
Natal;20836,0;NORTE SHOPPING;111284,04;1795;162,0;2025-11-29;;
Natal;20836,0;NORTE SHOPPING;52933,4;841;69,0;2025-11-30;;
Natal;20836,0;NORTE SHOPPING;90274,96;1825;142,0;2025-12-01;;
Natal;20836,0;NORTE SHOPPING;67560,76;1344;132,0;2025-12-02;;
Natal;20836,0;NORTE SHOPPING;59690,35;1054;105,0;2025-12-03;;
Natal;20836,0;NORTE SHOPPING;83309,88;1690;151,0;2025-12-04;;
Natal;20836,0;NORTE SHOPPING;55152,99;1331;90,0;2025-12-05;;
Natal;20836,0;NORTE SHOPPING;71842,46;1584;110,0;2025-12-06;;
Natal;20836,0;NORTE SHOPPING;17332,43;399;35,0;2025-12-07;;
Natal;20836,0;NORTE SHOPPING;77446,13;1528;120,0;2025-12-08;;
Natal;20836,0;NORTE SHOPPING;74089,26;1422;103,0;2025-12-09;;
Natal;20836,0;NORTE SHOPPING;73103,42;1322;114,0;2025-12-10;;
Natal;20836,0;NORTE SHOPPING;111174,95;2351;150,0;2025-12-11;;
Natal;20836,0;NORTE SHOPPING;118408,1;2177;138,0;2025-12-12;;
Natal;20836,0;NORTE SHOPPING;73109,96;1499;125,0;2025-12-13;;
Natal;20836,0;NORTE SHOPPING;26396,44;517;46,0;2025-12-14;;
Natal;20836,0;NORTE SHOPPING;87294,21;1562;162,0;2025-12-15;;
Natal;20836,0;NORTE SHOPPING;87412,5;1498;138,0;2025-12-16;;
Natal;20836,0;NORTE SHOPPING;99533,32;2057;163,0;2025-12-17;;
Natal;20836,0;NORTE SHOPPING;69939,55;1394;117,0;2025-12-18;;
Natal;20836,0;NORTE SHOPPING;60729,29;1267;112,0;2025-12-19;;
Natal;20836,0;NORTE SHOPPING;121465,11;2038;138,0;2025-12-20;;
Natal;20836,0;NORTE SHOPPING;47574,64;893;71,0;2025-12-21;;
Natal;20836,0;NORTE SHOPPING;80886,1;1629;139,0;2025-12-22;;
Natal;20836,0;NORTE SHOPPING;72159,34;1237;146,0;2025-12-23;;
Natal;20836,0;NORTE SHOPPING;39234,75;654;72,0;2025-12-24;;
Natal;20836,0;NORTE SHOPPING;241288,83;4269;165,0;2025-12-26;;
Natal;20836,0;NORTE SHOPPING;130566,24;2255;133,0;2025-12-27;;
Natal;20836,0;NORTE SHOPPING;22078,59;436;40,0;2025-12-28;;
Natal;20836,0;NORTE SHOPPING;114002,27;2086;129,0;2025-12-29;;
Natal;20836,0;NORTE SHOPPING;83283,7;1741;128,0;2025-12-30;;
Natal;20836,0;NORTE SHOPPING;57750,24;1013;47,0;2025-12-31;;
RN Sul;23768,0;NOVA CRUZ;5407,15;133;12,0;2025-04-23;;
RN Sul;23768,0;NOVA CRUZ;32092,12;563;35,0;2025-04-24;;
RN Sul;23768,0;NOVA CRUZ;22267,67;541;24,0;2025-04-25;;
RN Sul;23768,0;NOVA CRUZ;15983,38;310;25,0;2025-04-26;;
RN Sul;23768,0;NOVA CRUZ;11998,67;222;21,0;2025-04-28;;
RN Sul;23768,0;NOVA CRUZ;9087,86;154;13,0;2025-04-29;;
RN Sul;23768,0;NOVA CRUZ;16252,05;268;24,0;2025-04-30;;
RN Sul;23768,0;NOVA CRUZ;13522,38;227;20,0;2025-05-02;;
RN Sul;23768,0;NOVA CRUZ;9464,51;174;15,0;2025-05-03;;
RN Sul;23768,0;NOVA CRUZ;11116,92;184;18,0;2025-05-05;;
RN Sul;23768,0;NOVA CRUZ;14532,86;197;22,0;2025-05-06;;
RN Sul;23768,0;NOVA CRUZ;14029,14;167;16,0;2025-05-07;;
RN Sul;23768,0;NOVA CRUZ;20842,49;234;24,0;2025-05-08;;
RN Sul;23768,0;NOVA CRUZ;18413,89;235;32,0;2025-05-09;;
RN Sul;23768,0;NOVA CRUZ;13573,35;189;25,0;2025-05-10;;
RN Sul;23768,0;NOVA CRUZ;1916,6;13;3,0;2025-05-11;;
RN Sul;23768,0;NOVA CRUZ;21107,84;375;32,0;2025-05-12;;
RN Sul;23768,0;NOVA CRUZ;14788,71;219;24,0;2025-05-13;;
RN Sul;23768,0;NOVA CRUZ;8121,53;112;13,0;2025-05-14;;
RN Sul;23768,0;NOVA CRUZ;11715,08;169;18,0;2025-05-15;;
RN Sul;23768,0;NOVA CRUZ;8446,32;118;17,0;2025-05-16;;
RN Sul;23768,0;NOVA CRUZ;17054,26;190;14,0;2025-05-17;;
RN Sul;23768,0;NOVA CRUZ;22911,28;363;29,0;2025-05-19;;
RN Sul;23768,0;NOVA CRUZ;20169,85;325;21,0;2025-05-20;;
RN Sul;23768,0;NOVA CRUZ;9283,97;169;17,0;2025-05-21;;
RN Sul;23768,0;NOVA CRUZ;13045,22;181;24,0;2025-05-22;;
RN Sul;23768,0;NOVA CRUZ;16752,98;328;28,0;2025-05-23;;
RN Sul;23768,0;NOVA CRUZ;22553,34;379;36,0;2025-05-24;;
RN Sul;23768,0;NOVA CRUZ;12183,08;228;22,0;2025-05-26;;
RN Sul;23768,0;NOVA CRUZ;9420,92;160;25,0;2025-05-27;;
RN Sul;23768,0;NOVA CRUZ;13245,07;205;19,0;2025-05-28;;
RN Sul;23768,0;NOVA CRUZ;5334,74;65;9,0;2025-05-29;;
RN Sul;23768,0;NOVA CRUZ;12040,06;210;14,0;2025-05-30;;
RN Sul;23768,0;NOVA CRUZ;10278,48;173;19,0;2025-05-31;;
RN Sul;23768,0;NOVA CRUZ;6708,88;115;17,0;2025-06-02;;
RN Sul;23768,0;NOVA CRUZ;11573,44;165;21,0;2025-06-03;;
RN Sul;23768,0;NOVA CRUZ;8862,4;116;19,0;2025-06-04;;
RN Sul;23768,0;NOVA CRUZ;18145,2;262;29,0;2025-06-05;;
RN Sul;23768,0;NOVA CRUZ;11678,57;160;22,0;2025-06-06;;
RN Sul;23768,0;NOVA CRUZ;10706,42;171;28,0;2025-06-07;;
RN Sul;23768,0;NOVA CRUZ;9362,36;136;22,0;2025-06-09;;
RN Sul;23768,0;NOVA CRUZ;8358,07;113;16,0;2025-06-10;;
RN Sul;23768,0;NOVA CRUZ;11971,52;152;20,0;2025-06-11;;
RN Sul;23768,0;NOVA CRUZ;12469,35;185;32,0;2025-06-12;;
RN Sul;23768,0;NOVA CRUZ;44907,91;679;46,0;2025-06-13;;
RN Sul;23768,0;NOVA CRUZ;25012,76;405;40,0;2025-06-14;;
RN Sul;23768,0;NOVA CRUZ;25507,68;376;28,0;2025-06-16;;
RN Sul;23768,0;NOVA CRUZ;15288,9;181;19,0;2025-06-17;;
RN Sul;23768,0;NOVA CRUZ;13773,06;156;19,0;2025-06-18;;
RN Sul;23768,0;NOVA CRUZ;4336,58;64;9,0;2025-06-19;;
RN Sul;23768,0;NOVA CRUZ;9711,74;123;23,0;2025-06-20;;
RN Sul;23768,0;NOVA CRUZ;8827,31;133;25,0;2025-06-21;;
RN Sul;23768,0;NOVA CRUZ;27697,47;316;37,0;2025-06-23;;
RN Sul;23768,0;NOVA CRUZ;10058,05;113;19,0;2025-06-24;;
RN Sul;23768,0;NOVA CRUZ;12379,78;157;24,0;2025-06-25;;
RN Sul;23768,0;NOVA CRUZ;10757,89;125;20,0;2025-06-26;;
RN Sul;23768,0;NOVA CRUZ;15463,17;204;32,0;2025-06-27;;
RN Sul;23768,0;NOVA CRUZ;16883,01;238;55,0;2025-06-28;;
RN Sul;23768,0;NOVA CRUZ;24678,24;387;53,0;2025-06-30;;
RN Sul;23768,0;NOVA CRUZ;35631,85;516;147,0;2025-07-01;;
RN Sul;23768,0;NOVA CRUZ;21892,53;315;17,0;2025-07-02;;
RN Sul;23768,0;NOVA CRUZ;16109,01;236;27,0;2025-07-03;;
RN Sul;23768,0;NOVA CRUZ;13803,57;200;19,0;2025-07-04;;
RN Sul;23768,0;NOVA CRUZ;9180,3;138;16,0;2025-07-05;;
RN Sul;23768,0;NOVA CRUZ;4862,81;74;11,0;2025-07-07;;
RN Sul;23768,0;NOVA CRUZ;10218,05;149;19,0;2025-07-08;;
RN Sul;23768,0;NOVA CRUZ;8917,81;176;20,0;2025-07-09;;
RN Sul;23768,0;NOVA CRUZ;5416,01;89;10,0;2025-07-10;;
RN Sul;23768,0;NOVA CRUZ;8117,72;111;13,0;2025-07-11;;
RN Sul;23768,0;NOVA CRUZ;1675,7;36;5,0;2025-07-12;;
RN Sul;23768,0;NOVA CRUZ;3085,18;47;5,0;2025-07-14;;
RN Sul;23768,0;NOVA CRUZ;1143,67;21;4,0;2025-07-15;;
RN Sul;23768,0;NOVA CRUZ;16893,14;393;30,0;2025-07-16;;
RN Sul;23768,0;NOVA CRUZ;48222,73;744;28,0;2025-07-17;;
RN Sul;23768,0;NOVA CRUZ;11626,77;272;25,0;2025-07-18;;
RN Sul;23768,0;NOVA CRUZ;16712,26;340;26,0;2025-07-19;;
RN Sul;23768,0;NOVA CRUZ;55698,42;1037;33,0;2025-07-21;;
RN Sul;23768,0;NOVA CRUZ;14733,39;337;21,0;2025-07-22;;
RN Sul;23768,0;NOVA CRUZ;18413,4;411;35,0;2025-07-23;;
RN Sul;23768,0;NOVA CRUZ;18290,92;400;33,0;2025-07-24;;
RN Sul;23768,0;NOVA CRUZ;7552,54;196;16,0;2025-07-25;;
RN Sul;23768,0;NOVA CRUZ;6909,97;165;18,0;2025-07-26;;
RN Sul;23768,0;NOVA CRUZ;11274,96;240;14,0;2025-07-28;;
RN Sul;23768,0;NOVA CRUZ;10846,2;200;14,0;2025-07-29;;
RN Sul;23768,0;NOVA CRUZ;6059,69;126;12,0;2025-07-30;;
RN Sul;23768,0;NOVA CRUZ;11944,34;257;23,0;2025-07-31;;
RN Sul;23768,0;NOVA CRUZ;9848,15;239;22,0;2025-08-01;;
RN Sul;23768,0;NOVA CRUZ;12800,34;281;21,0;2025-08-02;;
RN Sul;23768,0;NOVA CRUZ;11551,82;276;27,0;2025-08-04;;
RN Sul;23768,0;NOVA CRUZ;8315,64;181;20,0;2025-08-05;;
RN Sul;23768,0;NOVA CRUZ;18437,95;439;35,0;2025-08-06;;
RN Sul;23768,0;NOVA CRUZ;14264,93;318;26,0;2025-08-07;;
RN Sul;23768,0;NOVA CRUZ;12775,51;250;24,0;2025-08-08;;
RN Sul;23768,0;NOVA CRUZ;11029,68;205;25,0;2025-08-09;;
RN Sul;23768,0;NOVA CRUZ;2355,39;45;6,0;2025-08-10;;
RN Sul;23768,0;NOVA CRUZ;50714,1;1185;31,0;2025-08-11;;
RN Sul;23768,0;NOVA CRUZ;13988,72;284;20,0;2025-08-12;;
RN Sul;23768,0;NOVA CRUZ;19096,83;362;23,0;2025-08-13;;
RN Sul;23768,0;NOVA CRUZ;26971,47;627;32,0;2025-08-14;;
RN Sul;23768,0;NOVA CRUZ;11168,41;273;24,0;2025-08-15;;
RN Sul;23768,0;NOVA CRUZ;8060,25;168;18,0;2025-08-16;;
RN Sul;23768,0;NOVA CRUZ;15555,03;238;27,0;2025-08-18;;
RN Sul;23768,0;NOVA CRUZ;20331,17;474;40,0;2025-08-19;;
RN Sul;23768,0;NOVA CRUZ;19934,82;291;30,0;2025-08-20;;
RN Sul;23768,0;NOVA CRUZ;17096,43;312;31,0;2025-08-21;;
RN Sul;23768,0;NOVA CRUZ;13383,24;285;36,0;2025-08-22;;
RN Sul;23768,0;NOVA CRUZ;12045,89;193;15,0;2025-08-23;;
RN Sul;23768,0;NOVA CRUZ;3592,03;77;10,0;2025-08-25;;
RN Sul;23768,0;NOVA CRUZ;2773,69;57;11,0;2025-08-26;;
RN Sul;23768,0;NOVA CRUZ;29280,47;647;24,0;2025-08-27;;
RN Sul;23768,0;NOVA CRUZ;11981,13;213;18,0;2025-08-28;;
RN Sul;23768,0;NOVA CRUZ;6732,65;145;16,0;2025-08-29;;
RN Sul;23768,0;NOVA CRUZ;5864,52;108;12,0;2025-08-30;;
RN Sul;23768,0;NOVA CRUZ;22964,21;507;36,0;2025-09-01;;
RN Sul;23768,0;NOVA CRUZ;19360,42;409;36,0;2025-09-02;;
RN Sul;23768,0;NOVA CRUZ;13162,62;193;11,0;2025-09-03;;
RN Sul;23768,0;NOVA CRUZ;5457,51;111;12,0;2025-09-04;;
RN Sul;23768,0;NOVA CRUZ;37708,45;551;39,0;2025-09-05;;
RN Sul;23768,0;NOVA CRUZ;23324,97;363;30,0;2025-09-06;;
RN Sul;23768,0;NOVA CRUZ;15361,21;224;22,0;2025-09-08;;
RN Sul;23768,0;NOVA CRUZ;6247,95;104;11,0;2025-09-09;;
RN Sul;23768,0;NOVA CRUZ;20178,99;310;22,0;2025-09-10;;
RN Sul;23768,0;NOVA CRUZ;7957,65;144;17,0;2025-09-11;;
RN Sul;23768,0;NOVA CRUZ;9493,13;177;21,0;2025-09-12;;
RN Sul;23768,0;NOVA CRUZ;15817,47;302;26,0;2025-09-13;;
RN Sul;23768,0;NOVA CRUZ;12823,96;312;25,0;2025-09-15;;
RN Sul;23768,0;NOVA CRUZ;7664,95;152;16,0;2025-09-16;;
RN Sul;23768,0;NOVA CRUZ;9120,93;186;15,0;2025-09-17;;
RN Sul;23768,0;NOVA CRUZ;8539,93;192;15,0;2025-09-18;;
RN Sul;23768,0;NOVA CRUZ;9614,94;149;18,0;2025-09-19;;
RN Sul;23768,0;NOVA CRUZ;9075,9;167;17,0;2025-09-20;;
RN Sul;23768,0;NOVA CRUZ;53382,86;912;30,0;2025-09-22;;
RN Sul;23768,0;NOVA CRUZ;16195,57;318;28,0;2025-09-23;;
RN Sul;23768,0;NOVA CRUZ;15736,63;375;21,0;2025-09-24;;
RN Sul;23768,0;NOVA CRUZ;11584,76;295;19,0;2025-09-25;;
RN Sul;23768,0;NOVA CRUZ;8237,86;265;15,0;2025-09-26;;
RN Sul;23768,0;NOVA CRUZ;15956,91;354;22,0;2025-09-27;;
RN Sul;23768,0;NOVA CRUZ;15896,79;303;18,0;2025-09-29;;
RN Sul;23768,0;NOVA CRUZ;23232,82;453;29,0;2025-09-30;;
RN Sul;23768,0;NOVA CRUZ;8462,15;172;18,0;2025-10-01;;
RN Sul;23768,0;NOVA CRUZ;6793,59;163;15,0;2025-10-02;;
RN Sul;23768,0;NOVA CRUZ;14380,14;213;19,0;2025-10-03;;
RN Sul;23768,0;NOVA CRUZ;25556,66;347;23,0;2025-10-04;;
RN Sul;23768,0;NOVA CRUZ;10660,61;166;12,0;2025-10-06;;
RN Sul;23768,0;NOVA CRUZ;8977,09;177;17,0;2025-10-07;;
RN Sul;23768,0;NOVA CRUZ;19231,7;369;24,0;2025-10-08;;
RN Sul;23768,0;NOVA CRUZ;10408,72;209;19,0;2025-10-09;;
RN Sul;23768,0;NOVA CRUZ;7157,03;139;16,0;2025-10-10;;
RN Sul;23768,0;NOVA CRUZ;14317,04;255;22,0;2025-10-11;;
RN Sul;23768,0;NOVA CRUZ;13967,22;328;19,0;2025-10-13;;
RN Sul;23768,0;NOVA CRUZ;12406,81;294;25,0;2025-10-14;;
RN Sul;23768,0;NOVA CRUZ;18405,99;300;18,0;2025-10-15;;
RN Sul;23768,0;NOVA CRUZ;9541,74;234;18,0;2025-10-16;;
RN Sul;23768,0;NOVA CRUZ;11392,78;222;13,0;2025-10-17;;
RN Sul;23768,0;NOVA CRUZ;14357,45;306;15,0;2025-10-18;;
RN Sul;23768,0;NOVA CRUZ;6971,33;127;16,0;2025-10-20;;
RN Sul;23768,0;NOVA CRUZ;13211,06;214;24,0;2025-10-21;;
RN Sul;23768,0;NOVA CRUZ;7851,17;167;18,0;2025-10-22;;
RN Sul;23768,0;NOVA CRUZ;8907,23;214;17,0;2025-10-23;;
RN Sul;23768,0;NOVA CRUZ;23586,52;369;24,0;2025-10-24;;
RN Sul;23768,0;NOVA CRUZ;12854,43;262;29,0;2025-10-25;;
RN Sul;23768,0;NOVA CRUZ;9915,57;189;20,0;2025-10-27;;
RN Sul;23768,0;NOVA CRUZ;15255,39;240;23,0;2025-10-28;;
RN Sul;23768,0;NOVA CRUZ;8416,24;156;14,0;2025-10-29;;
RN Sul;23768,0;NOVA CRUZ;22380,35;502;42,0;2025-10-30;;
RN Sul;23768,0;NOVA CRUZ;24052,39;395;35,0;2025-10-31;;
RN Sul;23768,0;NOVA CRUZ;6959,16;157;14,0;2025-11-01;;
RN Sul;23768,0;NOVA CRUZ;33760,16;815;37,0;2025-11-03;;
RN Sul;23768,0;NOVA CRUZ;31609,71;666;45,0;2025-11-04;;
RN Sul;23768,0;NOVA CRUZ;11230,01;248;22,0;2025-11-05;;
RN Sul;23768,0;NOVA CRUZ;22568,1;398;42,0;2025-11-06;;
RN Sul;23768,0;NOVA CRUZ;18962,32;390;31,0;2025-11-07;;
RN Sul;23768,0;NOVA CRUZ;11099,34;202;21,0;2025-11-08;;
RN Sul;23768,0;NOVA CRUZ;15702,89;324;30,0;2025-11-10;;
RN Sul;23768,0;NOVA CRUZ;10318,04;291;19,0;2025-11-11;;
RN Sul;23768,0;NOVA CRUZ;12338,87;222;26,0;2025-11-12;;
RN Sul;23768,0;NOVA CRUZ;15843,64;338;23,0;2025-11-13;;
RN Sul;23768,0;NOVA CRUZ;18898,69;359;30,0;2025-11-14;;
RN Sul;23768,0;NOVA CRUZ;10921,76;179;16,0;2025-11-15;;
RN Sul;23768,0;NOVA CRUZ;7320,2;184;10,0;2025-11-16;;
RN Sul;23768,0;NOVA CRUZ;16954,27;302;25,0;2025-11-17;;
RN Sul;23768,0;NOVA CRUZ;15443,91;297;26,0;2025-11-18;;
RN Sul;23768,0;NOVA CRUZ;17551,57;319;35,0;2025-11-19;;
RN Sul;23768,0;NOVA CRUZ;22119,21;299;32,0;2025-11-20;;
RN Sul;23768,0;NOVA CRUZ;16975,73;288;26,0;2025-11-21;;
RN Sul;23768,0;NOVA CRUZ;18160,38;283;30,0;2025-11-22;;
RN Sul;23768,0;NOVA CRUZ;6268,91;117;8,0;2025-11-23;;
RN Sul;23768,0;NOVA CRUZ;10706,88;194;25,0;2025-11-24;;
RN Sul;23768,0;NOVA CRUZ;16094,23;251;18,0;2025-11-25;;
RN Sul;23768,0;NOVA CRUZ;9528,97;158;18,0;2025-11-26;;
RN Sul;23768,0;NOVA CRUZ;54215,12;1046;59,0;2025-11-27;;
RN Sul;23768,0;NOVA CRUZ;25292,32;469;36,0;2025-11-28;;
RN Sul;23768,0;NOVA CRUZ;20761,13;373;45,0;2025-11-29;;
RN Sul;23768,0;NOVA CRUZ;17565,93;335;34,0;2025-11-30;;
RN Sul;23768,0;NOVA CRUZ;26745,37;730;38,0;2025-12-06;;
RN Sul;23768,0;NOVA CRUZ;9576,52;209;14,0;2025-12-08;;
RN Sul;23768,0;NOVA CRUZ;11461,72;296;25,0;2025-12-09;;
RN Sul;23768,0;NOVA CRUZ;10938,79;293;24,0;2025-12-10;;
RN Sul;23768,0;NOVA CRUZ;13429,58;356;24,0;2025-12-11;;
RN Sul;23768,0;NOVA CRUZ;11159,57;217;18,0;2025-12-12;;
RN Sul;23768,0;NOVA CRUZ;16720,88;376;26,0;2025-12-13;;
RN Sul;23768,0;NOVA CRUZ;7621,18;169;18,0;2025-12-15;;
RN Sul;23768,0;NOVA CRUZ;9522,39;214;20,0;2025-12-16;;
RN Sul;23768,0;NOVA CRUZ;8619,89;230;17,0;2025-12-17;;
RN Sul;23768,0;NOVA CRUZ;12271,91;249;19,0;2025-12-18;;
RN Sul;23768,0;NOVA CRUZ;14996,53;317;19,0;2025-12-19;;
RN Sul;23768,0;NOVA CRUZ;9636,91;267;20,0;2025-12-20;;
RN Sul;23768,0;NOVA CRUZ;7910,54;208;12,0;2025-12-21;;
RN Sul;23768,0;NOVA CRUZ;14394,59;342;22,0;2025-12-22;;
RN Sul;23768,0;NOVA CRUZ;14007,55;317;27,0;2025-12-23;;
RN Sul;23768,0;NOVA CRUZ;9065,12;151;19,0;2025-12-24;;
RN Sul;23768,0;NOVA CRUZ;42235,95;909;35,0;2025-12-26;;
RN Sul;23768,0;NOVA CRUZ;23989,83;491;36,0;2025-12-27;;
RN Sul;23768,0;NOVA CRUZ;10363,53;208;11,0;2025-12-28;;
RN Sul;23768,0;NOVA CRUZ;15156,34;378;24,0;2025-12-29;;
RN Sul;23768,0;NOVA CRUZ;16993,87;387;32,0;2025-12-30;;
RN Sul;23768,0;NOVA CRUZ;10625,28;225;18,0;2025-12-31;;
Oeste do Ceará;21415,0;PARACURU;4411,79;98;20,0;2025-01-02;;
Oeste do Ceará;21415,0;PARACURU;6496,44;134;23,0;2025-01-03;;
Oeste do Ceará;21415,0;PARACURU;7494,38;120;21,0;2025-01-04;;
Oeste do Ceará;21415,0;PARACURU;13041,03;237;27,0;2025-01-06;;
Oeste do Ceará;21415,0;PARACURU;14523,62;280;18,0;2025-01-07;;
Oeste do Ceará;21415,0;PARACURU;9773,13;178;23,0;2025-01-08;;
Oeste do Ceará;21415,0;PARACURU;8718,35;140;20,0;2025-01-09;;
Oeste do Ceará;21415,0;PARACURU;16782,4;320;33,0;2025-01-10;;
Oeste do Ceará;21415,0;PARACURU;4479,02;79;13,0;2025-01-11;;
Oeste do Ceará;21415,0;PARACURU;8845,2;155;28,0;2025-01-13;;
Oeste do Ceará;21415,0;PARACURU;11799,47;187;17,0;2025-01-14;;
Oeste do Ceará;21415,0;PARACURU;6163,54;107;16,0;2025-01-15;;
Oeste do Ceará;21415,0;PARACURU;25497,73;372;50,0;2025-01-16;;
Oeste do Ceará;21415,0;PARACURU;13593,05;182;26,0;2025-01-17;;
Oeste do Ceará;21415,0;PARACURU;4249,3;71;16,0;2025-01-18;;
Oeste do Ceará;21415,0;PARACURU;17428,66;340;26,0;2025-01-20;;
Oeste do Ceará;21415,0;PARACURU;21674,92;448;55,0;2025-01-21;;
Oeste do Ceará;21415,0;PARACURU;4917,64;88;13,0;2025-01-22;;
Oeste do Ceará;21415,0;PARACURU;11120,78;203;27,0;2025-01-23;;
Oeste do Ceará;21415,0;PARACURU;12018,0;196;22,0;2025-01-24;;
Oeste do Ceará;21415,0;PARACURU;5584,93;92;16,0;2025-01-25;;
Oeste do Ceará;21415,0;PARACURU;1563,3;21;4,0;2025-01-26;;
Oeste do Ceará;21415,0;PARACURU;8969,77;144;22,0;2025-01-27;;
Oeste do Ceará;21415,0;PARACURU;4855,04;89;13,0;2025-01-28;;
Oeste do Ceará;21415,0;PARACURU;5050,96;94;19,0;2025-01-29;;
Oeste do Ceará;21415,0;PARACURU;4022,12;80;12,0;2025-01-30;;
Oeste do Ceará;21415,0;PARACURU;10757,04;162;20,0;2025-01-31;;
Oeste do Ceará;21415,0;PARACURU;12178,46;218;25,0;2025-02-01;;
Oeste do Ceará;21415,0;PARACURU;7320,7;117;23,0;2025-02-03;;
Oeste do Ceará;21415,0;PARACURU;34812,19;533;57,0;2025-02-04;;
Oeste do Ceará;21415,0;PARACURU;10873,43;181;33,0;2025-02-05;;
Oeste do Ceará;21415,0;PARACURU;11172,26;188;27,0;2025-02-06;;
Oeste do Ceará;21415,0;PARACURU;14157,54;226;34,0;2025-02-07;;
Oeste do Ceará;21415,0;PARACURU;7117,43;151;14,0;2025-02-08;;
Oeste do Ceará;21415,0;PARACURU;15740,19;214;29,0;2025-02-10;;
Oeste do Ceará;21415,0;PARACURU;13552,15;271;43,0;2025-02-11;;
Oeste do Ceará;21415,0;PARACURU;26207,48;426;33,0;2025-02-12;;
Oeste do Ceará;21415,0;PARACURU;12003,15;226;27,0;2025-02-13;;
Oeste do Ceará;21415,0;PARACURU;9576,88;202;25,0;2025-02-14;;
Oeste do Ceará;21415,0;PARACURU;7062,73;154;18,0;2025-02-15;;
Oeste do Ceará;21415,0;PARACURU;8687,04;143;18,0;2025-02-17;;
Oeste do Ceará;21415,0;PARACURU;6913,99;125;19,0;2025-02-18;;
Oeste do Ceará;21415,0;PARACURU;7734,76;154;22,0;2025-02-19;;
Oeste do Ceará;21415,0;PARACURU;9542,94;197;16,0;2025-02-20;;
Oeste do Ceará;21415,0;PARACURU;6505,16;113;17,0;2025-02-21;;
Oeste do Ceará;21415,0;PARACURU;7554,5;144;17,0;2025-02-22;;
Oeste do Ceará;21415,0;PARACURU;828,56;19;3,0;2025-02-23;;
Oeste do Ceará;21415,0;PARACURU;8085,24;136;21,0;2025-02-24;;
Oeste do Ceará;21415,0;PARACURU;4468,66;81;11,0;2025-02-25;;
Oeste do Ceará;21415,0;PARACURU;15836,45;269;30,0;2025-02-26;;
Oeste do Ceará;21415,0;PARACURU;8117,44;147;23,0;2025-02-27;;
Oeste do Ceará;21415,0;PARACURU;12642,29;197;21,0;2025-02-28;;
Oeste do Ceará;21415,0;PARACURU;2753,27;39;11,0;2025-03-01;;
Oeste do Ceará;21415,0;PARACURU;3941,97;73;14,0;2025-03-05;;
Oeste do Ceará;21415,0;PARACURU;18333,23;375;35,0;2025-03-06;;
Oeste do Ceará;21415,0;PARACURU;10129,35;203;25,0;2025-03-07;;
Oeste do Ceará;21415,0;PARACURU;11505,33;212;24,0;2025-03-08;;
Oeste do Ceará;21415,0;PARACURU;20448,42;352;34,0;2025-03-10;;
Oeste do Ceará;21415,0;PARACURU;42720,84;668;38,0;2025-03-11;;
Oeste do Ceará;21415,0;PARACURU;13653,33;311;36,0;2025-03-12;;
Oeste do Ceará;21415,0;PARACURU;14330,98;256;25,0;2025-03-13;;
Oeste do Ceará;21415,0;PARACURU;27722,33;402;38,0;2025-03-14;;
Oeste do Ceará;21415,0;PARACURU;26445,3;349;29,0;2025-03-15;;
Oeste do Ceará;21415,0;PARACURU;14603,13;217;26,0;2025-03-17;;
Oeste do Ceará;21415,0;PARACURU;16236,34;233;32,0;2025-03-18;;
Oeste do Ceará;21415,0;PARACURU;8038,8;117;16,0;2025-03-19;;
Oeste do Ceará;21415,0;PARACURU;23189,75;337;38,0;2025-03-20;;
Oeste do Ceará;21415,0;PARACURU;13742,72;165;27,0;2025-03-21;;
Oeste do Ceará;21415,0;PARACURU;12763,3;199;23,0;2025-03-22;;
Oeste do Ceará;21415,0;PARACURU;1484,8;17;3,0;2025-03-23;;
Oeste do Ceará;21415,0;PARACURU;19328,91;308;34,0;2025-03-24;;
Oeste do Ceará;21415,0;PARACURU;10961,09;241;16,0;2025-03-25;;
Oeste do Ceará;21415,0;PARACURU;13364,32;237;25,0;2025-03-26;;
Oeste do Ceará;21415,0;PARACURU;20125,91;349;31,0;2025-03-27;;
Oeste do Ceará;21415,0;PARACURU;18759,01;298;39,0;2025-03-28;;
Oeste do Ceará;21415,0;PARACURU;8912,42;145;20,0;2025-03-29;;
Oeste do Ceará;21415,0;PARACURU;7675,08;135;15,0;2025-03-30;;
Oeste do Ceará;21415,0;PARACURU;15030,4;259;39,0;2025-03-31;;
Oeste do Ceará;21415,0;PARACURU;13884,54;238;30,0;2025-04-01;;
Oeste do Ceará;21415,0;PARACURU;5763,84;95;11,0;2025-04-02;;
Oeste do Ceará;21415,0;PARACURU;9899,06;156;16,0;2025-04-03;;
Oeste do Ceará;21415,0;PARACURU;17159,96;322;37,0;2025-04-04;;
Oeste do Ceará;21415,0;PARACURU;9271,06;151;22,0;2025-04-05;;
Oeste do Ceará;21415,0;PARACURU;9191,24;139;21,0;2025-04-07;;
Oeste do Ceará;21415,0;PARACURU;22368,68;334;31,0;2025-04-08;;
Oeste do Ceará;21415,0;PARACURU;18623,35;275;37,0;2025-04-09;;
Oeste do Ceará;21415,0;PARACURU;24893,25;326;22,0;2025-04-10;;
Oeste do Ceará;21415,0;PARACURU;11792,34;173;27,0;2025-04-11;;
Oeste do Ceará;21415,0;PARACURU;9596,12;149;29,0;2025-04-12;;
Oeste do Ceará;21415,0;PARACURU;16920,72;338;25,0;2025-04-14;;
Oeste do Ceará;21415,0;PARACURU;13992,87;228;26,0;2025-04-15;;
Oeste do Ceará;21415,0;PARACURU;6288,34;115;17,0;2025-04-16;;
Oeste do Ceará;21415,0;PARACURU;7529,28;128;15,0;2025-04-17;;
Oeste do Ceará;21415,0;PARACURU;13779,86;195;24,0;2025-04-22;;
Oeste do Ceará;21415,0;PARACURU;22842,1;371;33,0;2025-04-23;;
Oeste do Ceará;21415,0;PARACURU;22839,34;390;41,0;2025-04-24;;
Oeste do Ceará;21415,0;PARACURU;13085,18;214;28,0;2025-04-25;;
Oeste do Ceará;21415,0;PARACURU;10758,38;194;20,0;2025-04-26;;
Oeste do Ceará;21415,0;PARACURU;7870,55;119;19,0;2025-04-28;;
Oeste do Ceará;21415,0;PARACURU;9022,65;141;17,0;2025-04-29;;
Oeste do Ceará;21415,0;PARACURU;9914,64;142;20,0;2025-04-30;;
Oeste do Ceará;21415,0;PARACURU;6476,01;93;11,0;2025-05-01;;
Oeste do Ceará;21415,0;PARACURU;19894,66;286;31,0;2025-05-02;;
Oeste do Ceará;21415,0;PARACURU;21185,11;347;38,0;2025-05-03;;
Oeste do Ceará;21415,0;PARACURU;1692,68;17;3,0;2025-05-04;;
Oeste do Ceará;21415,0;PARACURU;9754,2;152;22,0;2025-05-05;;
Oeste do Ceará;21415,0;PARACURU;19751,29;240;39,0;2025-05-06;;
Oeste do Ceará;21415,0;PARACURU;24710,01;374;49,0;2025-05-07;;
Oeste do Ceará;21415,0;PARACURU;30545,94;393;52,0;2025-05-08;;
Oeste do Ceará;21415,0;PARACURU;22014,02;297;43,0;2025-05-09;;
Oeste do Ceará;21415,0;PARACURU;35527,31;502;77,0;2025-05-10;;
Oeste do Ceará;21415,0;PARACURU;9748,6;152;32,0;2025-05-11;;
Oeste do Ceará;21415,0;PARACURU;10016,59;134;23,0;2025-05-12;;
Oeste do Ceará;21415,0;PARACURU;17102,74;284;21,0;2025-05-13;;
Oeste do Ceará;21415,0;PARACURU;33053,19;589;36,0;2025-05-14;;
Oeste do Ceará;21415,0;PARACURU;9186,86;182;27,0;2025-05-15;;
Oeste do Ceará;21415,0;PARACURU;9354,07;171;24,0;2025-05-16;;
Oeste do Ceará;21415,0;PARACURU;11061,58;217;26,0;2025-05-17;;
Oeste do Ceará;21415,0;PARACURU;18097,78;285;30,0;2025-05-19;;
Oeste do Ceará;21415,0;PARACURU;22612,79;429;40,0;2025-05-20;;
Oeste do Ceará;21415,0;PARACURU;19405,64;342;34,0;2025-05-21;;
Oeste do Ceará;21415,0;PARACURU;37330,7;640;58,0;2025-05-22;;
Oeste do Ceará;21415,0;PARACURU;21092,08;344;38,0;2025-05-23;;
Oeste do Ceará;21415,0;PARACURU;22879,94;375;39,0;2025-05-24;;
Oeste do Ceará;21415,0;PARACURU;18312,01;344;32,0;2025-05-26;;
Oeste do Ceará;21415,0;PARACURU;9924,54;162;25,0;2025-05-27;;
Oeste do Ceará;21415,0;PARACURU;18773,3;270;40,0;2025-05-28;;
Oeste do Ceará;21415,0;PARACURU;7676,45;147;23,0;2025-05-29;;
Oeste do Ceará;21415,0;PARACURU;7273,25;117;19,0;2025-05-30;;
Oeste do Ceará;21415,0;PARACURU;9931,32;179;27,0;2025-05-31;;
Oeste do Ceará;21415,0;PARACURU;6523,53;121;20,0;2025-06-02;;
Oeste do Ceará;21415,0;PARACURU;13780,4;242;27,0;2025-06-03;;
Oeste do Ceará;21415,0;PARACURU;10492,42;212;28,0;2025-06-04;;
Oeste do Ceará;21415,0;PARACURU;20132,49;346;32,0;2025-06-05;;
Oeste do Ceará;21415,0;PARACURU;19396,58;338;36,0;2025-06-06;;
Oeste do Ceará;21415,0;PARACURU;13327,59;200;27,0;2025-06-07;;
Oeste do Ceará;21415,0;PARACURU;12229,26;178;32,0;2025-06-09;;
Oeste do Ceará;21415,0;PARACURU;23582,33;348;47,0;2025-06-10;;
Oeste do Ceará;21415,0;PARACURU;13572,67;236;33,0;2025-06-11;;
Oeste do Ceará;21415,0;PARACURU;15493,14;238;48,0;2025-06-12;;
Oeste do Ceará;21415,0;PARACURU;33828,52;652;49,0;2025-06-13;;
Oeste do Ceará;21415,0;PARACURU;16295,13;324;31,0;2025-06-14;;
Oeste do Ceará;21415,0;PARACURU;16580,14;324;29,0;2025-06-16;;
Oeste do Ceará;21415,0;PARACURU;14325,42;248;23,0;2025-06-17;;
Oeste do Ceará;21415,0;PARACURU;18702,74;274;27,0;2025-06-18;;
Oeste do Ceará;21415,0;PARACURU;12000,06;214;18,0;2025-06-19;;
Oeste do Ceará;21415,0;PARACURU;14855,83;259;28,0;2025-06-20;;
Oeste do Ceará;21415,0;PARACURU;13007,22;162;23,0;2025-06-21;;
Oeste do Ceará;21415,0;PARACURU;30840,7;316;37,0;2025-06-23;;
Oeste do Ceará;21415,0;PARACURU;9754,25;144;23,0;2025-06-24;;
Oeste do Ceará;21415,0;PARACURU;10191,0;134;18,0;2025-06-25;;
Oeste do Ceará;21415,0;PARACURU;12824,52;168;26,0;2025-06-26;;
Oeste do Ceará;21415,0;PARACURU;10638,33;143;21,0;2025-06-27;;
Oeste do Ceará;21415,0;PARACURU;11779,28;147;24,0;2025-06-28;;
Oeste do Ceará;21415,0;PARACURU;30633,35;524;37,0;2025-06-30;;
Oeste do Ceará;21415,0;PARACURU;22871,31;382;50,0;2025-07-01;;
Oeste do Ceará;21415,0;PARACURU;17524,94;256;23,0;2025-07-02;;
Oeste do Ceará;21415,0;PARACURU;18671,82;249;31,0;2025-07-03;;
Oeste do Ceará;21415,0;PARACURU;22213,37;345;45,0;2025-07-04;;
Oeste do Ceará;21415,0;PARACURU;14899,67;203;25,0;2025-07-05;;
Oeste do Ceará;21415,0;PARACURU;22804,35;468;35,0;2025-07-07;;
Oeste do Ceará;21415,0;PARACURU;11153,55;191;19,0;2025-07-08;;
Oeste do Ceará;21415,0;PARACURU;8681,7;197;25,0;2025-07-09;;
Oeste do Ceará;21415,0;PARACURU;13648,72;232;24,0;2025-07-10;;
Oeste do Ceará;21415,0;PARACURU;11763,46;160;26,0;2025-07-11;;
Oeste do Ceará;21415,0;PARACURU;11872,5;187;22,0;2025-07-12;;
Oeste do Ceará;21415,0;PARACURU;3287,3;68;9,0;2025-07-14;;
Oeste do Ceará;21415,0;PARACURU;8813,25;135;26,0;2025-07-15;;
Oeste do Ceará;21415,0;PARACURU;21282,64;386;34,0;2025-07-16;;
Oeste do Ceará;21415,0;PARACURU;13727,47;213;28,0;2025-07-17;;
Oeste do Ceará;21415,0;PARACURU;16943,2;331;35,0;2025-07-18;;
Oeste do Ceará;21415,0;PARACURU;3662,46;74;14,0;2025-07-19;;
Oeste do Ceará;21415,0;PARACURU;22076,97;461;32,0;2025-07-21;;
Oeste do Ceará;21415,0;PARACURU;12496,69;254;30,0;2025-07-22;;
Oeste do Ceará;21415,0;PARACURU;30994,52;616;36,0;2025-07-23;;
Oeste do Ceará;21415,0;PARACURU;17334,85;369;38,0;2025-07-24;;
Oeste do Ceará;21415,0;PARACURU;14579,16;308;28,0;2025-07-25;;
Oeste do Ceará;21415,0;PARACURU;8381,76;189;22,0;2025-07-26;;
Oeste do Ceará;21415,0;PARACURU;14162,04;271;28,0;2025-07-28;;
Oeste do Ceará;21415,0;PARACURU;20232,3;373;40,0;2025-07-29;;
Oeste do Ceará;21415,0;PARACURU;15145,3;264;37,0;2025-07-30;;
Oeste do Ceará;21415,0;PARACURU;16423,69;225;36,0;2025-07-31;;
Oeste do Ceará;21415,0;PARACURU;9635,13;155;24,0;2025-08-01;;
Oeste do Ceará;21415,0;PARACURU;11883,99;160;24,0;2025-08-02;;
Oeste do Ceará;21415,0;PARACURU;9781,0;132;22,0;2025-08-04;;
Oeste do Ceará;21415,0;PARACURU;18655,27;278;33,0;2025-08-05;;
Oeste do Ceará;21415,0;PARACURU;20410,16;336;39,0;2025-08-06;;
Oeste do Ceará;21415,0;PARACURU;9189,55;160;31,0;2025-08-07;;
Oeste do Ceará;21415,0;PARACURU;19292,12;270;38,0;2025-08-08;;
Oeste do Ceará;21415,0;PARACURU;21098,13;320;48,0;2025-08-09;;
Oeste do Ceará;21415,0;PARACURU;4413,19;72;13,0;2025-08-10;;
Oeste do Ceará;21415,0;PARACURU;19255,39;375;30,0;2025-08-11;;
Oeste do Ceará;21415,0;PARACURU;14922,23;239;30,0;2025-08-12;;
Oeste do Ceará;21415,0;PARACURU;14351,68;316;30,0;2025-08-13;;
Oeste do Ceará;21415,0;PARACURU;20901,31;472;32,0;2025-08-14;;
Oeste do Ceará;21415,0;PARACURU;10541,27;202;25,0;2025-08-15;;
Oeste do Ceará;21415,0;PARACURU;13512,49;276;31,0;2025-08-16;;
Oeste do Ceará;21415,0;PARACURU;13398,01;276;32,0;2025-08-18;;
Oeste do Ceará;21415,0;PARACURU;11425,29;229;21,0;2025-08-19;;
Oeste do Ceará;21415,0;PARACURU;12855,52;250;28,0;2025-08-20;;
Oeste do Ceará;21415,0;PARACURU;24247,54;492;46,0;2025-08-21;;
Oeste do Ceará;21415,0;PARACURU;14472,02;259;33,0;2025-08-22;;
Oeste do Ceará;21415,0;PARACURU;7799,32;162;20,0;2025-08-23;;
Oeste do Ceará;21415,0;PARACURU;9671,7;172;24,0;2025-08-25;;
Oeste do Ceará;21415,0;PARACURU;16424,88;309;32,0;2025-08-26;;
Oeste do Ceará;21415,0;PARACURU;15186,51;308;36,0;2025-08-27;;
Oeste do Ceará;21415,0;PARACURU;13414,61;204;30,0;2025-08-28;;
Oeste do Ceará;21415,0;PARACURU;13660,17;237;31,0;2025-08-29;;
Oeste do Ceará;21415,0;PARACURU;15673,52;288;33,0;2025-08-30;;
Oeste do Ceará;21415,0;PARACURU;16656,93;401;33,0;2025-09-01;;
Oeste do Ceará;21415,0;PARACURU;10256,4;235;33,0;2025-09-02;;
Oeste do Ceará;21415,0;PARACURU;14626,12;323;31,0;2025-09-03;;
Oeste do Ceará;21415,0;PARACURU;9762,45;218;22,0;2025-09-04;;
Oeste do Ceará;21415,0;PARACURU;39253,04;615;58,0;2025-09-05;;
Oeste do Ceará;21415,0;PARACURU;10536,64;226;24,0;2025-09-06;;
Oeste do Ceará;21415,0;PARACURU;37035,92;560;41,0;2025-09-08;;
Oeste do Ceará;21415,0;PARACURU;16827,27;247;31,0;2025-09-09;;
Oeste do Ceará;21415,0;PARACURU;29892,65;474;33,0;2025-09-10;;
Oeste do Ceará;21415,0;PARACURU;24795,79;421;44,0;2025-09-11;;
Oeste do Ceará;21415,0;PARACURU;13600,98;221;31,0;2025-09-12;;
Oeste do Ceará;21415,0;PARACURU;13226,33;233;26,0;2025-09-13;;
Oeste do Ceará;21415,0;PARACURU;17519,94;290;27,0;2025-09-15;;
Oeste do Ceará;21415,0;PARACURU;14237,49;219;21,0;2025-09-16;;
Oeste do Ceará;21415,0;PARACURU;13334,47;242;26,0;2025-09-17;;
Oeste do Ceará;21415,0;PARACURU;13443,16;241;29,0;2025-09-18;;
Oeste do Ceará;21415,0;PARACURU;10792,8;188;23,0;2025-09-19;;
Oeste do Ceará;21415,0;PARACURU;7491,94;130;22,0;2025-09-20;;
Oeste do Ceará;21415,0;PARACURU;8272,71;130;19,0;2025-09-21;;
Oeste do Ceará;21415,0;PARACURU;20066,61;456;30,0;2025-09-23;;
Oeste do Ceará;21415,0;PARACURU;29470,78;653;30,0;2025-09-24;;
Oeste do Ceará;21415,0;PARACURU;21019,89;466;29,0;2025-09-25;;
Oeste do Ceará;21415,0;PARACURU;18516,47;404;26,0;2025-09-26;;
Oeste do Ceará;21415,0;PARACURU;19281,96;462;26,0;2025-09-27;;
Oeste do Ceará;21415,0;PARACURU;38075,37;570;20,0;2025-09-29;;
Oeste do Ceará;21415,0;PARACURU;9962,49;313;22,0;2025-09-30;;
Oeste do Ceará;21415,0;PARACURU;9233,14;262;23,0;2025-10-01;;
Oeste do Ceará;21415,0;PARACURU;24499,22;410;36,0;2025-10-02;;
Oeste do Ceará;21415,0;PARACURU;24259,85;435;43,0;2025-10-03;;
Oeste do Ceará;21415,0;PARACURU;20754,14;320;33,0;2025-10-04;;
Oeste do Ceará;21415,0;PARACURU;24195,94;398;42,0;2025-10-06;;
Oeste do Ceará;21415,0;PARACURU;14929,88;302;28,0;2025-10-07;;
Oeste do Ceará;21415,0;PARACURU;15689,84;269;24,0;2025-10-08;;
Oeste do Ceará;21415,0;PARACURU;17128,86;299;31,0;2025-10-09;;
Oeste do Ceará;21415,0;PARACURU;11259,82;229;26,0;2025-10-10;;
Oeste do Ceará;21415,0;PARACURU;11648,98;213;20,0;2025-10-11;;
Oeste do Ceará;21415,0;PARACURU;4665,92;90;6,0;2025-10-12;;
Oeste do Ceará;21415,0;PARACURU;19295,74;389;31,0;2025-10-13;;
Oeste do Ceará;21415,0;PARACURU;13728,45;324;23,0;2025-10-14;;
Oeste do Ceará;21415,0;PARACURU;13984,94;312;22,0;2025-10-15;;
Oeste do Ceará;21415,0;PARACURU;12548,64;276;22,0;2025-10-16;;
Oeste do Ceará;21415,0;PARACURU;7845,42;168;19,0;2025-10-17;;
Oeste do Ceará;21415,0;PARACURU;10747,79;200;20,0;2025-10-18;;
Oeste do Ceará;21415,0;PARACURU;5675,09;158;20,0;2025-10-20;;
Oeste do Ceará;21415,0;PARACURU;7475,88;145;17,0;2025-10-21;;
Oeste do Ceará;21415,0;PARACURU;13403,89;275;23,0;2025-10-22;;
Oeste do Ceará;21415,0;PARACURU;9091,54;177;18,0;2025-10-23;;
Oeste do Ceará;21415,0;PARACURU;5621,08;127;18,0;2025-10-24;;
Oeste do Ceará;21415,0;PARACURU;9726,4;218;22,0;2025-10-25;;
Oeste do Ceará;21415,0;PARACURU;15926,93;289;28,0;2025-10-27;;
Oeste do Ceará;21415,0;PARACURU;11003,33;208;23,0;2025-10-28;;
Oeste do Ceará;21415,0;PARACURU;8738,3;177;16,0;2025-10-29;;
Oeste do Ceará;21415,0;PARACURU;15606,45;310;31,0;2025-10-30;;
Oeste do Ceará;21415,0;PARACURU;18232,74;364;31,0;2025-10-31;;
Oeste do Ceará;21415,0;PARACURU;17429,03;349;37,0;2025-11-01;;
Oeste do Ceará;21415,0;PARACURU;32357,94;739;43,0;2025-11-03;;
Oeste do Ceará;21415,0;PARACURU;18868,54;523;42,0;2025-11-04;;
Oeste do Ceará;21415,0;PARACURU;27274,62;468;35,0;2025-11-05;;
Oeste do Ceará;21415,0;PARACURU;16278,25;361;33,0;2025-11-06;;
Oeste do Ceará;21415,0;PARACURU;21811,52;432;43,0;2025-11-07;;
Oeste do Ceará;21415,0;PARACURU;15198,32;270;29,0;2025-11-08;;
Oeste do Ceará;21415,0;PARACURU;16006,59;278;27,0;2025-11-10;;
Oeste do Ceará;21415,0;PARACURU;16764,41;424;40,0;2025-11-11;;
Oeste do Ceará;21415,0;PARACURU;13069,59;366;31,0;2025-11-12;;
Oeste do Ceará;21415,0;PARACURU;19252,57;437;36,0;2025-11-13;;
Oeste do Ceará;21415,0;PARACURU;16424,25;356;37,0;2025-11-14;;
Oeste do Ceará;21415,0;PARACURU;9820,18;172;17,0;2025-11-15;;
Oeste do Ceará;21415,0;PARACURU;13718,39;215;36,0;2025-11-17;;
Oeste do Ceará;21415,0;PARACURU;14790,15;287;26,0;2025-11-18;;
Oeste do Ceará;21415,0;PARACURU;33207,76;583;31,0;2025-11-19;;
Oeste do Ceará;21415,0;PARACURU;16469,81;228;30,0;2025-11-20;;
Oeste do Ceará;21415,0;PARACURU;10420,28;233;32,0;2025-11-21;;
Oeste do Ceará;21415,0;PARACURU;13329,36;248;26,0;2025-11-22;;
Oeste do Ceará;21415,0;PARACURU;19726,75;398;32,0;2025-11-24;;
Oeste do Ceará;21415,0;PARACURU;16882,18;381;41,0;2025-11-25;;
Oeste do Ceará;21415,0;PARACURU;22829,26;392;29,0;2025-11-26;;
Oeste do Ceará;21415,0;PARACURU;33590,88;603;37,0;2025-11-27;;
Oeste do Ceará;21415,0;PARACURU;38004,75;534;53,0;2025-11-28;;
Oeste do Ceará;21415,0;PARACURU;22879,99;370;48,0;2025-11-29;;
Oeste do Ceará;21415,0;PARACURU;4649,1;91;12,0;2025-11-30;;
Oeste do Ceará;21415,0;PARACURU;18233,22;334;37,0;2025-12-01;;
Oeste do Ceará;21415,0;PARACURU;33240,82;630;46,0;2025-12-02;;
Oeste do Ceará;21415,0;PARACURU;27745,38;496;50,0;2025-12-03;;
Oeste do Ceará;21415,0;PARACURU;16356,23;374;37,0;2025-12-04;;
Oeste do Ceará;21415,0;PARACURU;9531,95;199;15,0;2025-12-05;;
Oeste do Ceará;21415,0;PARACURU;10204,6;259;19,0;2025-12-06;;
Oeste do Ceará;21415,0;PARACURU;14567,34;327;22,0;2025-12-08;;
Oeste do Ceará;21415,0;PARACURU;16633,24;372;23,0;2025-12-09;;
Oeste do Ceará;21415,0;PARACURU;12240,86;366;28,0;2025-12-10;;
Oeste do Ceará;21415,0;PARACURU;15924,96;327;29,0;2025-12-11;;
Oeste do Ceará;21415,0;PARACURU;14945,15;354;29,0;2025-12-12;;
Oeste do Ceará;21415,0;PARACURU;16838,09;412;31,0;2025-12-13;;
Oeste do Ceará;21415,0;PARACURU;2195,59;55;6,0;2025-12-14;;
Oeste do Ceará;21415,0;PARACURU;11730,76;283;33,0;2025-12-15;;
Oeste do Ceará;21415,0;PARACURU;15111,05;312;33,0;2025-12-16;;
Oeste do Ceará;21415,0;PARACURU;14966,58;400;35,0;2025-12-17;;
Oeste do Ceará;21415,0;PARACURU;16846,85;413;35,0;2025-12-18;;
Oeste do Ceará;21415,0;PARACURU;10391,07;245;22,0;2025-12-19;;
Oeste do Ceará;21415,0;PARACURU;19648,63;439;38,0;2025-12-20;;
Oeste do Ceará;21415,0;PARACURU;3781,94;79;12,0;2025-12-21;;
Oeste do Ceará;21415,0;PARACURU;8616,03;222;18,0;2025-12-22;;
Oeste do Ceará;21415,0;PARACURU;24026,76;505;45,0;2025-12-23;;
Oeste do Ceará;21415,0;PARACURU;17814,35;342;35,0;2025-12-24;;
Oeste do Ceará;21415,0;PARACURU;15515,75;406;27,0;2025-12-26;;
Oeste do Ceará;21415,0;PARACURU;27201,98;545;42,0;2025-12-27;;
Oeste do Ceará;21415,0;PARACURU;23744,23;436;36,0;2025-12-29;;
Oeste do Ceará;21415,0;PARACURU;11206,72;247;22,0;2025-12-30;;
Oeste do Ceará;21415,0;PARACURU;6017,14;97;14,0;2025-12-31;;
Oeste do Ceará;21413,0;PARAIPABA;6554,99;104;11,0;2025-01-02;;
Oeste do Ceará;21413,0;PARAIPABA;6986,64;130;16,0;2025-01-03;;
Oeste do Ceará;21413,0;PARAIPABA;3585,25;71;11,0;2025-01-04;;
Oeste do Ceará;21413,0;PARAIPABA;7968,23;130;17,0;2025-01-06;;
Oeste do Ceará;21413,0;PARAIPABA;11639,62;235;24,0;2025-01-07;;
Oeste do Ceará;21413,0;PARAIPABA;12221,61;207;16,0;2025-01-08;;
Oeste do Ceará;21413,0;PARAIPABA;6046,9;114;12,0;2025-01-09;;
Oeste do Ceará;21413,0;PARAIPABA;9432,68;188;24,0;2025-01-10;;
Oeste do Ceará;21413,0;PARAIPABA;6757,73;123;19,0;2025-01-11;;
Oeste do Ceará;21413,0;PARAIPABA;7128,44;123;15,0;2025-01-13;;
Oeste do Ceará;21413,0;PARAIPABA;9637,44;186;26,0;2025-01-14;;
Oeste do Ceará;21413,0;PARAIPABA;5804,78;103;18,0;2025-01-15;;
Oeste do Ceará;21413,0;PARAIPABA;27002,44;342;37,0;2025-01-16;;
Oeste do Ceará;21413,0;PARAIPABA;11292,33;177;31,0;2025-01-17;;
Oeste do Ceará;21413,0;PARAIPABA;3359,16;66;14,0;2025-01-18;;
Oeste do Ceará;21413,0;PARAIPABA;20834,39;335;35,0;2025-01-20;;
Oeste do Ceará;21413,0;PARAIPABA;15021,06;282;29,0;2025-01-21;;
Oeste do Ceará;21413,0;PARAIPABA;16288,8;263;25,0;2025-01-22;;
Oeste do Ceará;21413,0;PARAIPABA;10537,06;209;26,0;2025-01-23;;
Oeste do Ceará;21413,0;PARAIPABA;5697,71;122;16,0;2025-01-24;;
Oeste do Ceará;21413,0;PARAIPABA;4129,92;67;8,0;2025-01-25;;
Oeste do Ceará;21413,0;PARAIPABA;569,37;13;3,0;2025-01-26;;
Oeste do Ceará;21413,0;PARAIPABA;5980,8;105;11,0;2025-01-27;;
Oeste do Ceará;21413,0;PARAIPABA;14416,82;238;26,0;2025-01-28;;
Oeste do Ceará;21413,0;PARAIPABA;6280,19;128;19,0;2025-01-29;;
Oeste do Ceará;21413,0;PARAIPABA;13945,52;229;22,0;2025-01-30;;
Oeste do Ceará;21413,0;PARAIPABA;6684,82;156;21,0;2025-01-31;;
Oeste do Ceará;21413,0;PARAIPABA;4955,97;90;14,0;2025-02-01;;
Oeste do Ceará;21413,0;PARAIPABA;11251,16;214;24,0;2025-02-03;;
Oeste do Ceará;21413,0;PARAIPABA;13630,08;231;29,0;2025-02-04;;
Oeste do Ceará;21413,0;PARAIPABA;14632,59;247;17,0;2025-02-05;;
Oeste do Ceará;21413,0;PARAIPABA;12212,1;208;29,0;2025-02-06;;
Oeste do Ceará;21413,0;PARAIPABA;13157,9;233;27,0;2025-02-07;;
Oeste do Ceará;21413,0;PARAIPABA;11236,58;158;17,0;2025-02-08;;
Oeste do Ceará;21413,0;PARAIPABA;23672,65;364;39,0;2025-02-10;;
Oeste do Ceará;21413,0;PARAIPABA;12416,94;231;22,0;2025-02-11;;
Oeste do Ceará;21413,0;PARAIPABA;8861,05;155;21,0;2025-02-12;;
Oeste do Ceará;21413,0;PARAIPABA;13791,19;267;32,0;2025-02-13;;
Oeste do Ceará;21413,0;PARAIPABA;6944,11;114;17,0;2025-02-14;;
Oeste do Ceará;21413,0;PARAIPABA;9493,7;158;15,0;2025-02-15;;
Oeste do Ceará;21413,0;PARAIPABA;14557,11;233;26,0;2025-02-17;;
Oeste do Ceará;21413,0;PARAIPABA;7600,2;141;22,0;2025-02-18;;
Oeste do Ceará;21413,0;PARAIPABA;7613,94;122;12,0;2025-02-19;;
Oeste do Ceará;21413,0;PARAIPABA;6326,19;111;12,0;2025-02-20;;
Oeste do Ceará;21413,0;PARAIPABA;17611,62;331;25,0;2025-02-21;;
Oeste do Ceará;21413,0;PARAIPABA;10683,37;179;24,0;2025-02-22;;
Oeste do Ceará;21413,0;PARAIPABA;1648,92;30;4,0;2025-02-23;;
Oeste do Ceará;21413,0;PARAIPABA;4037,67;74;13,0;2025-02-24;;
Oeste do Ceará;21413,0;PARAIPABA;5971,02;107;13,0;2025-02-25;;
Oeste do Ceará;21413,0;PARAIPABA;12185,33;213;34,0;2025-02-26;;
Oeste do Ceará;21413,0;PARAIPABA;7067,87;114;20,0;2025-02-27;;
Oeste do Ceará;21413,0;PARAIPABA;7484,29;130;14,0;2025-02-28;;
Oeste do Ceará;21413,0;PARAIPABA;3334,96;51;8,0;2025-03-01;;
Oeste do Ceará;21413,0;PARAIPABA;11754,8;204;22,0;2025-03-05;;
Oeste do Ceará;21413,0;PARAIPABA;19041,69;349;33,0;2025-03-06;;
Oeste do Ceará;21413,0;PARAIPABA;11917,59;242;17,0;2025-03-07;;
Oeste do Ceará;21413,0;PARAIPABA;12255,73;259;22,0;2025-03-08;;
Oeste do Ceará;21413,0;PARAIPABA;12249,63;227;29,0;2025-03-10;;
Oeste do Ceará;21413,0;PARAIPABA;16107,08;291;25,0;2025-03-11;;
Oeste do Ceará;21413,0;PARAIPABA;16191,72;306;28,0;2025-03-12;;
Oeste do Ceará;21413,0;PARAIPABA;21475,19;299;28,0;2025-03-13;;
Oeste do Ceará;21413,0;PARAIPABA;31488,6;424;37,0;2025-03-14;;
Oeste do Ceará;21413,0;PARAIPABA;15526,42;250;23,0;2025-03-15;;
Oeste do Ceará;21413,0;PARAIPABA;17871,95;265;31,0;2025-03-17;;
Oeste do Ceará;21413,0;PARAIPABA;11382,63;184;20,0;2025-03-18;;
Oeste do Ceará;21413,0;PARAIPABA;7614,87;117;14,0;2025-03-19;;
Oeste do Ceará;21413,0;PARAIPABA;11000,68;189;21,0;2025-03-20;;
Oeste do Ceará;21413,0;PARAIPABA;17484,58;267;24,0;2025-03-21;;
Oeste do Ceará;21413,0;PARAIPABA;8257,14;141;21,0;2025-03-22;;
Oeste do Ceará;21413,0;PARAIPABA;4988,12;73;12,0;2025-03-23;;
Oeste do Ceará;21413,0;PARAIPABA;19230,24;296;30,0;2025-03-24;;
Oeste do Ceará;21413,0;PARAIPABA;9820,2;172;16,0;2025-03-25;;
Oeste do Ceará;21413,0;PARAIPABA;7109,24;120;11,0;2025-03-26;;
Oeste do Ceará;21413,0;PARAIPABA;12800,28;252;18,0;2025-03-27;;
Oeste do Ceará;21413,0;PARAIPABA;18136,11;308;28,0;2025-03-28;;
Oeste do Ceará;21413,0;PARAIPABA;15303,84;251;23,0;2025-03-29;;
Oeste do Ceará;21413,0;PARAIPABA;697,31;13;2,0;2025-03-30;;
Oeste do Ceará;21413,0;PARAIPABA;13182,68;206;30,0;2025-03-31;;
Oeste do Ceará;21413,0;PARAIPABA;25929,27;476;37,0;2025-04-01;;
Oeste do Ceará;21413,0;PARAIPABA;7954,49;146;16,0;2025-04-02;;
Oeste do Ceará;21413,0;PARAIPABA;17479,84;277;35,0;2025-04-03;;
Oeste do Ceará;21413,0;PARAIPABA;13589,21;219;17,0;2025-04-04;;
Oeste do Ceará;21413,0;PARAIPABA;12954,47;226;23,0;2025-04-05;;
Oeste do Ceará;21413,0;PARAIPABA;19856,04;299;36,0;2025-04-07;;
Oeste do Ceará;21413,0;PARAIPABA;10627,94;177;22,0;2025-04-08;;
Oeste do Ceará;21413,0;PARAIPABA;9446,4;163;26,0;2025-04-09;;
Oeste do Ceará;21413,0;PARAIPABA;8749,0;154;17,0;2025-04-10;;
Oeste do Ceará;21413,0;PARAIPABA;22711,71;320;28,0;2025-04-11;;
Oeste do Ceará;21413,0;PARAIPABA;11212,14;192;32,0;2025-04-12;;
Oeste do Ceará;21413,0;PARAIPABA;10917,48;195;28,0;2025-04-14;;
Oeste do Ceará;21413,0;PARAIPABA;16277,77;305;33,0;2025-04-15;;
Oeste do Ceará;21413,0;PARAIPABA;12568,88;318;28,0;2025-04-16;;
Oeste do Ceará;21413,0;PARAIPABA;6276,26;121;15,0;2025-04-17;;
Oeste do Ceará;21413,0;PARAIPABA;5734,62;112;12,0;2025-04-19;;
Oeste do Ceará;21413,0;PARAIPABA;1950,7;30;5,0;2025-04-21;;
Oeste do Ceará;21413,0;PARAIPABA;10347,32;206;19,0;2025-04-22;;
Oeste do Ceará;21413,0;PARAIPABA;20949,42;407;28,0;2025-04-23;;
Oeste do Ceará;21413,0;PARAIPABA;11523,72;259;26,0;2025-04-24;;
Oeste do Ceará;21413,0;PARAIPABA;12831,45;213;26,0;2025-04-25;;
Oeste do Ceará;21413,0;PARAIPABA;4826,47;61;9,0;2025-04-26;;
Oeste do Ceará;21413,0;PARAIPABA;17284,01;261;25,0;2025-04-28;;
Oeste do Ceará;21413,0;PARAIPABA;14949,62;301;22,0;2025-04-29;;
Oeste do Ceará;21413,0;PARAIPABA;19865,85;299;32,0;2025-04-30;;
Oeste do Ceará;21413,0;PARAIPABA;12734,97;214;20,0;2025-05-01;;
Oeste do Ceará;21413,0;PARAIPABA;19862,28;309;27,0;2025-05-02;;
Oeste do Ceará;21413,0;PARAIPABA;8453,58;117;23,0;2025-05-03;;
Oeste do Ceará;21413,0;PARAIPABA;2745,12;43;4,0;2025-05-04;;
Oeste do Ceará;21413,0;PARAIPABA;16316,37;265;28,0;2025-05-05;;
Oeste do Ceará;21413,0;PARAIPABA;11060,12;160;25,0;2025-05-06;;
Oeste do Ceará;21413,0;PARAIPABA;23724,07;356;41,0;2025-05-07;;
Oeste do Ceará;21413,0;PARAIPABA;14183,68;212;29,0;2025-05-08;;
Oeste do Ceará;21413,0;PARAIPABA;18054,54;279;39,0;2025-05-09;;
Oeste do Ceará;21413,0;PARAIPABA;20678,72;356;46,0;2025-05-10;;
Oeste do Ceará;21413,0;PARAIPABA;9956,2;172;24,0;2025-05-11;;
Oeste do Ceará;21413,0;PARAIPABA;20431,6;359;32,0;2025-05-12;;
Oeste do Ceará;21413,0;PARAIPABA;12793,46;233;23,0;2025-05-13;;
Oeste do Ceará;21413,0;PARAIPABA;13672,23;237;32,0;2025-05-14;;
Oeste do Ceará;21413,0;PARAIPABA;18190,15;326;22,0;2025-05-15;;
Oeste do Ceará;21413,0;PARAIPABA;9107,04;163;20,0;2025-05-16;;
Oeste do Ceará;21413,0;PARAIPABA;6763,99;118;14,0;2025-05-17;;
Oeste do Ceará;21413,0;PARAIPABA;17626,17;312;32,0;2025-05-19;;
Oeste do Ceará;21413,0;PARAIPABA;20075,7;386;30,0;2025-05-20;;
Oeste do Ceará;21413,0;PARAIPABA;14945,18;279;28,0;2025-05-21;;
Oeste do Ceará;21413,0;PARAIPABA;47334,44;841;63,0;2025-05-22;;
Oeste do Ceará;21413,0;PARAIPABA;32756,64;519;36,0;2025-05-23;;
Oeste do Ceará;21413,0;PARAIPABA;28711,42;488;45,0;2025-05-24;;
Oeste do Ceará;21413,0;PARAIPABA;11400,54;192;30,0;2025-05-26;;
Oeste do Ceará;21413,0;PARAIPABA;15293,95;243;31,0;2025-05-27;;
Oeste do Ceará;21413,0;PARAIPABA;9175,79;152;22,0;2025-05-28;;
Oeste do Ceará;21413,0;PARAIPABA;6312,76;117;17,0;2025-05-29;;
Oeste do Ceará;21413,0;PARAIPABA;11290,64;241;20,0;2025-05-30;;
Oeste do Ceará;21413,0;PARAIPABA;10613,69;211;23,0;2025-05-31;;
Oeste do Ceará;21413,0;PARAIPABA;9604,0;211;21,0;2025-06-02;;
Oeste do Ceará;21413,0;PARAIPABA;9545,66;209;20,0;2025-06-03;;
Oeste do Ceará;21413,0;PARAIPABA;11155,29;246;33,0;2025-06-04;;
Oeste do Ceará;21413,0;PARAIPABA;15066,16;301;30,0;2025-06-05;;
Oeste do Ceará;21413,0;PARAIPABA;11131,46;216;28,0;2025-06-06;;
Oeste do Ceará;21413,0;PARAIPABA;4016,65;66;12,0;2025-06-07;;
Oeste do Ceará;21413,0;PARAIPABA;17448,82;348;33,0;2025-06-09;;
Oeste do Ceará;21413,0;PARAIPABA;14141,17;242;33,0;2025-06-10;;
Oeste do Ceará;21413,0;PARAIPABA;12987,72;241;34,0;2025-06-11;;
Oeste do Ceará;21413,0;PARAIPABA;21325,99;440;48,0;2025-06-12;;
Oeste do Ceará;21413,0;PARAIPABA;25136,24;408;35,0;2025-06-13;;
Oeste do Ceará;21413,0;PARAIPABA;15074,47;233;25,0;2025-06-14;;
Oeste do Ceará;21413,0;PARAIPABA;18809,19;280;26,0;2025-06-16;;
Oeste do Ceará;21413,0;PARAIPABA;18834,74;220;21,0;2025-06-17;;
Oeste do Ceará;21413,0;PARAIPABA;15032,21;222;29,0;2025-06-18;;
Oeste do Ceará;21413,0;PARAIPABA;4190,23;61;8,0;2025-06-19;;
Oeste do Ceará;21413,0;PARAIPABA;15210,81;239;30,0;2025-06-20;;
Oeste do Ceará;21413,0;PARAIPABA;12963,71;193;19,0;2025-06-21;;
Oeste do Ceará;21413,0;PARAIPABA;32622,23;352;40,0;2025-06-23;;
Oeste do Ceará;21413,0;PARAIPABA;8973,0;124;21,0;2025-06-24;;
Oeste do Ceará;21413,0;PARAIPABA;13414,5;152;24,0;2025-06-25;;
Oeste do Ceará;21413,0;PARAIPABA;18309,73;232;26,0;2025-06-26;;
Oeste do Ceará;21413,0;PARAIPABA;12419,96;150;27,0;2025-06-27;;
Oeste do Ceará;21413,0;PARAIPABA;7727,06;121;20,0;2025-06-28;;
Oeste do Ceará;21413,0;PARAIPABA;9863,16;195;30,0;2025-06-30;;
Oeste do Ceará;21413,0;PARAIPABA;26610,55;487;37,0;2025-07-01;;
Oeste do Ceará;21413,0;PARAIPABA;15753,15;315;30,0;2025-07-02;;
Oeste do Ceará;21413,0;PARAIPABA;11894,28;271;32,0;2025-07-03;;
Oeste do Ceará;21413,0;PARAIPABA;11797,74;247;31,0;2025-07-04;;
Oeste do Ceará;21413,0;PARAIPABA;10999,11;217;18,0;2025-07-05;;
Oeste do Ceará;21413,0;PARAIPABA;6641,45;115;13,0;2025-07-07;;
Oeste do Ceará;21413,0;PARAIPABA;8142,3;165;25,0;2025-07-08;;
Oeste do Ceará;21413,0;PARAIPABA;5155,72;96;13,0;2025-07-09;;
Oeste do Ceará;21413,0;PARAIPABA;7786,93;142;22,0;2025-07-10;;
Oeste do Ceará;21413,0;PARAIPABA;5918,84;72;9,0;2025-07-11;;
Oeste do Ceará;21413,0;PARAIPABA;4514,98;65;12,0;2025-07-12;;
Oeste do Ceará;21413,0;PARAIPABA;14494,06;201;19,0;2025-07-14;;
Oeste do Ceará;21413,0;PARAIPABA;8448,92;129;19,0;2025-07-15;;
Oeste do Ceará;21413,0;PARAIPABA;11540,25;223;20,0;2025-07-16;;
Oeste do Ceará;21413,0;PARAIPABA;23780,69;418;41,0;2025-07-17;;
Oeste do Ceará;21413,0;PARAIPABA;23079,48;365;27,0;2025-07-18;;
Oeste do Ceará;21413,0;PARAIPABA;13915,5;218;18,0;2025-07-19;;
Oeste do Ceará;21413,0;PARAIPABA;13441,55;216;31,0;2025-07-21;;
Oeste do Ceará;21413,0;PARAIPABA;22087,85;399;31,0;2025-07-22;;
Oeste do Ceará;21413,0;PARAIPABA;20871,85;452;38,0;2025-07-23;;
Oeste do Ceará;21413,0;PARAIPABA;17541,52;337;36,0;2025-07-24;;
Oeste do Ceará;21413,0;PARAIPABA;9748,1;193;17,0;2025-07-25;;
Oeste do Ceará;21413,0;PARAIPABA;3876,95;85;8,0;2025-07-26;;
Oeste do Ceará;21413,0;PARAIPABA;4834,7;75;8,0;2025-07-28;;
Oeste do Ceará;21413,0;PARAIPABA;6118,56;131;11,0;2025-07-29;;
Oeste do Ceará;21413,0;PARAIPABA;5024,6;94;11,0;2025-07-30;;
Oeste do Ceará;21413,0;PARAIPABA;4040,63;78;10,0;2025-07-31;;
Oeste do Ceará;21413,0;PARAIPABA;16622,67;292;19,0;2025-08-01;;
Oeste do Ceará;21413,0;PARAIPABA;9296,62;178;17,0;2025-08-02;;
Oeste do Ceará;21413,0;PARAIPABA;20800,19;346;27,0;2025-08-04;;
Oeste do Ceará;21413,0;PARAIPABA;16452,45;285;28,0;2025-08-05;;
Oeste do Ceará;21413,0;PARAIPABA;25302,49;470;29,0;2025-08-06;;
Oeste do Ceará;21413,0;PARAIPABA;25463,58;404;38,0;2025-08-07;;
Oeste do Ceará;21413,0;PARAIPABA;21886,54;373;37,0;2025-08-08;;
Oeste do Ceará;21413,0;PARAIPABA;24232,5;356;32,0;2025-08-09;;
Oeste do Ceará;21413,0;PARAIPABA;8075,11;140;17,0;2025-08-10;;
Oeste do Ceará;21413,0;PARAIPABA;12330,54;223;10,0;2025-08-11;;
Oeste do Ceará;21413,0;PARAIPABA;19936,37;435;30,0;2025-08-12;;
Oeste do Ceará;21413,0;PARAIPABA;12841,17;307;15,0;2025-08-13;;
Oeste do Ceará;21413,0;PARAIPABA;9306,57;224;18,0;2025-08-14;;
Oeste do Ceará;21413,0;PARAIPABA;15606,52;309;24,0;2025-08-15;;
Oeste do Ceará;21413,0;PARAIPABA;10113,29;187;11,0;2025-08-16;;
Oeste do Ceará;21413,0;PARAIPABA;6682,25;109;10,0;2025-08-18;;
Oeste do Ceará;21413,0;PARAIPABA;8912,85;169;17,0;2025-08-19;;
Oeste do Ceará;21413,0;PARAIPABA;29613,35;500;26,0;2025-08-20;;
Oeste do Ceará;21413,0;PARAIPABA;16765,12;391;34,0;2025-08-21;;
Oeste do Ceará;21413,0;PARAIPABA;15207,23;285;26,0;2025-08-22;;
Oeste do Ceará;21413,0;PARAIPABA;12873,53;240;20,0;2025-08-23;;
Oeste do Ceará;21413,0;PARAIPABA;4779,66;100;14,0;2025-08-25;;
Oeste do Ceará;21413,0;PARAIPABA;13153,9;250;21,0;2025-08-26;;
Oeste do Ceará;21413,0;PARAIPABA;21399,19;384;39,0;2025-08-27;;
Oeste do Ceará;21413,0;PARAIPABA;8642,51;176;25,0;2025-08-28;;
Oeste do Ceará;21413,0;PARAIPABA;14385,07;352;23,0;2025-08-29;;
Oeste do Ceará;21413,0;PARAIPABA;7048,31;136;18,0;2025-08-30;;
Oeste do Ceará;21413,0;PARAIPABA;20918,09;374;36,0;2025-09-01;;
Oeste do Ceará;21413,0;PARAIPABA;13055,08;329;31,0;2025-09-02;;
Oeste do Ceará;21413,0;PARAIPABA;13458,0;278;25,0;2025-09-03;;
Oeste do Ceará;21413,0;PARAIPABA;9073,78;179;17,0;2025-09-04;;
Oeste do Ceará;21413,0;PARAIPABA;33376,59;498;43,0;2025-09-05;;
Oeste do Ceará;21413,0;PARAIPABA;19150,82;316;29,0;2025-09-06;;
Oeste do Ceará;21413,0;PARAIPABA;8839,19;193;21,0;2025-09-08;;
Oeste do Ceará;21413,0;PARAIPABA;11626,72;195;23,0;2025-09-09;;
Oeste do Ceará;21413,0;PARAIPABA;17377,05;303;32,0;2025-09-10;;
Oeste do Ceará;21413,0;PARAIPABA;13553,52;293;29,0;2025-09-11;;
Oeste do Ceará;21413,0;PARAIPABA;10879,89;174;21,0;2025-09-12;;
Oeste do Ceará;21413,0;PARAIPABA;7961,85;147;19,0;2025-09-13;;
Oeste do Ceará;21413,0;PARAIPABA;5022,92;82;13,0;2025-09-15;;
Oeste do Ceará;21413,0;PARAIPABA;9889,04;142;19,0;2025-09-16;;
Oeste do Ceará;21413,0;PARAIPABA;17714,68;375;43,0;2025-09-17;;
Oeste do Ceará;21413,0;PARAIPABA;10375,93;184;24,0;2025-09-18;;
Oeste do Ceará;21413,0;PARAIPABA;8583,76;187;21,0;2025-09-19;;
Oeste do Ceará;21413,0;PARAIPABA;12041,03;164;14,0;2025-09-20;;
Oeste do Ceará;21413,0;PARAIPABA;5963,86;144;11,0;2025-09-21;;
Oeste do Ceará;21413,0;PARAIPABA;30582,54;579;51,0;2025-09-23;;
Oeste do Ceará;21413,0;PARAIPABA;14603,63;319;26,0;2025-09-24;;
Oeste do Ceará;21413,0;PARAIPABA;9215,35;240;17,0;2025-09-25;;
Oeste do Ceará;21413,0;PARAIPABA;41589,95;850;33,0;2025-09-26;;
Oeste do Ceará;21413,0;PARAIPABA;14320,86;369;20,0;2025-09-27;;
Oeste do Ceará;21413,0;PARAIPABA;8557,51;212;21,0;2025-09-29;;
Oeste do Ceará;21413,0;PARAIPABA;4741,01;105;11,0;2025-09-30;;
Oeste do Ceará;21413,0;PARAIPABA;24105,28;468;31,0;2025-10-01;;
Oeste do Ceará;21413,0;PARAIPABA;20266,52;298;29,0;2025-10-02;;
Oeste do Ceará;21413,0;PARAIPABA;43365,43;574;48,0;2025-10-03;;
Oeste do Ceará;21413,0;PARAIPABA;21288,98;293;22,0;2025-10-04;;
Oeste do Ceará;21413,0;PARAIPABA;12079,22;169;20,0;2025-10-06;;
Oeste do Ceará;21413,0;PARAIPABA;5160,81;99;13,0;2025-10-07;;
Oeste do Ceará;21413,0;PARAIPABA;15774,61;306;28,0;2025-10-08;;
Oeste do Ceará;21413,0;PARAIPABA;12121,09;209;20,0;2025-10-09;;
Oeste do Ceará;21413,0;PARAIPABA;14953,35;245;29,0;2025-10-10;;
Oeste do Ceará;21413,0;PARAIPABA;11659,64;194;26,0;2025-10-11;;
Oeste do Ceará;21413,0;PARAIPABA;5152,48;74;9,0;2025-10-12;;
Oeste do Ceará;21413,0;PARAIPABA;20915,17;433;24,0;2025-10-13;;
Oeste do Ceará;21413,0;PARAIPABA;11031,53;270;27,0;2025-10-14;;
Oeste do Ceará;21413,0;PARAIPABA;7827,88;184;17,0;2025-10-15;;
Oeste do Ceará;21413,0;PARAIPABA;8460,28;199;14,0;2025-10-16;;
Oeste do Ceará;21413,0;PARAIPABA;9655,84;350;13,0;2025-10-17;;
Oeste do Ceará;21413,0;PARAIPABA;3864,82;154;7,0;2025-10-18;;
Oeste do Ceará;21413,0;PARAIPABA;6977,68;176;18,0;2025-10-20;;
Oeste do Ceará;21413,0;PARAIPABA;8650,09;251;22,0;2025-10-21;;
Oeste do Ceará;21413,0;PARAIPABA;10619,81;182;27,0;2025-10-22;;
Oeste do Ceará;21413,0;PARAIPABA;13562,95;264;29,0;2025-10-23;;
Oeste do Ceará;21413,0;PARAIPABA;2703,24;69;7,0;2025-10-24;;
Oeste do Ceará;21413,0;PARAIPABA;4208,44;117;13,0;2025-10-25;;
Oeste do Ceará;21413,0;PARAIPABA;6855,62;141;18,0;2025-10-27;;
Oeste do Ceará;21413,0;PARAIPABA;7808,35;131;11,0;2025-10-28;;
Oeste do Ceará;21413,0;PARAIPABA;10560,02;174;22,0;2025-10-29;;
Oeste do Ceará;21413,0;PARAIPABA;21574,56;427;21,0;2025-10-30;;
Oeste do Ceará;21413,0;PARAIPABA;12920,13;266;25,0;2025-10-31;;
Oeste do Ceará;21413,0;PARAIPABA;6927,55;117;13,0;2025-11-01;;
Oeste do Ceará;21413,0;PARAIPABA;21177,08;470;35,0;2025-11-03;;
Oeste do Ceará;21413,0;PARAIPABA;21296,04;474;38,0;2025-11-04;;
Oeste do Ceará;21413,0;PARAIPABA;14170,25;280;18,0;2025-11-05;;
Oeste do Ceará;21413,0;PARAIPABA;12925,35;307;26,0;2025-11-06;;
Oeste do Ceará;21413,0;PARAIPABA;14122,34;338;29,0;2025-11-07;;
Oeste do Ceará;21413,0;PARAIPABA;23087,0;498;36,0;2025-11-08;;
Oeste do Ceará;21413,0;PARAIPABA;12655,03;259;27,0;2025-11-10;;
Oeste do Ceará;21413,0;PARAIPABA;14060,96;344;29,0;2025-11-11;;
Oeste do Ceará;21413,0;PARAIPABA;11571,04;246;21,0;2025-11-12;;
Oeste do Ceará;21413,0;PARAIPABA;12776,41;246;28,0;2025-11-13;;
Oeste do Ceará;21413,0;PARAIPABA;18089,9;309;34,0;2025-11-14;;
Oeste do Ceará;21413,0;PARAIPABA;4836,84;101;12,0;2025-11-15;;
Oeste do Ceará;21413,0;PARAIPABA;21053,98;325;34,0;2025-11-17;;
Oeste do Ceará;21413,0;PARAIPABA;16270,29;307;34,0;2025-11-18;;
Oeste do Ceará;21413,0;PARAIPABA;19287,13;303;36,0;2025-11-19;;
Oeste do Ceará;21413,0;PARAIPABA;14688,46;262;25,0;2025-11-20;;
Oeste do Ceará;21413,0;PARAIPABA;21919,76;335;40,0;2025-11-21;;
Oeste do Ceará;21413,0;PARAIPABA;16436,4;226;23,0;2025-11-22;;
Oeste do Ceará;21413,0;PARAIPABA;11040,29;171;21,0;2025-11-24;;
Oeste do Ceará;21413,0;PARAIPABA;19099,72;303;31,0;2025-11-25;;
Oeste do Ceará;21413,0;PARAIPABA;12131,98;255;25,0;2025-11-26;;
Oeste do Ceará;21413,0;PARAIPABA;27583,7;423;48,0;2025-11-27;;
Oeste do Ceará;21413,0;PARAIPABA;23292,28;457;42,0;2025-11-28;;
Oeste do Ceará;21413,0;PARAIPABA;24832,26;406;40,0;2025-11-29;;
Oeste do Ceará;21413,0;PARAIPABA;4591,94;79;9,0;2025-11-30;;
Oeste do Ceará;21413,0;PARAIPABA;25772,15;462;25,0;2025-12-01;;
Oeste do Ceará;21413,0;PARAIPABA;27130,66;508;46,0;2025-12-02;;
Oeste do Ceará;21413,0;PARAIPABA;18788,89;388;42,0;2025-12-03;;
Oeste do Ceará;21413,0;PARAIPABA;12517,33;275;27,0;2025-12-04;;
Oeste do Ceará;21413,0;PARAIPABA;7724,64;223;17,0;2025-12-05;;
Oeste do Ceará;21413,0;PARAIPABA;14493,64;403;26,0;2025-12-06;;
Oeste do Ceará;21413,0;PARAIPABA;9968,35;238;22,0;2025-12-08;;
Oeste do Ceará;21413,0;PARAIPABA;7756,73;250;17,0;2025-12-09;;
Oeste do Ceará;21413,0;PARAIPABA;17293,24;359;27,0;2025-12-10;;
Oeste do Ceará;21413,0;PARAIPABA;13972,76;293;24,0;2025-12-11;;
Oeste do Ceará;21413,0;PARAIPABA;7697,13;189;16,0;2025-12-12;;
Oeste do Ceará;21413,0;PARAIPABA;6942,48;169;16,0;2025-12-13;;
Oeste do Ceará;21413,0;PARAIPABA;480,86;14;2,0;2025-12-14;;
Oeste do Ceará;21413,0;PARAIPABA;12135,76;269;31,0;2025-12-15;;
Oeste do Ceará;21413,0;PARAIPABA;8725,83;228;19,0;2025-12-16;;
Oeste do Ceará;21413,0;PARAIPABA;8408,6;194;28,0;2025-12-17;;
Oeste do Ceará;21413,0;PARAIPABA;14846,88;493;30,0;2025-12-18;;
Oeste do Ceará;21413,0;PARAIPABA;6272,64;153;17,0;2025-12-19;;
Oeste do Ceará;21413,0;PARAIPABA;13892,54;276;31,0;2025-12-20;;
Oeste do Ceará;21413,0;PARAIPABA;6011,22;155;12,0;2025-12-21;;
Oeste do Ceará;21413,0;PARAIPABA;11439,77;244;26,0;2025-12-22;;
Oeste do Ceará;21413,0;PARAIPABA;15405,54;418;38,0;2025-12-23;;
Oeste do Ceará;21413,0;PARAIPABA;16826,07;270;40,0;2025-12-24;;
Oeste do Ceará;21413,0;PARAIPABA;25786,59;521;45,0;2025-12-26;;
Oeste do Ceará;21413,0;PARAIPABA;15910,1;319;28,0;2025-12-27;;
Oeste do Ceará;21413,0;PARAIPABA;25361,16;477;41,0;2025-12-29;;
Oeste do Ceará;21413,0;PARAIPABA;11710,96;226;20,0;2025-12-30;;
Oeste do Ceará;21413,0;PARAIPABA;8457,65;149;23,0;2025-12-31;;
Natal;24088,0;PARNAMIRIM;150821,8;3129;176,0;2025-07-16;;
Natal;24088,0;PARNAMIRIM;90403,35;1560;116,0;2025-07-17;;
Natal;24088,0;PARNAMIRIM;82315,09;1504;123,0;2025-07-18;;
Natal;24088,0;PARNAMIRIM;100794,45;1873;135,0;2025-07-19;;
Natal;24088,0;PARNAMIRIM;75353,88;1495;105,0;2025-07-21;;
Natal;24088,0;PARNAMIRIM;86420,68;1729;118,0;2025-07-22;;
Natal;24088,0;PARNAMIRIM;108669,33;2280;121,0;2025-07-23;;
Natal;24088,0;PARNAMIRIM;71076,47;1483;114,0;2025-07-24;;
Natal;24088,0;PARNAMIRIM;47888,4;1003;81,0;2025-07-25;;
Natal;24088,0;PARNAMIRIM;56438,79;1115;88,0;2025-07-26;;
Natal;24088,0;PARNAMIRIM;55171,03;1101;68,0;2025-07-28;;
Natal;24088,0;PARNAMIRIM;52992,78;959;76,0;2025-07-29;;
Natal;24088,0;PARNAMIRIM;54069,32;1365;86,0;2025-07-30;;
Natal;24088,0;PARNAMIRIM;35267,73;833;72,0;2025-07-31;;
Natal;24088,0;PARNAMIRIM;46843,08;1036;90,0;2025-08-01;;
Natal;24088,0;PARNAMIRIM;61608,35;1225;102,0;2025-08-02;;
Natal;24088,0;PARNAMIRIM;62172,69;1124;91,0;2025-08-04;;
Natal;24088,0;PARNAMIRIM;80098,6;1549;114,0;2025-08-05;;
Natal;24088,0;PARNAMIRIM;97257,27;1900;130,0;2025-08-06;;
Natal;24088,0;PARNAMIRIM;95800,12;1893;143,0;2025-08-07;;
Natal;24088,0;PARNAMIRIM;110502,54;1916;155,0;2025-08-08;;
Natal;24088,0;PARNAMIRIM;118046,65;2215;194,0;2025-08-09;;
Natal;24088,0;PARNAMIRIM;91930,77;1738;116,0;2025-08-11;;
Natal;24088,0;PARNAMIRIM;67846,93;1342;132,0;2025-08-12;;
Natal;24088,0;PARNAMIRIM;44072,45;868;77,0;2025-08-13;;
Natal;24088,0;PARNAMIRIM;77561,92;1465;104,0;2025-08-14;;
Natal;24088,0;PARNAMIRIM;52434,62;1179;84,0;2025-08-15;;
Natal;24088,0;PARNAMIRIM;59686,66;1222;106,0;2025-08-16;;
Natal;24088,0;PARNAMIRIM;35756,87;771;71,0;2025-08-18;;
Natal;24088,0;PARNAMIRIM;72404,91;1307;89,0;2025-08-19;;
Natal;24088,0;PARNAMIRIM;72066,81;1439;120,0;2025-08-20;;
Natal;24088,0;PARNAMIRIM;54276,23;969;105,0;2025-08-21;;
Natal;24088,0;PARNAMIRIM;53777,03;968;88,0;2025-08-22;;
Natal;24088,0;PARNAMIRIM;44454,02;836;82,0;2025-08-23;;
Natal;24088,0;PARNAMIRIM;29728,94;499;47,0;2025-08-25;;
Natal;24088,0;PARNAMIRIM;57175,81;1006;106,0;2025-08-26;;
Natal;24088,0;PARNAMIRIM;107280,03;1811;137,0;2025-08-27;;
Natal;24088,0;PARNAMIRIM;57116,51;1016;82,0;2025-08-28;;
Natal;24088,0;PARNAMIRIM;73439,73;1265;91,0;2025-08-29;;
Natal;24088,0;PARNAMIRIM;73585,46;1223;126,0;2025-08-30;;
Natal;24088,0;PARNAMIRIM;14673,52;233;15,0;2025-08-31;;
Natal;24088,0;PARNAMIRIM;97855,08;1910;128,0;2025-09-01;;
Natal;24088,0;PARNAMIRIM;89873,93;1787;141,0;2025-09-02;;
Natal;24088,0;PARNAMIRIM;25353,96;552;49,0;2025-09-03;;
Natal;24088,0;PARNAMIRIM;47459,33;991;72,0;2025-09-04;;
Natal;24088,0;PARNAMIRIM;226173,8;3833;237,0;2025-09-05;;
Natal;24088,0;PARNAMIRIM;108638,72;1914;169,0;2025-09-06;;
Natal;24088,0;PARNAMIRIM;82116,15;1392;124,0;2025-09-08;;
Natal;24088,0;PARNAMIRIM;85399,3;1506;131,0;2025-09-09;;
Natal;24088,0;PARNAMIRIM;96953,17;1601;132,0;2025-09-10;;
Natal;24088,0;PARNAMIRIM;71137,06;1156;126,0;2025-09-11;;
Natal;24088,0;PARNAMIRIM;62191,71;1115;130,0;2025-09-12;;
Natal;24088,0;PARNAMIRIM;68354,54;1344;121,0;2025-09-13;;
Natal;24088,0;PARNAMIRIM;16669,29;280;20,0;2025-09-14;;
Natal;24088,0;PARNAMIRIM;44073,52;740;80,0;2025-09-15;;
Natal;24088,0;PARNAMIRIM;50246,0;829;96,0;2025-09-16;;
Natal;24088,0;PARNAMIRIM;76703,91;1569;137,0;2025-09-17;;
Natal;24088,0;PARNAMIRIM;90142,5;1592;136,0;2025-09-18;;
Natal;24088,0;PARNAMIRIM;64720,97;1054;113,0;2025-09-19;;
Natal;24088,0;PARNAMIRIM;80661,8;1240;136,0;2025-09-20;;
Natal;24088,0;PARNAMIRIM;12824,77;199;18,0;2025-09-21;;
Natal;24088,0;PARNAMIRIM;152546,76;2614;126,0;2025-09-22;;
Natal;24088,0;PARNAMIRIM;63305,67;1446;96,0;2025-09-23;;
Natal;24088,0;PARNAMIRIM;77486,18;1744;100,0;2025-09-24;;
Natal;24088,0;PARNAMIRIM;74630,86;1491;101,0;2025-09-25;;
Natal;24088,0;PARNAMIRIM;126147,53;1803;102,0;2025-09-26;;
Natal;24088,0;PARNAMIRIM;67450,74;1074;95,0;2025-09-27;;
Natal;24088,0;PARNAMIRIM;57168,7;1011;81,0;2025-09-29;;
Natal;24088,0;PARNAMIRIM;69919,3;1385;93,0;2025-09-30;;
Natal;24088,0;PARNAMIRIM;58010,11;918;81,0;2025-10-01;;
Natal;24088,0;PARNAMIRIM;46481,85;875;89,0;2025-10-02;;
Natal;24088,0;PARNAMIRIM;143714,9;1684;98,0;2025-10-03;;
Natal;24088,0;PARNAMIRIM;119106,88;1793;154,0;2025-10-04;;
Natal;24088,0;PARNAMIRIM;71347,89;1153;98,0;2025-10-06;;
Natal;24088,0;PARNAMIRIM;64598,94;1077;110,0;2025-10-07;;
Natal;24088,0;PARNAMIRIM;95908,98;1667;126,0;2025-10-08;;
Natal;24088,0;PARNAMIRIM;95433,72;1621;132,0;2025-10-09;;
Natal;24088,0;PARNAMIRIM;67581,84;1215;131,0;2025-10-10;;
Natal;24088,0;PARNAMIRIM;55696,45;1119;107,0;2025-10-11;;
Natal;24088,0;PARNAMIRIM;74633,59;1643;114,0;2025-10-13;;
Natal;24088,0;PARNAMIRIM;60786,67;1417;111,0;2025-10-14;;
Natal;24088,0;PARNAMIRIM;52031,7;1235;74,0;2025-10-15;;
Natal;24088,0;PARNAMIRIM;42023,62;792;81,0;2025-10-16;;
Natal;24088,0;PARNAMIRIM;40662,69;718;71,0;2025-10-17;;
Natal;24088,0;PARNAMIRIM;68970,2;1082;92,0;2025-10-18;;
Natal;24088,0;PARNAMIRIM;45761,02;686;79,0;2025-10-20;;
Natal;24088,0;PARNAMIRIM;43894,8;667;75,0;2025-10-21;;
Natal;24088,0;PARNAMIRIM;42860,43;739;82,0;2025-10-22;;
Natal;24088,0;PARNAMIRIM;47575,36;872;85,0;2025-10-23;;
Natal;24088,0;PARNAMIRIM;41195,46;696;68,0;2025-10-24;;
Natal;24088,0;PARNAMIRIM;62755,34;971;107,0;2025-10-25;;
Natal;24088,0;PARNAMIRIM;40064,01;563;61,0;2025-10-27;;
Natal;24088,0;PARNAMIRIM;48768,87;764;89,0;2025-10-28;;
Natal;24088,0;PARNAMIRIM;66362,86;1374;71,0;2025-10-29;;
Natal;24088,0;PARNAMIRIM;116693,09;2131;155,0;2025-10-30;;
Natal;24088,0;PARNAMIRIM;119562,39;1974;193,0;2025-10-31;;
Natal;24088,0;PARNAMIRIM;105091,07;1545;154,0;2025-11-01;;
Natal;24088,0;PARNAMIRIM;155206,98;3432;187,0;2025-11-03;;
Natal;24088,0;PARNAMIRIM;101469,98;2120;165,0;2025-11-04;;
Natal;24088,0;PARNAMIRIM;85794,51;1522;127,0;2025-11-05;;
Natal;24088,0;PARNAMIRIM;76210,42;1160;120,0;2025-11-06;;
Natal;24088,0;PARNAMIRIM;98265,78;2288;157,0;2025-11-07;;
Natal;24088,0;PARNAMIRIM;108131,34;1755;162,0;2025-11-08;;
Natal;24088,0;PARNAMIRIM;74543,38;1223;109,0;2025-11-10;;
Natal;24088,0;PARNAMIRIM;73854,95;1696;114,0;2025-11-11;;
Natal;24088,0;PARNAMIRIM;66188,0;1382;120,0;2025-11-12;;
Natal;24088,0;PARNAMIRIM;86391,31;1468;137,0;2025-11-13;;
Natal;24088,0;PARNAMIRIM;89065,01;1417;123,0;2025-11-14;;
Natal;24088,0;PARNAMIRIM;57409,27;873;76,0;2025-11-15;;
Natal;24088,0;PARNAMIRIM;79369,0;1340;114,0;2025-11-17;;
Natal;24088,0;PARNAMIRIM;108287,17;1688;151,0;2025-11-18;;
Natal;24088,0;PARNAMIRIM;111498,67;1580;168,0;2025-11-19;;
Natal;24088,0;PARNAMIRIM;80473,2;1139;82,0;2025-11-20;;
Natal;24088,0;PARNAMIRIM;100066,79;1460;168,0;2025-11-21;;
Natal;24088,0;PARNAMIRIM;75391,57;1097;109,0;2025-11-22;;
Natal;24088,0;PARNAMIRIM;60612,8;1042;110,0;2025-11-24;;
Natal;24088,0;PARNAMIRIM;68917,16;1241;115,0;2025-11-25;;
Natal;24088,0;PARNAMIRIM;73372,84;1406;123,0;2025-11-26;;
Natal;24088,0;PARNAMIRIM;249106,47;4402;222,0;2025-11-27;;
Natal;24088,0;PARNAMIRIM;131383,52;2169;190,0;2025-11-28;;
Natal;24088,0;PARNAMIRIM;125008,41;1874;169,0;2025-11-29;;
Natal;24088,0;PARNAMIRIM;38855,83;621;52,0;2025-11-30;;
Natal;24088,0;PARNAMIRIM;85481,03;1988;164,0;2025-12-01;;
Natal;24088,0;PARNAMIRIM;85652,72;1662;137,0;2025-12-02;;
Natal;24088,0;PARNAMIRIM;73360,3;1487;147,0;2025-12-03;;
Natal;24088,0;PARNAMIRIM;77284,57;1556;146,0;2025-12-04;;
Natal;24088,0;PARNAMIRIM;42999,84;1020;80,0;2025-12-05;;
Natal;24088,0;PARNAMIRIM;52279,95;1302;88,0;2025-12-06;;
Natal;24088,0;PARNAMIRIM;62813,37;1369;95,0;2025-12-08;;
Natal;24088,0;PARNAMIRIM;55925,63;1238;95,0;2025-12-09;;
Natal;24088,0;PARNAMIRIM;51213,93;1069;82,0;2025-12-10;;
Natal;24088,0;PARNAMIRIM;94238,85;1780;122,0;2025-12-11;;
Natal;24088,0;PARNAMIRIM;77870,72;1353;109,0;2025-12-12;;
Natal;24088,0;PARNAMIRIM;97574,82;1537;143,0;2025-12-13;;
Natal;24088,0;PARNAMIRIM;74746,19;1131;120,0;2025-12-15;;
Natal;24088,0;PARNAMIRIM;81146,69;1212;131,0;2025-12-16;;
Natal;24088,0;PARNAMIRIM;63776,03;1061;94,0;2025-12-17;;
Natal;24088,0;PARNAMIRIM;81941,65;1362;116,0;2025-12-18;;
Natal;24088,0;PARNAMIRIM;71432,68;1157;122,0;2025-12-19;;
Natal;24088,0;PARNAMIRIM;49000,97;802;70,0;2025-12-20;;
Natal;24088,0;PARNAMIRIM;16987,93;354;37,0;2025-12-21;;
Natal;24088,0;PARNAMIRIM;118041,13;1824;146,0;2025-12-22;;
Natal;24088,0;PARNAMIRIM;119730,52;2140;172,0;2025-12-23;;
Natal;24088,0;PARNAMIRIM;55631,38;928;93,0;2025-12-24;;
Natal;24088,0;PARNAMIRIM;108574,59;2549;134,0;2025-12-26;;
Natal;24088,0;PARNAMIRIM;88037,47;1702;130,0;2025-12-27;;
Natal;24088,0;PARNAMIRIM;37584,37;703;44,0;2025-12-28;;
Natal;24088,0;PARNAMIRIM;84622,04;1635;132,0;2025-12-29;;
Natal;24088,0;PARNAMIRIM;69431,76;1426;122,0;2025-12-30;;
Natal;24088,0;PARNAMIRIM;24880,48;493;47,0;2025-12-31;;
Oeste do Ceará;21411,0;PECÉM;2348,64;46;5,0;2025-01-02;;
Oeste do Ceará;21411,0;PECÉM;3208,59;68;13,0;2025-01-03;;
Oeste do Ceará;21411,0;PECÉM;3768,74;59;8,0;2025-01-04;;
Oeste do Ceará;21411,0;PECÉM;4075,76;69;11,0;2025-01-06;;
Oeste do Ceará;21411,0;PECÉM;797,02;12;3,0;2025-01-07;;
Oeste do Ceará;21411,0;PECÉM;10119,39;168;22,0;2025-01-08;;
Oeste do Ceará;21411,0;PECÉM;4430,74;81;13,0;2025-01-09;;
Oeste do Ceará;21411,0;PECÉM;8805,91;162;13,0;2025-01-10;;
Oeste do Ceará;21411,0;PECÉM;3969,38;67;9,0;2025-01-11;;
Oeste do Ceará;21411,0;PECÉM;2793,79;43;5,0;2025-01-13;;
Oeste do Ceará;21411,0;PECÉM;6871,55;115;12,0;2025-01-14;;
Oeste do Ceará;21411,0;PECÉM;4591,31;87;13,0;2025-01-15;;
Oeste do Ceará;21411,0;PECÉM;12635,41;168;24,0;2025-01-16;;
Oeste do Ceará;21411,0;PECÉM;8084,49;115;16,0;2025-01-17;;
Oeste do Ceará;21411,0;PECÉM;10296,92;158;18,0;2025-01-18;;
Oeste do Ceará;21411,0;PECÉM;10076,09;193;18,0;2025-01-20;;
Oeste do Ceará;21411,0;PECÉM;17369,17;296;33,0;2025-01-21;;
Oeste do Ceará;21411,0;PECÉM;6730,0;101;12,0;2025-01-22;;
Oeste do Ceará;21411,0;PECÉM;4703,96;73;11,0;2025-01-23;;
Oeste do Ceará;21411,0;PECÉM;8145,19;142;20,0;2025-01-24;;
Oeste do Ceará;21411,0;PECÉM;7030,29;109;11,0;2025-01-25;;
Oeste do Ceará;21411,0;PECÉM;689,72;7;2,0;2025-01-26;;
Oeste do Ceará;21411,0;PECÉM;4949,68;81;11,0;2025-01-27;;
Oeste do Ceará;21411,0;PECÉM;5429,56;84;13,0;2025-01-28;;
Oeste do Ceará;21411,0;PECÉM;5492,86;99;10,0;2025-01-29;;
Oeste do Ceará;21411,0;PECÉM;3118,52;60;9,0;2025-01-30;;
Oeste do Ceará;21411,0;PECÉM;4018,6;95;16,0;2025-01-31;;
Oeste do Ceará;21411,0;PECÉM;10216,52;163;14,0;2025-02-01;;
Oeste do Ceará;21411,0;PECÉM;9236,5;169;23,0;2025-02-03;;
Oeste do Ceará;21411,0;PECÉM;11735,33;193;21,0;2025-02-04;;
Oeste do Ceará;21411,0;PECÉM;3912,4;66;11,0;2025-02-05;;
Oeste do Ceará;21411,0;PECÉM;5267,22;90;16,0;2025-02-06;;
Oeste do Ceará;21411,0;PECÉM;9168,25;173;20,0;2025-02-07;;
Oeste do Ceará;21411,0;PECÉM;5101,03;88;11,0;2025-02-08;;
Oeste do Ceará;21411,0;PECÉM;25717,27;402;29,0;2025-02-10;;
Oeste do Ceará;21411,0;PECÉM;11580,58;167;21,0;2025-02-11;;
Oeste do Ceará;21411,0;PECÉM;10376,01;183;30,0;2025-02-12;;
Oeste do Ceará;21411,0;PECÉM;8251,59;163;19,0;2025-02-13;;
Oeste do Ceará;21411,0;PECÉM;5077,38;96;14,0;2025-02-14;;
Oeste do Ceará;21411,0;PECÉM;5397,76;93;9,0;2025-02-15;;
Oeste do Ceará;21411,0;PECÉM;3941,91;69;7,0;2025-02-17;;
Oeste do Ceará;21411,0;PECÉM;7745,84;131;10,0;2025-02-18;;
Oeste do Ceará;21411,0;PECÉM;10269,11;195;17,0;2025-02-19;;
Oeste do Ceará;21411,0;PECÉM;5181,05;81;14,0;2025-02-20;;
Oeste do Ceará;21411,0;PECÉM;5776,47;121;18,0;2025-02-21;;
Oeste do Ceará;21411,0;PECÉM;7141,84;130;16,0;2025-02-22;;
Oeste do Ceará;21411,0;PECÉM;3986,13;51;7,0;2025-02-23;;
Oeste do Ceará;21411,0;PECÉM;7839,1;147;16,0;2025-02-24;;
Oeste do Ceará;21411,0;PECÉM;6385,41;124;16,0;2025-02-25;;
Oeste do Ceará;21411,0;PECÉM;8774,88;147;23,0;2025-02-26;;
Oeste do Ceará;21411,0;PECÉM;9946,26;162;16,0;2025-02-27;;
Oeste do Ceará;21411,0;PECÉM;9553,58;179;24,0;2025-02-28;;
Oeste do Ceará;21411,0;PECÉM;3365,99;66;9,0;2025-03-01;;
Oeste do Ceará;21411,0;PECÉM;5231,2;84;8,0;2025-03-05;;
Oeste do Ceará;21411,0;PECÉM;13184,24;215;20,0;2025-03-06;;
Oeste do Ceará;21411,0;PECÉM;7925,39;161;14,0;2025-03-07;;
Oeste do Ceará;21411,0;PECÉM;10370,55;183;17,0;2025-03-08;;
Oeste do Ceará;21411,0;PECÉM;20595,06;440;34,0;2025-03-10;;
Oeste do Ceará;21411,0;PECÉM;9018,62;177;22,0;2025-03-11;;
Oeste do Ceará;21411,0;PECÉM;12775,96;265;27,0;2025-03-12;;
Oeste do Ceará;21411,0;PECÉM;9249,02;183;24,0;2025-03-13;;
Oeste do Ceará;21411,0;PECÉM;48047,78;575;37,0;2025-03-14;;
Oeste do Ceará;21411,0;PECÉM;5903,57;113;16,0;2025-03-15;;
Oeste do Ceará;21411,0;PECÉM;11181,1;144;20,0;2025-03-17;;
Oeste do Ceará;21411,0;PECÉM;7389,89;99;10,0;2025-03-18;;
Oeste do Ceará;21411,0;PECÉM;13650,8;210;22,0;2025-03-19;;
Oeste do Ceará;21411,0;PECÉM;8147,85;135;18,0;2025-03-20;;
Oeste do Ceará;21411,0;PECÉM;4815,58;75;10,0;2025-03-21;;
Oeste do Ceará;21411,0;PECÉM;8519,67;101;12,0;2025-03-22;;
Oeste do Ceará;21411,0;PECÉM;8749,59;113;12,0;2025-03-23;;
Oeste do Ceará;21411,0;PECÉM;9769,32;182;16,0;2025-03-24;;
Oeste do Ceará;21411,0;PECÉM;4698,9;77;7,0;2025-03-25;;
Oeste do Ceará;21411,0;PECÉM;9013,71;182;23,0;2025-03-26;;
Oeste do Ceará;21411,0;PECÉM;7939,27;163;18,0;2025-03-27;;
Oeste do Ceará;21411,0;PECÉM;10057,89;195;21,0;2025-03-28;;
Oeste do Ceará;21411,0;PECÉM;2275,52;27;4,0;2025-03-29;;
Oeste do Ceará;21411,0;PECÉM;10660,49;160;20,0;2025-03-30;;
Oeste do Ceará;21411,0;PECÉM;10827,35;197;22,0;2025-03-31;;
Oeste do Ceará;21411,0;PECÉM;6341,68;122;14,0;2025-04-01;;
Oeste do Ceará;21411,0;PECÉM;8072,09;141;19,0;2025-04-02;;
Oeste do Ceará;21411,0;PECÉM;4942,64;89;16,0;2025-04-03;;
Oeste do Ceará;21411,0;PECÉM;13096,51;252;32,0;2025-04-04;;
Oeste do Ceará;21411,0;PECÉM;9233,35;141;19,0;2025-04-05;;
Oeste do Ceará;21411,0;PECÉM;7941,58;120;20,0;2025-04-07;;
Oeste do Ceará;21411,0;PECÉM;12947,92;192;24,0;2025-04-08;;
Oeste do Ceará;21411,0;PECÉM;5544,52;81;17,0;2025-04-09;;
Oeste do Ceará;21411,0;PECÉM;10592,35;170;19,0;2025-04-10;;
Oeste do Ceará;21411,0;PECÉM;18456,91;242;31,0;2025-04-11;;
Oeste do Ceará;21411,0;PECÉM;5861,55;89;11,0;2025-04-12;;
Oeste do Ceará;21411,0;PECÉM;21203,16;346;34,0;2025-04-14;;
Oeste do Ceará;21411,0;PECÉM;13069,16;222;27,0;2025-04-15;;
Oeste do Ceará;21411,0;PECÉM;8841,23;136;24,0;2025-04-16;;
Oeste do Ceará;21411,0;PECÉM;9314,34;104;12,0;2025-04-17;;
Oeste do Ceará;21411,0;PECÉM;2469,43;42;8,0;2025-04-19;;
Oeste do Ceará;21411,0;PECÉM;1811,26;26;4,0;2025-04-21;;
Oeste do Ceará;21411,0;PECÉM;15947,83;255;22,0;2025-04-22;;
Oeste do Ceará;21411,0;PECÉM;12712,34;256;22,0;2025-04-23;;
Oeste do Ceará;21411,0;PECÉM;11933,07;206;15,0;2025-04-24;;
Oeste do Ceará;21411,0;PECÉM;7648,78;137;13,0;2025-04-25;;
Oeste do Ceará;21411,0;PECÉM;5594,19;95;13,0;2025-04-26;;
Oeste do Ceará;21411,0;PECÉM;10639,45;146;21,0;2025-04-28;;
Oeste do Ceará;21411,0;PECÉM;5699,09;80;16,0;2025-04-29;;
Oeste do Ceará;21411,0;PECÉM;10541,12;117;27,0;2025-04-30;;
Oeste do Ceará;21411,0;PECÉM;2685,2;29;4,0;2025-05-01;;
Oeste do Ceará;21411,0;PECÉM;3987,58;49;13,0;2025-05-02;;
Oeste do Ceará;21411,0;PECÉM;7077,66;101;14,0;2025-05-03;;
Oeste do Ceará;21411,0;PECÉM;2303,11;29;6,0;2025-05-04;;
Oeste do Ceará;21411,0;PECÉM;7759,25;138;17,0;2025-05-05;;
Oeste do Ceará;21411,0;PECÉM;23829,97;281;30,0;2025-05-06;;
Oeste do Ceará;21411,0;PECÉM;19145,47;226;36,0;2025-05-07;;
Oeste do Ceará;21411,0;PECÉM;15090,82;221;30,0;2025-05-08;;
Oeste do Ceará;21411,0;PECÉM;18593,9;295;35,0;2025-05-09;;
Oeste do Ceará;21411,0;PECÉM;17601,37;256;46,0;2025-05-10;;
Oeste do Ceará;21411,0;PECÉM;3161,09;41;6,0;2025-05-11;;
Oeste do Ceará;21411,0;PECÉM;2942,26;53;6,0;2025-05-12;;
Oeste do Ceará;21411,0;PECÉM;15781,11;314;22,0;2025-05-13;;
Oeste do Ceará;21411,0;PECÉM;14125,91;227;23,0;2025-05-14;;
Oeste do Ceará;21411,0;PECÉM;11950,08;179;17,0;2025-05-15;;
Oeste do Ceará;21411,0;PECÉM;3951,25;66;10,0;2025-05-16;;
Oeste do Ceará;21411,0;PECÉM;4929,55;88;9,0;2025-05-17;;
Oeste do Ceará;21411,0;PECÉM;17236,48;268;21,0;2025-05-19;;
Oeste do Ceará;21411,0;PECÉM;12857,64;180;26,0;2025-05-20;;
Oeste do Ceará;21411,0;PECÉM;31359,81;438;35,0;2025-05-21;;
Oeste do Ceará;21411,0;PECÉM;24021,14;400;37,0;2025-05-22;;
Oeste do Ceará;21411,0;PECÉM;19254,77;286;28,0;2025-05-23;;
Oeste do Ceará;21411,0;PECÉM;29646,82;452;37,0;2025-05-24;;
Oeste do Ceará;21411,0;PECÉM;10954,5;195;16,0;2025-05-26;;
Oeste do Ceará;21411,0;PECÉM;8026,66;123;11,0;2025-05-27;;
Oeste do Ceará;21411,0;PECÉM;13652,72;217;28,0;2025-05-28;;
Oeste do Ceará;21411,0;PECÉM;4216,86;69;7,0;2025-05-29;;
Oeste do Ceará;21411,0;PECÉM;6487,83;104;13,0;2025-05-30;;
Oeste do Ceará;21411,0;PECÉM;10796,06;198;23,0;2025-05-31;;
Oeste do Ceará;21411,0;PECÉM;2303,73;46;10,0;2025-06-02;;
Oeste do Ceará;21411,0;PECÉM;7787,91;131;17,0;2025-06-03;;
Oeste do Ceará;21411,0;PECÉM;8907,62;126;16,0;2025-06-04;;
Oeste do Ceará;21411,0;PECÉM;13978,58;264;30,0;2025-06-05;;
Oeste do Ceará;21411,0;PECÉM;8744,89;145;16,0;2025-06-06;;
Oeste do Ceará;21411,0;PECÉM;9467,54;138;14,0;2025-06-07;;
Oeste do Ceará;21411,0;PECÉM;6176,32;104;16,0;2025-06-09;;
Oeste do Ceará;21411,0;PECÉM;6882,14;119;19,0;2025-06-10;;
Oeste do Ceará;21411,0;PECÉM;6784,35;103;17,0;2025-06-11;;
Oeste do Ceará;21411,0;PECÉM;10628,66;153;29,0;2025-06-12;;
Oeste do Ceará;21411,0;PECÉM;14713,25;296;28,0;2025-06-13;;
Oeste do Ceará;21411,0;PECÉM;18660,63;269;26,0;2025-06-14;;
Oeste do Ceará;21411,0;PECÉM;10099,21;133;17,0;2025-06-16;;
Oeste do Ceará;21411,0;PECÉM;9719,57;137;15,0;2025-06-17;;
Oeste do Ceará;21411,0;PECÉM;8981,57;138;14,0;2025-06-18;;
Oeste do Ceará;21411,0;PECÉM;3945,88;58;8,0;2025-06-19;;
Oeste do Ceará;21411,0;PECÉM;8053,47;124;15,0;2025-06-20;;
Oeste do Ceará;21411,0;PECÉM;3781,9;64;9,0;2025-06-21;;
Oeste do Ceará;21411,0;PECÉM;10320,17;103;16,0;2025-06-23;;
Oeste do Ceará;21411,0;PECÉM;17988,32;192;25,0;2025-06-24;;
Oeste do Ceará;21411,0;PECÉM;11742,83;152;23,0;2025-06-25;;
Oeste do Ceará;21411,0;PECÉM;6333,55;76;17,0;2025-06-26;;
Oeste do Ceará;21411,0;PECÉM;6965,36;86;14,0;2025-06-27;;
Oeste do Ceará;21411,0;PECÉM;16203,38;222;30,0;2025-06-28;;
Oeste do Ceará;21411,0;PECÉM;13587,76;375;27,0;2025-06-30;;
Oeste do Ceará;21411,0;PECÉM;10034,07;185;27,0;2025-07-01;;
Oeste do Ceará;21411,0;PECÉM;12906,27;207;18,0;2025-07-02;;
Oeste do Ceará;21411,0;PECÉM;3844,55;105;14,0;2025-07-03;;
Oeste do Ceará;21411,0;PECÉM;5461,64;102;13,0;2025-07-04;;
Oeste do Ceará;21411,0;PECÉM;4897,62;82;11,0;2025-07-05;;
Oeste do Ceará;21411,0;PECÉM;6244,13;92;16,0;2025-07-07;;
Oeste do Ceará;21411,0;PECÉM;6799,9;145;19,0;2025-07-08;;
Oeste do Ceará;21411,0;PECÉM;13211,37;277;26,0;2025-07-09;;
Oeste do Ceará;21411,0;PECÉM;9420,48;219;16,0;2025-07-10;;
Oeste do Ceará;21411,0;PECÉM;9174,33;138;12,0;2025-07-11;;
Oeste do Ceará;21411,0;PECÉM;7016,22;127;16,0;2025-07-12;;
Oeste do Ceará;21411,0;PECÉM;8466,14;121;13,0;2025-07-14;;
Oeste do Ceará;21411,0;PECÉM;10251,2;129;16,0;2025-07-15;;
Oeste do Ceará;21411,0;PECÉM;9584,4;136;19,0;2025-07-16;;
Oeste do Ceará;21411,0;PECÉM;12035,41;215;23,0;2025-07-17;;
Oeste do Ceará;21411,0;PECÉM;20502,75;341;33,0;2025-07-18;;
Oeste do Ceará;21411,0;PECÉM;5668,31;72;12,0;2025-07-19;;
Oeste do Ceará;21411,0;PECÉM;4845,41;74;11,0;2025-07-21;;
Oeste do Ceará;21411,0;PECÉM;16746,99;262;31,0;2025-07-22;;
Oeste do Ceará;21411,0;PECÉM;13775,38;257;25,0;2025-07-23;;
Oeste do Ceará;21411,0;PECÉM;12399,7;283;23,0;2025-07-24;;
Oeste do Ceará;21411,0;PECÉM;14028,31;264;19,0;2025-07-25;;
Oeste do Ceará;21411,0;PECÉM;9610,78;213;15,0;2025-07-26;;
Oeste do Ceará;21411,0;PECÉM;12325,26;248;17,0;2025-07-28;;
Oeste do Ceará;21411,0;PECÉM;13769,48;299;26,0;2025-07-29;;
Oeste do Ceará;21411,0;PECÉM;11121,84;201;18,0;2025-07-30;;
Oeste do Ceará;21411,0;PECÉM;16458,2;255;33,0;2025-07-31;;
Oeste do Ceará;21411,0;PECÉM;4476,86;60;8,0;2025-08-01;;
Oeste do Ceará;21411,0;PECÉM;12106,47;192;25,0;2025-08-02;;
Oeste do Ceará;21411,0;PECÉM;6249,55;94;11,0;2025-08-04;;
Oeste do Ceará;21411,0;PECÉM;8980,83;141;21,0;2025-08-05;;
Oeste do Ceará;21411,0;PECÉM;12215,08;215;34,0;2025-08-06;;
Oeste do Ceará;21411,0;PECÉM;15649,98;246;29,0;2025-08-07;;
Oeste do Ceará;21411,0;PECÉM;20507,92;302;33,0;2025-08-08;;
Oeste do Ceará;21411,0;PECÉM;18487,46;266;40,0;2025-08-09;;
Oeste do Ceará;21411,0;PECÉM;999,44;9;5,0;2025-08-10;;
Oeste do Ceará;21411,0;PECÉM;12673,84;310;19,0;2025-08-11;;
Oeste do Ceará;21411,0;PECÉM;8317,47;184;13,0;2025-08-12;;
Oeste do Ceará;21411,0;PECÉM;17981,46;388;22,0;2025-08-13;;
Oeste do Ceará;21411,0;PECÉM;15255,49;321;23,0;2025-08-14;;
Oeste do Ceará;21411,0;PECÉM;8893,76;163;18,0;2025-08-15;;
Oeste do Ceará;21411,0;PECÉM;6608,4;178;20,0;2025-08-16;;
Oeste do Ceará;21411,0;PECÉM;6822,84;127;15,0;2025-08-18;;
Oeste do Ceará;21411,0;PECÉM;8437,58;231;19,0;2025-08-19;;
Oeste do Ceará;21411,0;PECÉM;18944,55;364;35,0;2025-08-20;;
Oeste do Ceará;21411,0;PECÉM;8895,49;169;17,0;2025-08-21;;
Oeste do Ceará;21411,0;PECÉM;8102,86;150;15,0;2025-08-22;;
Oeste do Ceará;21411,0;PECÉM;5572,26;134;13,0;2025-08-23;;
Oeste do Ceará;21411,0;PECÉM;10042,21;224;14,0;2025-08-25;;
Oeste do Ceará;21411,0;PECÉM;14765,98;247;30,0;2025-08-26;;
Oeste do Ceará;21411,0;PECÉM;18255,69;348;40,0;2025-08-27;;
Oeste do Ceará;21411,0;PECÉM;9479,02;160;21,0;2025-08-28;;
Oeste do Ceará;21411,0;PECÉM;7724,23;133;17,0;2025-08-29;;
Oeste do Ceará;21411,0;PECÉM;6395,31;178;17,0;2025-08-30;;
Oeste do Ceará;21411,0;PECÉM;13478,54;296;23,0;2025-09-01;;
Oeste do Ceará;21411,0;PECÉM;6968,36;171;20,0;2025-09-02;;
Oeste do Ceará;21411,0;PECÉM;5110,43;156;16,0;2025-09-03;;
Oeste do Ceará;21411,0;PECÉM;8822,39;198;17,0;2025-09-04;;
Oeste do Ceará;21411,0;PECÉM;25021,6;401;41,0;2025-09-05;;
Oeste do Ceará;21411,0;PECÉM;10501,2;183;21,0;2025-09-06;;
Oeste do Ceará;21411,0;PECÉM;12752,89;217;25,0;2025-09-08;;
Oeste do Ceará;21411,0;PECÉM;10804,98;136;21,0;2025-09-09;;
Oeste do Ceará;21411,0;PECÉM;18742,2;265;29,0;2025-09-10;;
Oeste do Ceará;21411,0;PECÉM;8906,64;155;21,0;2025-09-11;;
Oeste do Ceará;21411,0;PECÉM;13658,64;240;30,0;2025-09-12;;
Oeste do Ceará;21411,0;PECÉM;4453,0;85;18,0;2025-09-13;;
Oeste do Ceará;21411,0;PECÉM;7992,47;143;18,0;2025-09-15;;
Oeste do Ceará;21411,0;PECÉM;5801,92;129;17,0;2025-09-16;;
Oeste do Ceará;21411,0;PECÉM;14319,11;303;34,0;2025-09-17;;
Oeste do Ceará;21411,0;PECÉM;8942,94;163;19,0;2025-09-18;;
Oeste do Ceará;21411,0;PECÉM;7490,68;149;19,0;2025-09-19;;
Oeste do Ceará;21411,0;PECÉM;9995,16;160;20,0;2025-09-20;;
Oeste do Ceará;21411,0;PECÉM;23379,97;545;46,0;2025-09-23;;
Oeste do Ceará;21411,0;PECÉM;11234,9;307;18,0;2025-09-24;;
Oeste do Ceará;21411,0;PECÉM;18478,33;442;26,0;2025-09-25;;
Oeste do Ceará;21411,0;PECÉM;16916,04;259;16,0;2025-09-26;;
Oeste do Ceará;21411,0;PECÉM;10048,79;218;20,0;2025-09-27;;
Oeste do Ceará;21411,0;PECÉM;1338,47;41;5,0;2025-09-28;;
Oeste do Ceará;21411,0;PECÉM;10645,58;139;20,0;2025-09-29;;
Oeste do Ceará;21411,0;PECÉM;6031,91;102;13,0;2025-09-30;;
Oeste do Ceará;21411,0;PECÉM;14068,72;261;23,0;2025-10-01;;
Oeste do Ceará;21411,0;PECÉM;10050,88;180;27,0;2025-10-02;;
Oeste do Ceará;21411,0;PECÉM;45580,34;535;30,0;2025-10-03;;
Oeste do Ceará;21411,0;PECÉM;3719,95;88;13,0;2025-10-04;;
Oeste do Ceará;21411,0;PECÉM;4966,03;84;14,0;2025-10-06;;
Oeste do Ceará;21411,0;PECÉM;11997,93;181;19,0;2025-10-07;;
Oeste do Ceará;21411,0;PECÉM;19453,9;298;33,0;2025-10-08;;
Oeste do Ceará;21411,0;PECÉM;15123,12;235;25,0;2025-10-09;;
Oeste do Ceará;21411,0;PECÉM;13098,29;180;19,0;2025-10-10;;
Oeste do Ceará;21411,0;PECÉM;10990,28;174;24,0;2025-10-11;;
Oeste do Ceará;21411,0;PECÉM;13701,63;292;20,0;2025-10-13;;
Oeste do Ceará;21411,0;PECÉM;11387,72;262;21,0;2025-10-14;;
Oeste do Ceará;21411,0;PECÉM;9187,94;212;17,0;2025-10-15;;
Oeste do Ceará;21411,0;PECÉM;11921,53;246;18,0;2025-10-16;;
Oeste do Ceará;21411,0;PECÉM;12819,46;316;30,0;2025-10-17;;
Oeste do Ceará;21411,0;PECÉM;11933,44;240;18,0;2025-10-18;;
Oeste do Ceará;21411,0;PECÉM;9275,7;179;17,0;2025-10-20;;
Oeste do Ceará;21411,0;PECÉM;4743,83;131;11,0;2025-10-21;;
Oeste do Ceará;21411,0;PECÉM;9541,44;225;21,0;2025-10-22;;
Oeste do Ceará;21411,0;PECÉM;3542,88;72;15,0;2025-10-23;;
Oeste do Ceará;21411,0;PECÉM;15850,16;257;18,0;2025-10-24;;
Oeste do Ceará;21411,0;PECÉM;5963,6;113;17,0;2025-10-25;;
Oeste do Ceará;21411,0;PECÉM;5755,44;103;11,0;2025-10-27;;
Oeste do Ceará;21411,0;PECÉM;6691,89;95;14,0;2025-10-28;;
Oeste do Ceará;21411,0;PECÉM;8129,78;190;21,0;2025-10-29;;
Oeste do Ceará;21411,0;PECÉM;12219,55;248;23,0;2025-10-30;;
Oeste do Ceará;21411,0;PECÉM;22144,15;334;32,0;2025-10-31;;
Oeste do Ceará;21411,0;PECÉM;14327,21;214;27,0;2025-11-01;;
Oeste do Ceará;21411,0;PECÉM;14395,59;365;39,0;2025-11-03;;
Oeste do Ceará;21411,0;PECÉM;11864,86;268;22,0;2025-11-04;;
Oeste do Ceará;21411,0;PECÉM;17102,4;351;31,0;2025-11-05;;
Oeste do Ceará;21411,0;PECÉM;13918,51;246;31,0;2025-11-06;;
Oeste do Ceará;21411,0;PECÉM;6968,25;176;12,0;2025-11-07;;
Oeste do Ceará;21411,0;PECÉM;8493,68;161;17,0;2025-11-08;;
Oeste do Ceará;21411,0;PECÉM;14401,2;235;24,0;2025-11-10;;
Oeste do Ceará;21411,0;PECÉM;9458,35;217;23,0;2025-11-11;;
Oeste do Ceará;21411,0;PECÉM;14414,56;309;28,0;2025-11-12;;
Oeste do Ceará;21411,0;PECÉM;12444,5;229;26,0;2025-11-13;;
Oeste do Ceará;21411,0;PECÉM;12282,16;254;26,0;2025-11-14;;
Oeste do Ceará;21411,0;PECÉM;7498,86;145;16,0;2025-11-15;;
Oeste do Ceará;21411,0;PECÉM;11541,02;230;27,0;2025-11-17;;
Oeste do Ceará;21411,0;PECÉM;15996,69;256;34,0;2025-11-18;;
Oeste do Ceará;21411,0;PECÉM;15185,74;258;26,0;2025-11-19;;
Oeste do Ceará;21411,0;PECÉM;12445,01;199;27,0;2025-11-20;;
Oeste do Ceará;21411,0;PECÉM;15616,78;230;34,0;2025-11-21;;
Oeste do Ceará;21411,0;PECÉM;6625,49;118;17,0;2025-11-22;;
Oeste do Ceará;21411,0;PECÉM;13232,96;171;18,0;2025-11-24;;
Oeste do Ceará;21411,0;PECÉM;10505,63;185;25,0;2025-11-25;;
Oeste do Ceará;21411,0;PECÉM;9552,1;162;27,0;2025-11-26;;
Oeste do Ceará;21411,0;PECÉM;26542,96;553;30,0;2025-11-27;;
Oeste do Ceará;21411,0;PECÉM;26653,3;433;47,0;2025-11-28;;
Oeste do Ceará;21411,0;PECÉM;23854,56;331;39,0;2025-11-29;;
Oeste do Ceará;21411,0;PECÉM;6511,32;90;18,0;2025-11-30;;
Oeste do Ceará;21411,0;PECÉM;8110,34;163;18,0;2025-12-01;;
Oeste do Ceará;21411,0;PECÉM;15201,48;357;31,0;2025-12-02;;
Oeste do Ceará;21411,0;PECÉM;15508,73;326;29,0;2025-12-03;;
Oeste do Ceará;21411,0;PECÉM;11662,44;306;31,0;2025-12-04;;
Oeste do Ceará;21411,0;PECÉM;3748,86;102;13,0;2025-12-05;;
Oeste do Ceará;21411,0;PECÉM;4545,03;129;13,0;2025-12-06;;
Oeste do Ceará;21411,0;PECÉM;12079,7;281;31,0;2025-12-08;;
Oeste do Ceará;21411,0;PECÉM;6145,78;165;13,0;2025-12-09;;
Oeste do Ceará;21411,0;PECÉM;14778,29;344;25,0;2025-12-10;;
Oeste do Ceará;21411,0;PECÉM;4719,76;140;17,0;2025-12-11;;
Oeste do Ceará;21411,0;PECÉM;6074,74;172;14,0;2025-12-12;;
Oeste do Ceará;21411,0;PECÉM;12736,37;313;34,0;2025-12-13;;
Oeste do Ceará;21411,0;PECÉM;3755,44;79;5,0;2025-12-14;;
Oeste do Ceará;21411,0;PECÉM;9589,59;184;21,0;2025-12-15;;
Oeste do Ceará;21411,0;PECÉM;10918,95;242;24,0;2025-12-16;;
Oeste do Ceará;21411,0;PECÉM;11361,62;213;24,0;2025-12-17;;
Oeste do Ceará;21411,0;PECÉM;7927,16;133;20,0;2025-12-18;;
Oeste do Ceará;21411,0;PECÉM;10720,59;196;27,0;2025-12-19;;
Oeste do Ceará;21411,0;PECÉM;6176,31;195;23,0;2025-12-20;;
Oeste do Ceará;21411,0;PECÉM;8067,01;143;23,0;2025-12-22;;
Oeste do Ceará;21411,0;PECÉM;12908,21;226;29,0;2025-12-23;;
Oeste do Ceará;21411,0;PECÉM;18601,39;238;40,0;2025-12-24;;
Oeste do Ceará;21411,0;PECÉM;29053,24;528;40,0;2025-12-26;;
Oeste do Ceará;21411,0;PECÉM;12011,12;222;21,0;2025-12-27;;
Oeste do Ceará;21411,0;PECÉM;15056,26;271;26,0;2025-12-29;;
Oeste do Ceará;21411,0;PECÉM;15794,87;256;31,0;2025-12-30;;
Oeste do Ceará;21411,0;PECÉM;3103,33;43;9,0;2025-12-31;;
Oeste do Ceará;21414,0;PENTECOSTE;7328,96;110;8,0;2025-01-02;;
Oeste do Ceará;21414,0;PENTECOSTE;13775,89;241;21,0;2025-01-03;;
Oeste do Ceará;21414,0;PENTECOSTE;16958,72;295;22,0;2025-01-04;;
Oeste do Ceará;21414,0;PENTECOSTE;12214,69;225;21,0;2025-01-06;;
Oeste do Ceará;21414,0;PENTECOSTE;17124,8;374;33,0;2025-01-07;;
Oeste do Ceará;21414,0;PENTECOSTE;13522,95;262;25,0;2025-01-08;;
Oeste do Ceará;21414,0;PENTECOSTE;13952,57;224;31,0;2025-01-09;;
Oeste do Ceará;21414,0;PENTECOSTE;14832,61;245;29,0;2025-01-10;;
Oeste do Ceará;21414,0;PENTECOSTE;8018,22;156;19,0;2025-01-11;;
Oeste do Ceará;21414,0;PENTECOSTE;11172,69;228;25,0;2025-01-13;;
Oeste do Ceará;21414,0;PENTECOSTE;7184,63;152;17,0;2025-01-14;;
Oeste do Ceará;21414,0;PENTECOSTE;7349,67;115;14,0;2025-01-15;;
Oeste do Ceará;21414,0;PENTECOSTE;70985,12;791;68,0;2025-01-16;;
Oeste do Ceará;21414,0;PENTECOSTE;18546,64;301;31,0;2025-01-17;;
Oeste do Ceará;21414,0;PENTECOSTE;21868,7;301;34,0;2025-01-18;;
Oeste do Ceará;21414,0;PENTECOSTE;59388,65;1171;57,0;2025-01-20;;
Oeste do Ceará;21414,0;PENTECOSTE;20809,4;391;39,0;2025-01-21;;
Oeste do Ceará;21414,0;PENTECOSTE;18666,5;412;42,0;2025-01-22;;
Oeste do Ceará;21414,0;PENTECOSTE;18093,33;360;26,0;2025-01-23;;
Oeste do Ceará;21414,0;PENTECOSTE;10829,75;237;33,0;2025-01-24;;
Oeste do Ceará;21414,0;PENTECOSTE;13792,98;196;20,0;2025-01-25;;
Oeste do Ceará;21414,0;PENTECOSTE;7838,82;137;11,0;2025-01-26;;
Oeste do Ceará;21414,0;PENTECOSTE;9492,07;163;24,0;2025-01-27;;
Oeste do Ceará;21414,0;PENTECOSTE;12639,4;190;23,0;2025-01-28;;
Oeste do Ceará;21414,0;PENTECOSTE;18984,74;319;29,0;2025-01-29;;
Oeste do Ceará;21414,0;PENTECOSTE;15415,08;260;29,0;2025-01-30;;
Oeste do Ceará;21414,0;PENTECOSTE;18251,47;302;37,0;2025-01-31;;
Oeste do Ceará;21414,0;PENTECOSTE;5499,28;96;19,0;2025-02-01;;
Oeste do Ceará;21414,0;PENTECOSTE;12880,14;188;42,0;2025-02-03;;
Oeste do Ceará;21414,0;PENTECOSTE;6515,29;86;24,0;2025-02-04;;
Oeste do Ceará;21414,0;PENTECOSTE;16046,96;271;33,0;2025-02-05;;
Oeste do Ceará;21414,0;PENTECOSTE;23966,66;433;43,0;2025-02-06;;
Oeste do Ceará;21414,0;PENTECOSTE;15280,35;366;39,0;2025-02-07;;
Oeste do Ceará;21414,0;PENTECOSTE;9183,4;173;23,0;2025-02-08;;
Oeste do Ceará;21414,0;PENTECOSTE;33379,93;440;35,0;2025-02-10;;
Oeste do Ceará;21414,0;PENTECOSTE;20804,81;379;43,0;2025-02-11;;
Oeste do Ceará;21414,0;PENTECOSTE;14734,59;280;52,0;2025-02-12;;
Oeste do Ceará;21414,0;PENTECOSTE;18997,7;357;32,0;2025-02-13;;
Oeste do Ceará;21414,0;PENTECOSTE;9072,37;167;22,0;2025-02-14;;
Oeste do Ceará;21414,0;PENTECOSTE;20628,97;319;34,0;2025-02-15;;
Oeste do Ceará;21414,0;PENTECOSTE;6409,52;82;15,0;2025-02-17;;
Oeste do Ceará;21414,0;PENTECOSTE;19194,33;366;24,0;2025-02-18;;
Oeste do Ceará;21414,0;PENTECOSTE;14011,25;313;23,0;2025-02-19;;
Oeste do Ceará;21414,0;PENTECOSTE;8526,92;208;22,0;2025-02-20;;
Oeste do Ceará;21414,0;PENTECOSTE;16835,49;390;48,0;2025-02-21;;
Oeste do Ceará;21414,0;PENTECOSTE;5705,31;92;14,0;2025-02-22;;
Oeste do Ceará;21414,0;PENTECOSTE;5681,77;97;16,0;2025-02-23;;
Oeste do Ceará;21414,0;PENTECOSTE;7748,66;143;22,0;2025-02-24;;
Oeste do Ceará;21414,0;PENTECOSTE;10474,14;179;24,0;2025-02-25;;
Oeste do Ceará;21414,0;PENTECOSTE;17748,89;259;36,0;2025-02-26;;
Oeste do Ceará;21414,0;PENTECOSTE;9356,63;166;26,0;2025-02-27;;
Oeste do Ceará;21414,0;PENTECOSTE;11386,72;167;24,0;2025-02-28;;
Oeste do Ceará;21414,0;PENTECOSTE;3626,73;48;8,0;2025-03-01;;
Oeste do Ceará;21414,0;PENTECOSTE;12390,03;264;29,0;2025-03-05;;
Oeste do Ceará;21414,0;PENTECOSTE;19192,28;400;28,0;2025-03-06;;
Oeste do Ceará;21414,0;PENTECOSTE;11155,41;261;20,0;2025-03-07;;
Oeste do Ceará;21414,0;PENTECOSTE;9298,92;207;21,0;2025-03-08;;
Oeste do Ceará;21414,0;PENTECOSTE;25867,59;471;39,0;2025-03-10;;
Oeste do Ceará;21414,0;PENTECOSTE;14277,15;303;26,0;2025-03-11;;
Oeste do Ceará;21414,0;PENTECOSTE;22601,5;505;31,0;2025-03-12;;
Oeste do Ceará;21414,0;PENTECOSTE;31271,92;453;24,0;2025-03-13;;
Oeste do Ceará;21414,0;PENTECOSTE;34195,56;419;36,0;2025-03-14;;
Oeste do Ceará;21414,0;PENTECOSTE;21609,69;267;22,0;2025-03-15;;
Oeste do Ceará;21414,0;PENTECOSTE;18402,44;303;35,0;2025-03-17;;
Oeste do Ceará;21414,0;PENTECOSTE;24823,66;284;31,0;2025-03-18;;
Oeste do Ceará;21414,0;PENTECOSTE;30936,42;295;31,0;2025-03-19;;
Oeste do Ceará;21414,0;PENTECOSTE;9581,74;159;21,0;2025-03-20;;
Oeste do Ceará;21414,0;PENTECOSTE;15785,34;215;23,0;2025-03-21;;
Oeste do Ceará;21414,0;PENTECOSTE;18434,18;283;23,0;2025-03-22;;
Oeste do Ceará;21414,0;PENTECOSTE;145,37;5;1,0;2025-03-23;;
Oeste do Ceará;21414,0;PENTECOSTE;22330,18;351;29,0;2025-03-24;;
Oeste do Ceará;21414,0;PENTECOSTE;14480,94;305;23,0;2025-03-25;;
Oeste do Ceará;21414,0;PENTECOSTE;16541,93;334;30,0;2025-03-26;;
Oeste do Ceará;21414,0;PENTECOSTE;7915,61;146;11,0;2025-03-27;;
Oeste do Ceará;21414,0;PENTECOSTE;15330,13;223;23,0;2025-03-28;;
Oeste do Ceará;21414,0;PENTECOSTE;20587,45;322;21,0;2025-03-29;;
Oeste do Ceará;21414,0;PENTECOSTE;15043,13;257;31,0;2025-03-31;;
Oeste do Ceará;21414,0;PENTECOSTE;22050,43;262;31,0;2025-04-01;;
Oeste do Ceará;21414,0;PENTECOSTE;15884,48;241;31,0;2025-04-02;;
Oeste do Ceará;21414,0;PENTECOSTE;15657,04;292;37,0;2025-04-03;;
Oeste do Ceará;21414,0;PENTECOSTE;8957,81;203;26,0;2025-04-04;;
Oeste do Ceará;21414,0;PENTECOSTE;12598,79;239;36,0;2025-04-05;;
Oeste do Ceará;21414,0;PENTECOSTE;21408,13;379;36,0;2025-04-07;;
Oeste do Ceará;21414,0;PENTECOSTE;10137,14;194;18,0;2025-04-08;;
Oeste do Ceará;21414,0;PENTECOSTE;18240,4;321;32,0;2025-04-09;;
Oeste do Ceará;21414,0;PENTECOSTE;9786,6;175;24,0;2025-04-10;;
Oeste do Ceará;21414,0;PENTECOSTE;8075,77;121;26,0;2025-04-11;;
Oeste do Ceará;21414,0;PENTECOSTE;15270,81;216;26,0;2025-04-12;;
Oeste do Ceará;21414,0;PENTECOSTE;33307,46;652;44,0;2025-04-14;;
Oeste do Ceará;21414,0;PENTECOSTE;31152,65;479;44,0;2025-04-15;;
Oeste do Ceará;21414,0;PENTECOSTE;35151,3;780;33,0;2025-04-16;;
Oeste do Ceará;21414,0;PENTECOSTE;26334,94;428;38,0;2025-04-17;;
Oeste do Ceará;21414,0;PENTECOSTE;11962,69;124;17,0;2025-04-19;;
Oeste do Ceará;21414,0;PENTECOSTE;21850,84;250;23,0;2025-04-21;;
Oeste do Ceará;21414,0;PENTECOSTE;18859,33;277;30,0;2025-04-22;;
Oeste do Ceará;21414,0;PENTECOSTE;21661,27;463;32,0;2025-04-23;;
Oeste do Ceará;21414,0;PENTECOSTE;25282,52;543;41,0;2025-04-24;;
Oeste do Ceará;21414,0;PENTECOSTE;25435,23;600;47,0;2025-04-25;;
Oeste do Ceará;21414,0;PENTECOSTE;16268,81;334;33,0;2025-04-26;;
Oeste do Ceará;21414,0;PENTECOSTE;12276,72;281;33,0;2025-04-28;;
Oeste do Ceará;21414,0;PENTECOSTE;15033,45;192;25,0;2025-04-29;;
Oeste do Ceará;21414,0;PENTECOSTE;13242,58;240;27,0;2025-04-30;;
Oeste do Ceará;21414,0;PENTECOSTE;2112,73;40;6,0;2025-05-01;;
Oeste do Ceará;21414,0;PENTECOSTE;29871,15;455;41,0;2025-05-02;;
Oeste do Ceará;21414,0;PENTECOSTE;12060,32;184;22,0;2025-05-03;;
Oeste do Ceará;21414,0;PENTECOSTE;5859,18;183;13,0;2025-05-04;;
Oeste do Ceará;21414,0;PENTECOSTE;25733,44;363;37,0;2025-05-05;;
Oeste do Ceará;21414,0;PENTECOSTE;27965,47;340;35,0;2025-05-06;;
Oeste do Ceará;21414,0;PENTECOSTE;24118,1;405;46,0;2025-05-07;;
Oeste do Ceará;21414,0;PENTECOSTE;20925,93;308;43,0;2025-05-08;;
Oeste do Ceará;21414,0;PENTECOSTE;32501,19;617;49,0;2025-05-09;;
Oeste do Ceará;21414,0;PENTECOSTE;25895,94;483;49,0;2025-05-10;;
Oeste do Ceará;21414,0;PENTECOSTE;2362,49;26;5,0;2025-05-11;;
Oeste do Ceará;21414,0;PENTECOSTE;51009,1;901;50,0;2025-05-12;;
Oeste do Ceará;21414,0;PENTECOSTE;21956,9;342;37,0;2025-05-13;;
Oeste do Ceará;21414,0;PENTECOSTE;29351,99;517;45,0;2025-05-14;;
Oeste do Ceará;21414,0;PENTECOSTE;26085,27;512;43,0;2025-05-15;;
Oeste do Ceará;21414,0;PENTECOSTE;13110,59;275;29,0;2025-05-16;;
Oeste do Ceará;21414,0;PENTECOSTE;7939,23;162;19,0;2025-05-17;;
Oeste do Ceará;21414,0;PENTECOSTE;72167,27;1145;78,0;2025-05-19;;
Oeste do Ceará;21414,0;PENTECOSTE;30644,82;521;53,0;2025-05-20;;
Oeste do Ceará;21414,0;PENTECOSTE;16858,7;340;43,0;2025-05-21;;
Oeste do Ceará;21414,0;PENTECOSTE;41189,99;538;59,0;2025-05-22;;
Oeste do Ceará;21414,0;PENTECOSTE;30661,18;551;57,0;2025-05-23;;
Oeste do Ceará;21414,0;PENTECOSTE;22331,48;281;30,0;2025-05-24;;
Oeste do Ceará;21414,0;PENTECOSTE;26968,6;515;43,0;2025-05-26;;
Oeste do Ceará;21414,0;PENTECOSTE;24740,83;427;27,0;2025-05-27;;
Oeste do Ceará;21414,0;PENTECOSTE;31636,22;531;54,0;2025-05-28;;
Oeste do Ceará;21414,0;PENTECOSTE;25866,23;404;44,0;2025-05-29;;
Oeste do Ceará;21414,0;PENTECOSTE;20390,03;340;37,0;2025-05-30;;
Oeste do Ceará;21414,0;PENTECOSTE;7877,46;135;23,0;2025-05-31;;
Oeste do Ceará;21414,0;PENTECOSTE;11079,62;177;19,0;2025-06-02;;
Oeste do Ceará;21414,0;PENTECOSTE;8398,72;141;19,0;2025-06-03;;
Oeste do Ceará;21414,0;PENTECOSTE;11642,74;246;19,0;2025-06-04;;
Oeste do Ceará;21414,0;PENTECOSTE;15459,49;340;37,0;2025-06-05;;
Oeste do Ceará;21414,0;PENTECOSTE;7639,41;171;27,0;2025-06-06;;
Oeste do Ceará;21414,0;PENTECOSTE;18508,76;361;36,0;2025-06-07;;
Oeste do Ceará;21414,0;PENTECOSTE;14129,76;295;35,0;2025-06-09;;
Oeste do Ceará;21414,0;PENTECOSTE;14446,54;359;33,0;2025-06-10;;
Oeste do Ceará;21414,0;PENTECOSTE;8423,11;153;22,0;2025-06-11;;
Oeste do Ceará;21414,0;PENTECOSTE;18761,0;303;39,0;2025-06-12;;
Oeste do Ceará;21414,0;PENTECOSTE;101652,36;1955;90,0;2025-06-13;;
Oeste do Ceará;21414,0;PENTECOSTE;40340,08;719;59,0;2025-06-14;;
Oeste do Ceará;21414,0;PENTECOSTE;37665,15;559;35,0;2025-06-16;;
Oeste do Ceará;21414,0;PENTECOSTE;35271,25;512;42,0;2025-06-17;;
Oeste do Ceará;21414,0;PENTECOSTE;27425,53;545;43,0;2025-06-18;;
Oeste do Ceará;21414,0;PENTECOSTE;6926,58;168;18,0;2025-06-19;;
Oeste do Ceará;21414,0;PENTECOSTE;15214,54;346;35,0;2025-06-20;;
Oeste do Ceará;21414,0;PENTECOSTE;43174,59;638;43,0;2025-06-21;;
Oeste do Ceará;21414,0;PENTECOSTE;46730,69;534;49,0;2025-06-23;;
Oeste do Ceará;21414,0;PENTECOSTE;24051,24;335;30,0;2025-06-24;;
Oeste do Ceará;21414,0;PENTECOSTE;29669,23;826;34,0;2025-06-25;;
Oeste do Ceará;21414,0;PENTECOSTE;31671,94;537;32,0;2025-06-26;;
Oeste do Ceará;21414,0;PENTECOSTE;25377,75;395;45,0;2025-06-27;;
Oeste do Ceará;21414,0;PENTECOSTE;17926,19;316;38,0;2025-06-28;;
Oeste do Ceará;21414,0;PENTECOSTE;68250,31;1132;60,0;2025-06-30;;
Oeste do Ceará;21414,0;PENTECOSTE;7899,68;148;12,0;2025-07-01;;
Oeste do Ceará;21414,0;PENTECOSTE;14482,75;346;31,0;2025-07-02;;
Oeste do Ceará;21414,0;PENTECOSTE;11454,83;209;27,0;2025-07-03;;
Oeste do Ceará;21414,0;PENTECOSTE;32312,59;488;33,0;2025-07-04;;
Oeste do Ceará;21414,0;PENTECOSTE;32155,35;472;40,0;2025-07-05;;
Oeste do Ceará;21414,0;PENTECOSTE;17446,47;311;38,0;2025-07-07;;
Oeste do Ceará;21414,0;PENTECOSTE;19543,82;353;36,0;2025-07-08;;
Oeste do Ceará;21414,0;PENTECOSTE;13073,37;343;40,0;2025-07-09;;
Oeste do Ceará;21414,0;PENTECOSTE;12251,41;258;24,0;2025-07-10;;
Oeste do Ceará;21414,0;PENTECOSTE;12308,24;226;23,0;2025-07-11;;
Oeste do Ceará;21414,0;PENTECOSTE;16442,06;249;25,0;2025-07-12;;
Oeste do Ceará;21414,0;PENTECOSTE;8670,22;200;24,0;2025-07-14;;
Oeste do Ceará;21414,0;PENTECOSTE;16020,88;321;29,0;2025-07-15;;
Oeste do Ceará;21414,0;PENTECOSTE;17744,6;419;38,0;2025-07-16;;
Oeste do Ceará;21414,0;PENTECOSTE;19195,72;327;28,0;2025-07-17;;
Oeste do Ceará;21414,0;PENTECOSTE;35351,44;497;31,0;2025-07-18;;
Oeste do Ceará;21414,0;PENTECOSTE;10365,71;178;17,0;2025-07-19;;
Oeste do Ceará;21414,0;PENTECOSTE;51266,23;1133;51,0;2025-07-21;;
Oeste do Ceará;21414,0;PENTECOSTE;25755,82;502;36,0;2025-07-22;;
Oeste do Ceará;21414,0;PENTECOSTE;14645,47;422;29,0;2025-07-23;;
Oeste do Ceará;21414,0;PENTECOSTE;16144,4;301;25,0;2025-07-24;;
Oeste do Ceará;21414,0;PENTECOSTE;20045,4;449;25,0;2025-07-25;;
Oeste do Ceará;21414,0;PENTECOSTE;7236,49;250;16,0;2025-07-26;;
Oeste do Ceará;21414,0;PENTECOSTE;24564,75;469;35,0;2025-07-28;;
Oeste do Ceará;21414,0;PENTECOSTE;14400,96;332;32,0;2025-07-29;;
Oeste do Ceará;21414,0;PENTECOSTE;18562,46;374;33,0;2025-07-30;;
Oeste do Ceará;21414,0;PENTECOSTE;10600,72;230;24,0;2025-07-31;;
Oeste do Ceará;21414,0;PENTECOSTE;29593,35;407;36,0;2025-08-01;;
Oeste do Ceará;21414,0;PENTECOSTE;10714,2;141;21,0;2025-08-02;;
Oeste do Ceará;21414,0;PENTECOSTE;17564,61;296;36,0;2025-08-04;;
Oeste do Ceará;21414,0;PENTECOSTE;14263,31;307;28,0;2025-08-05;;
Oeste do Ceará;21414,0;PENTECOSTE;27994,77;664;39,0;2025-08-06;;
Oeste do Ceará;21414,0;PENTECOSTE;20613,51;341;35,0;2025-08-07;;
Oeste do Ceará;21414,0;PENTECOSTE;14466,85;263;32,0;2025-08-08;;
Oeste do Ceará;21414,0;PENTECOSTE;15891,36;272;43,0;2025-08-09;;
Oeste do Ceará;21414,0;PENTECOSTE;979,16;21;7,0;2025-08-10;;
Oeste do Ceará;21414,0;PENTECOSTE;132984,72;2993;50,0;2025-08-11;;
Oeste do Ceará;21414,0;PENTECOSTE;26614,13;588;38,0;2025-08-12;;
Oeste do Ceará;21414,0;PENTECOSTE;16764,24;395;37,0;2025-08-13;;
Oeste do Ceará;21414,0;PENTECOSTE;26920,18;613;34,0;2025-08-14;;
Oeste do Ceará;21414,0;PENTECOSTE;22577,83;524;36,0;2025-08-15;;
Oeste do Ceará;21414,0;PENTECOSTE;13663,51;254;26,0;2025-08-16;;
Oeste do Ceará;21414,0;PENTECOSTE;21842,16;653;24,0;2025-08-18;;
Oeste do Ceará;21414,0;PENTECOSTE;10033,05;204;25,0;2025-08-19;;
Oeste do Ceará;21414,0;PENTECOSTE;52119,15;1039;49,0;2025-08-20;;
Oeste do Ceará;21414,0;PENTECOSTE;8554,33;183;22,0;2025-08-21;;
Oeste do Ceará;21414,0;PENTECOSTE;15523,92;296;31,0;2025-08-22;;
Oeste do Ceará;21414,0;PENTECOSTE;5349,23;89;11,0;2025-08-23;;
Oeste do Ceará;21414,0;PENTECOSTE;11104,41;204;29,0;2025-08-25;;
Oeste do Ceará;21414,0;PENTECOSTE;14199,11;301;34,0;2025-08-26;;
Oeste do Ceará;21414,0;PENTECOSTE;40072,51;611;46,0;2025-08-27;;
Oeste do Ceará;21414,0;PENTECOSTE;12394,44;252;31,0;2025-08-28;;
Oeste do Ceará;21414,0;PENTECOSTE;11514,61;211;26,0;2025-08-29;;
Oeste do Ceará;21414,0;PENTECOSTE;9262,42;180;20,0;2025-08-30;;
Oeste do Ceará;21414,0;PENTECOSTE;44162,63;1065;47,0;2025-09-01;;
Oeste do Ceará;21414,0;PENTECOSTE;28964,38;543;56,0;2025-09-02;;
Oeste do Ceará;21414,0;PENTECOSTE;25236,63;365;40,0;2025-09-03;;
Oeste do Ceará;21414,0;PENTECOSTE;16015,4;313;38,0;2025-09-04;;
Oeste do Ceará;21414,0;PENTECOSTE;62857,41;861;59,0;2025-09-05;;
Oeste do Ceará;21414,0;PENTECOSTE;26646,42;416;41,0;2025-09-06;;
Oeste do Ceará;21414,0;PENTECOSTE;19132,89;305;43,0;2025-09-08;;
Oeste do Ceará;21414,0;PENTECOSTE;19456,0;280;30,0;2025-09-09;;
Oeste do Ceará;21414,0;PENTECOSTE;47361,2;799;31,0;2025-09-10;;
Oeste do Ceará;21414,0;PENTECOSTE;22084,72;437;30,0;2025-09-11;;
Oeste do Ceará;21414,0;PENTECOSTE;16214,19;349;38,0;2025-09-12;;
Oeste do Ceará;21414,0;PENTECOSTE;14537,96;241;29,0;2025-09-13;;
Oeste do Ceará;21414,0;PENTECOSTE;21907,32;388;27,0;2025-09-15;;
Oeste do Ceará;21414,0;PENTECOSTE;5594,33;88;22,0;2025-09-16;;
Oeste do Ceará;21414,0;PENTECOSTE;31997,11;849;50,0;2025-09-17;;
Oeste do Ceará;21414,0;PENTECOSTE;41778,58;639;34,0;2025-09-18;;
Oeste do Ceará;21414,0;PENTECOSTE;17747,46;325;32,0;2025-09-19;;
Oeste do Ceará;21414,0;PENTECOSTE;19695,13;298;25,0;2025-09-20;;
Oeste do Ceará;21414,0;PENTECOSTE;129100,14;2411;71,0;2025-09-23;;
Oeste do Ceará;21414,0;PENTECOSTE;27802,9;518;31,0;2025-09-24;;
Oeste do Ceará;21414,0;PENTECOSTE;27124,17;512;35,0;2025-09-25;;
Oeste do Ceará;21414,0;PENTECOSTE;25785,37;489;36,0;2025-09-26;;
Oeste do Ceará;21414,0;PENTECOSTE;13611,78;343;25,0;2025-09-27;;
Oeste do Ceará;21414,0;PENTECOSTE;11610,75;272;21,0;2025-09-29;;
Oeste do Ceará;21414,0;PENTECOSTE;8296,58;225;16,0;2025-09-30;;
Oeste do Ceará;21414,0;PENTECOSTE;38346,46;678;34,0;2025-10-01;;
Oeste do Ceará;21414,0;PENTECOSTE;10340,58;210;24,0;2025-10-02;;
Oeste do Ceará;21414,0;PENTECOSTE;22749,93;346;42,0;2025-10-03;;
Oeste do Ceará;21414,0;PENTECOSTE;15445,62;261;20,0;2025-10-04;;
Oeste do Ceará;21414,0;PENTECOSTE;19216,94;454;41,0;2025-10-06;;
Oeste do Ceará;21414,0;PENTECOSTE;18020,33;430;31,0;2025-10-07;;
Oeste do Ceará;21414,0;PENTECOSTE;40340,01;953;42,0;2025-10-08;;
Oeste do Ceará;21414,0;PENTECOSTE;17765,7;297;34,0;2025-10-09;;
Oeste do Ceará;21414,0;PENTECOSTE;11072,31;217;26,0;2025-10-10;;
Oeste do Ceará;21414,0;PENTECOSTE;15301,01;267;34,0;2025-10-11;;
Oeste do Ceará;21414,0;PENTECOSTE;30250,48;818;44,0;2025-10-13;;
Oeste do Ceará;21414,0;PENTECOSTE;11745,63;258;34,0;2025-10-14;;
Oeste do Ceará;21414,0;PENTECOSTE;10197,52;196;26,0;2025-10-15;;
Oeste do Ceará;21414,0;PENTECOSTE;10141,36;124;17,0;2025-10-16;;
Oeste do Ceará;21414,0;PENTECOSTE;16644,82;346;36,0;2025-10-17;;
Oeste do Ceará;21414,0;PENTECOSTE;7439,95;119;19,0;2025-10-18;;
Oeste do Ceará;21414,0;PENTECOSTE;9276,66;170;27,0;2025-10-20;;
Oeste do Ceará;21414,0;PENTECOSTE;15051,49;222;26,0;2025-10-21;;
Oeste do Ceará;21414,0;PENTECOSTE;9453,97;215;26,0;2025-10-22;;
Oeste do Ceará;21414,0;PENTECOSTE;8077,83;122;23,0;2025-10-23;;
Oeste do Ceará;21414,0;PENTECOSTE;8514,58;155;27,0;2025-10-24;;
Oeste do Ceará;21414,0;PENTECOSTE;7750,66;177;25,0;2025-10-25;;
Oeste do Ceará;21414,0;PENTECOSTE;25151,41;374;28,0;2025-10-27;;
Oeste do Ceará;21414,0;PENTECOSTE;8801,24;142;19,0;2025-10-28;;
Oeste do Ceará;21414,0;PENTECOSTE;13376,06;257;38,0;2025-10-29;;
Oeste do Ceará;21414,0;PENTECOSTE;16786,08;293;44,0;2025-10-30;;
Oeste do Ceará;21414,0;PENTECOSTE;20074,63;366;37,0;2025-10-31;;
Oeste do Ceará;21414,0;PENTECOSTE;30251,84;484;48,0;2025-11-01;;
Oeste do Ceará;21414,0;PENTECOSTE;58888,8;1284;74,0;2025-11-03;;
Oeste do Ceará;21414,0;PENTECOSTE;32169,04;695;48,0;2025-11-04;;
Oeste do Ceará;21414,0;PENTECOSTE;17558,3;403;40,0;2025-11-05;;
Oeste do Ceará;21414,0;PENTECOSTE;26242,89;543;47,0;2025-11-06;;
Oeste do Ceará;21414,0;PENTECOSTE;21352,6;1009;35,0;2025-11-07;;
Oeste do Ceará;21414,0;PENTECOSTE;16552,34;374;35,0;2025-11-08;;
Oeste do Ceará;21414,0;PENTECOSTE;20713,58;446;57,0;2025-11-10;;
Oeste do Ceará;21414,0;PENTECOSTE;40308,86;925;59,0;2025-11-11;;
Oeste do Ceará;21414,0;PENTECOSTE;20970,88;476;32,0;2025-11-12;;
Oeste do Ceará;21414,0;PENTECOSTE;30809,27;719;40,0;2025-11-13;;
Oeste do Ceará;21414,0;PENTECOSTE;18058,88;363;38,0;2025-11-14;;
Oeste do Ceará;21414,0;PENTECOSTE;7520,17;231;20,0;2025-11-15;;
Oeste do Ceará;21414,0;PENTECOSTE;35927,55;663;46,0;2025-11-17;;
Oeste do Ceará;21414,0;PENTECOSTE;38141,69;649;26,0;2025-11-18;;
Oeste do Ceará;21414,0;PENTECOSTE;51632,13;1092;63,0;2025-11-19;;
Oeste do Ceará;21414,0;PENTECOSTE;31620,61;563;41,0;2025-11-20;;
Oeste do Ceará;21414,0;PENTECOSTE;25519,75;411;50,0;2025-11-21;;
Oeste do Ceará;21414,0;PENTECOSTE;11625,46;184;30,0;2025-11-22;;
Oeste do Ceará;21414,0;PENTECOSTE;24065,25;441;38,0;2025-11-24;;
Oeste do Ceará;21414,0;PENTECOSTE;60063,75;828;52,0;2025-11-25;;
Oeste do Ceará;21414,0;PENTECOSTE;34761,65;635;53,0;2025-11-26;;
Oeste do Ceará;21414,0;PENTECOSTE;108696,69;2105;96,0;2025-11-27;;
Oeste do Ceará;21414,0;PENTECOSTE;50161,05;788;68,0;2025-11-28;;
Oeste do Ceará;21414,0;PENTECOSTE;16495,96;275;29,0;2025-11-29;;
Oeste do Ceará;21414,0;PENTECOSTE;3288,05;33;5,0;2025-11-30;;
Oeste do Ceará;21414,0;PENTECOSTE;22645,84;586;35,0;2025-12-01;;
Oeste do Ceará;21414,0;PENTECOSTE;12537,81;283;32,0;2025-12-02;;
Oeste do Ceará;21414,0;PENTECOSTE;23428,7;375;25,0;2025-12-03;;
Oeste do Ceará;21414,0;PENTECOSTE;23493,81;504;28,0;2025-12-04;;
Oeste do Ceará;21414,0;PENTECOSTE;19754,67;545;32,0;2025-12-05;;
Oeste do Ceará;21414,0;PENTECOSTE;12494,84;245;15,0;2025-12-06;;
Oeste do Ceará;21414,0;PENTECOSTE;8134,88;163;21,0;2025-12-08;;
Oeste do Ceará;21414,0;PENTECOSTE;15678,93;286;25,0;2025-12-09;;
Oeste do Ceará;21414,0;PENTECOSTE;15567,26;304;28,0;2025-12-10;;
Oeste do Ceará;21414,0;PENTECOSTE;14954,67;270;31,0;2025-12-11;;
Oeste do Ceará;21414,0;PENTECOSTE;16333,9;308;33,0;2025-12-12;;
Oeste do Ceará;21414,0;PENTECOSTE;13908,0;329;54,0;2025-12-13;;
Oeste do Ceará;21414,0;PENTECOSTE;5897,31;126;21,0;2025-12-14;;
Oeste do Ceará;21414,0;PENTECOSTE;12057,81;282;52,0;2025-12-15;;
Oeste do Ceará;21414,0;PENTECOSTE;19357,78;328;52,0;2025-12-16;;
Oeste do Ceará;21414,0;PENTECOSTE;21615,56;435;36,0;2025-12-17;;
Oeste do Ceará;21414,0;PENTECOSTE;13199,38;244;36,0;2025-12-18;;
Oeste do Ceará;21414,0;PENTECOSTE;11988,26;231;31,0;2025-12-19;;
Oeste do Ceará;21414,0;PENTECOSTE;20338,09;498;42,0;2025-12-20;;
Oeste do Ceará;21414,0;PENTECOSTE;5910,64;198;17,0;2025-12-21;;
Oeste do Ceará;21414,0;PENTECOSTE;42048,27;814;85,0;2025-12-22;;
Oeste do Ceará;21414,0;PENTECOSTE;25128,02;608;61,0;2025-12-23;;
Oeste do Ceará;21414,0;PENTECOSTE;16477,06;295;33,0;2025-12-24;;
Oeste do Ceará;21414,0;PENTECOSTE;106169,93;1831;58,0;2025-12-26;;
Oeste do Ceará;21414,0;PENTECOSTE;18992,89;460;43,0;2025-12-27;;
Oeste do Ceará;21414,0;PENTECOSTE;6477,58;163;17,0;2025-12-29;;
Oeste do Ceará;21414,0;PENTECOSTE;9993,9;236;25,0;2025-12-30;;
Oeste do Ceará;21414,0;PENTECOSTE;15862,17;249;20,0;2025-12-31;;
RN Sul;23775,0;SANTA CRUZ HÍBRIDA;21351,04;299;16,0;2025-04-03;;
RN Sul;23775,0;SANTA CRUZ HÍBRIDA;21281,14;382;19,0;2025-04-04;;
RN Sul;23775,0;SANTA CRUZ HÍBRIDA;22046,78;336;22,0;2025-04-05;;
RN Sul;23775,0;SANTA CRUZ HÍBRIDA;14638,98;191;16,0;2025-04-07;;
RN Sul;23775,0;SANTA CRUZ HÍBRIDA;5081,09;65;10,0;2025-04-08;;
RN Sul;23775,0;SANTA CRUZ HÍBRIDA;9277,01;155;12,0;2025-04-09;;
RN Sul;23775,0;SANTA CRUZ HÍBRIDA;7420,48;122;8,0;2025-04-10;;
RN Sul;23775,0;SANTA CRUZ HÍBRIDA;11596,84;245;16,0;2025-04-11;;
RN Sul;23775,0;SANTA CRUZ HÍBRIDA;2254,93;42;6,0;2025-04-12;;
RN Sul;23775,0;SANTA CRUZ HÍBRIDA;8241,94;114;10,0;2025-04-14;;
RN Sul;23775,0;SANTA CRUZ HÍBRIDA;5702,9;88;11,0;2025-04-15;;
RN Sul;23775,0;SANTA CRUZ HÍBRIDA;11356,64;199;10,0;2025-04-16;;
RN Sul;23775,0;SANTA CRUZ HÍBRIDA;17113,99;243;16,0;2025-04-17;;
RN Sul;23775,0;SANTA CRUZ HÍBRIDA;1182,02;18;1,0;2025-04-18;;
RN Sul;23775,0;SANTA CRUZ HÍBRIDA;13476,56;215;15,0;2025-04-19;;
RN Sul;23775,0;SANTA CRUZ HÍBRIDA;10196,96;161;15,0;2025-04-22;;
RN Sul;23775,0;SANTA CRUZ HÍBRIDA;7572,15;121;7,0;2025-04-23;;
RN Sul;23775,0;SANTA CRUZ HÍBRIDA;3780,3;115;5,0;2025-04-24;;
RN Sul;23775,0;SANTA CRUZ HÍBRIDA;10308,68;177;23,0;2025-04-25;;
RN Sul;23775,0;SANTA CRUZ HÍBRIDA;11224,18;161;16,0;2025-04-26;;
RN Sul;23775,0;SANTA CRUZ HÍBRIDA;6111,89;96;12,0;2025-04-28;;
RN Sul;23775,0;SANTA CRUZ HÍBRIDA;17210,19;219;18,0;2025-04-29;;
RN Sul;23775,0;SANTA CRUZ HÍBRIDA;11847,56;167;16,0;2025-04-30;;
RN Sul;23775,0;SANTA CRUZ HÍBRIDA;9055,65;127;12,0;2025-05-02;;
RN Sul;23775,0;SANTA CRUZ HÍBRIDA;7164,26;147;12,0;2025-05-03;;
RN Sul;23775,0;SANTA CRUZ HÍBRIDA;3540,86;63;7,0;2025-05-05;;
RN Sul;23775,0;SANTA CRUZ HÍBRIDA;5780,79;61;8,0;2025-05-06;;
RN Sul;23775,0;SANTA CRUZ HÍBRIDA;7398,89;92;10,0;2025-05-07;;
RN Sul;23775,0;SANTA CRUZ HÍBRIDA;27870,57;406;25,0;2025-05-08;;
RN Sul;23775,0;SANTA CRUZ HÍBRIDA;19414,92;273;23,0;2025-05-09;;
RN Sul;23775,0;SANTA CRUZ HÍBRIDA;12772,84;164;29,0;2025-05-10;;
RN Sul;23775,0;SANTA CRUZ HÍBRIDA;2862,26;33;4,0;2025-05-11;;
RN Sul;23775,0;SANTA CRUZ HÍBRIDA;6023,75;108;8,0;2025-05-12;;
RN Sul;23775,0;SANTA CRUZ HÍBRIDA;9924,52;184;16,0;2025-05-13;;
RN Sul;23775,0;SANTA CRUZ HÍBRIDA;11149,86;161;7,0;2025-05-14;;
RN Sul;23775,0;SANTA CRUZ HÍBRIDA;3909,73;64;6,0;2025-05-15;;
RN Sul;23775,0;SANTA CRUZ HÍBRIDA;10335,97;174;14,0;2025-05-16;;
RN Sul;23775,0;SANTA CRUZ HÍBRIDA;8234,98;134;13,0;2025-05-17;;
RN Sul;23775,0;SANTA CRUZ HÍBRIDA;25669,51;402;19,0;2025-05-19;;
RN Sul;23775,0;SANTA CRUZ HÍBRIDA;6478,19;108;12,0;2025-05-20;;
RN Sul;23775,0;SANTA CRUZ HÍBRIDA;18530,1;324;23,0;2025-05-21;;
RN Sul;23775,0;SANTA CRUZ HÍBRIDA;19298,0;286;16,0;2025-05-23;;
RN Sul;23775,0;SANTA CRUZ HÍBRIDA;28967,58;498;39,0;2025-05-24;;
RN Sul;23775,0;SANTA CRUZ HÍBRIDA;14650,64;244;15,0;2025-05-26;;
RN Sul;23775,0;SANTA CRUZ HÍBRIDA;4373,9;71;11,0;2025-05-27;;
RN Sul;23775,0;SANTA CRUZ HÍBRIDA;9767,21;161;17,0;2025-05-28;;
RN Sul;23775,0;SANTA CRUZ HÍBRIDA;6041,27;121;7,0;2025-05-29;;
RN Sul;23775,0;SANTA CRUZ HÍBRIDA;13046,38;213;11,0;2025-05-30;;
RN Sul;23775,0;SANTA CRUZ HÍBRIDA;4634,86;90;8,0;2025-05-31;;
RN Sul;23775,0;SANTA CRUZ HÍBRIDA;4507,12;110;8,0;2025-06-02;;
RN Sul;23775,0;SANTA CRUZ HÍBRIDA;5451,18;104;8,0;2025-06-03;;
RN Sul;23775,0;SANTA CRUZ HÍBRIDA;9293,41;126;10,0;2025-06-04;;
RN Sul;23775,0;SANTA CRUZ HÍBRIDA;8207,92;147;14,0;2025-06-05;;
RN Sul;23775,0;SANTA CRUZ HÍBRIDA;6509,65;116;15,0;2025-06-06;;
RN Sul;23775,0;SANTA CRUZ HÍBRIDA;4319,57;52;8,0;2025-06-07;;
RN Sul;23775,0;SANTA CRUZ HÍBRIDA;6335,33;100;15,0;2025-06-09;;
RN Sul;23775,0;SANTA CRUZ HÍBRIDA;12464,64;247;14,0;2025-06-10;;
RN Sul;23775,0;SANTA CRUZ HÍBRIDA;6737,07;153;17,0;2025-06-11;;
RN Sul;23775,0;SANTA CRUZ HÍBRIDA;10533,51;159;18,0;2025-06-12;;
RN Sul;23775,0;SANTA CRUZ HÍBRIDA;31461,28;590;33,0;2025-06-13;;
RN Sul;23775,0;SANTA CRUZ HÍBRIDA;26748,51;469;27,0;2025-06-14;;
RN Sul;23775,0;SANTA CRUZ HÍBRIDA;16275,69;263;17,0;2025-06-16;;
RN Sul;23775,0;SANTA CRUZ HÍBRIDA;20331,91;202;6,0;2025-06-17;;
RN Sul;23775,0;SANTA CRUZ HÍBRIDA;8669,54;141;12,0;2025-06-18;;
RN Sul;23775,0;SANTA CRUZ HÍBRIDA;1417,74;25;2,0;2025-06-19;;
RN Sul;23775,0;SANTA CRUZ HÍBRIDA;5424,2;95;7,0;2025-06-20;;
RN Sul;23775,0;SANTA CRUZ HÍBRIDA;6969,14;88;9,0;2025-06-21;;
RN Sul;23775,0;SANTA CRUZ HÍBRIDA;16547,95;169;15,0;2025-06-23;;
RN Sul;23775,0;SANTA CRUZ HÍBRIDA;19798,39;255;23,0;2025-06-25;;
RN Sul;23775,0;SANTA CRUZ HÍBRIDA;19906,6;260;21,0;2025-06-26;;
RN Sul;23775,0;SANTA CRUZ HÍBRIDA;11955,18;158;20,0;2025-06-27;;
RN Sul;23775,0;SANTA CRUZ HÍBRIDA;13910,32;183;21,0;2025-06-28;;
RN Sul;23775,0;SANTA CRUZ HÍBRIDA;11281,35;202;22,0;2025-06-30;;
RN Sul;23775,0;SANTA CRUZ HÍBRIDA;45362,16;682;162,0;2025-07-01;;
RN Sul;23775,0;SANTA CRUZ HÍBRIDA;6526,67;114;9,0;2025-07-02;;
RN Sul;23775,0;SANTA CRUZ HÍBRIDA;11391,55;161;13,0;2025-07-03;;
RN Sul;23775,0;SANTA CRUZ HÍBRIDA;10048,74;129;13,0;2025-07-04;;
RN Sul;23775,0;SANTA CRUZ HÍBRIDA;10365,7;148;13,0;2025-07-05;;
RN Sul;23775,0;SANTA CRUZ HÍBRIDA;6292,41;74;6,0;2025-07-07;;
RN Sul;23775,0;SANTA CRUZ HÍBRIDA;6634,72;112;14,0;2025-07-08;;
RN Sul;23775,0;SANTA CRUZ HÍBRIDA;5321,27;72;10,0;2025-07-09;;
RN Sul;23775,0;SANTA CRUZ HÍBRIDA;5729,77;77;14,0;2025-07-10;;
RN Sul;23775,0;SANTA CRUZ HÍBRIDA;4572,15;67;10,0;2025-07-11;;
RN Sul;23775,0;SANTA CRUZ HÍBRIDA;5723,85;63;8,0;2025-07-12;;
RN Sul;23775,0;SANTA CRUZ HÍBRIDA;4137,52;62;8,0;2025-07-14;;
RN Sul;23775,0;SANTA CRUZ HÍBRIDA;2637,24;36;5,0;2025-07-15;;
RN Sul;23775,0;SANTA CRUZ HÍBRIDA;31839,75;815;37,0;2025-07-16;;
RN Sul;23775,0;SANTA CRUZ HÍBRIDA;29414,78;447;30,0;2025-07-17;;
RN Sul;23775,0;SANTA CRUZ HÍBRIDA;25247,34;412;30,0;2025-07-18;;
RN Sul;23775,0;SANTA CRUZ HÍBRIDA;19228,45;321;26,0;2025-07-19;;
RN Sul;23775,0;SANTA CRUZ HÍBRIDA;15896,04;333;16,0;2025-07-21;;
RN Sul;23775,0;SANTA CRUZ HÍBRIDA;17412,79;326;26,0;2025-07-22;;
RN Sul;23775,0;SANTA CRUZ HÍBRIDA;16493,57;407;28,0;2025-07-23;;
RN Sul;23775,0;SANTA CRUZ HÍBRIDA;11782,31;269;24,0;2025-07-24;;
RN Sul;23775,0;SANTA CRUZ HÍBRIDA;11449,42;200;16,0;2025-07-25;;
RN Sul;23775,0;SANTA CRUZ HÍBRIDA;12904,3;273;18,0;2025-07-26;;
RN Sul;23775,0;SANTA CRUZ HÍBRIDA;9345,44;140;15,0;2025-07-28;;
RN Sul;23775,0;SANTA CRUZ HÍBRIDA;15732,64;273;24,0;2025-07-29;;
RN Sul;23775,0;SANTA CRUZ HÍBRIDA;4049,91;76;12,0;2025-07-30;;
RN Sul;23775,0;SANTA CRUZ HÍBRIDA;11524,42;229;17,0;2025-07-31;;
RN Sul;23775,0;SANTA CRUZ HÍBRIDA;12769,33;206;19,0;2025-08-01;;
RN Sul;23775,0;SANTA CRUZ HÍBRIDA;8873,53;174;17,0;2025-08-02;;
RN Sul;23775,0;SANTA CRUZ HÍBRIDA;10146,44;175;13,0;2025-08-04;;
RN Sul;23775,0;SANTA CRUZ HÍBRIDA;5660,08;100;9,0;2025-08-05;;
RN Sul;23775,0;SANTA CRUZ HÍBRIDA;16186,0;340;18,0;2025-08-06;;
RN Sul;23775,0;SANTA CRUZ HÍBRIDA;10270,05;184;17,0;2025-08-07;;
RN Sul;23775,0;SANTA CRUZ HÍBRIDA;16426,09;294;21,0;2025-08-08;;
RN Sul;23775,0;SANTA CRUZ HÍBRIDA;16255,31;266;25,0;2025-08-09;;
RN Sul;23775,0;SANTA CRUZ HÍBRIDA;4004,3;69;6,0;2025-08-10;;
RN Sul;23775,0;SANTA CRUZ HÍBRIDA;8911,69;203;14,0;2025-08-11;;
RN Sul;23775,0;SANTA CRUZ HÍBRIDA;7291,3;177;14,0;2025-08-12;;
RN Sul;23775,0;SANTA CRUZ HÍBRIDA;7907,41;172;14,0;2025-08-13;;
RN Sul;23775,0;SANTA CRUZ HÍBRIDA;6521,81;162;8,0;2025-08-14;;
RN Sul;23775,0;SANTA CRUZ HÍBRIDA;7701,51;195;17,0;2025-08-15;;
RN Sul;23775,0;SANTA CRUZ HÍBRIDA;6787,04;171;12,0;2025-08-16;;
RN Sul;23775,0;SANTA CRUZ HÍBRIDA;8145,39;149;18,0;2025-08-18;;
RN Sul;23775,0;SANTA CRUZ HÍBRIDA;8085,64;165;13,0;2025-08-19;;
RN Sul;23775,0;SANTA CRUZ HÍBRIDA;11467,09;265;20,0;2025-08-20;;
RN Sul;23775,0;SANTA CRUZ HÍBRIDA;8889,57;176;20,0;2025-08-21;;
RN Sul;23775,0;SANTA CRUZ HÍBRIDA;9331,38;207;13,0;2025-08-22;;
RN Sul;23775,0;SANTA CRUZ HÍBRIDA;5566,06;114;14,0;2025-08-23;;
RN Sul;23775,0;SANTA CRUZ HÍBRIDA;2862,39;48;7,0;2025-08-25;;
RN Sul;23775,0;SANTA CRUZ HÍBRIDA;7199,92;155;14,0;2025-08-26;;
RN Sul;23775,0;SANTA CRUZ HÍBRIDA;20414,12;337;14,0;2025-08-27;;
RN Sul;23775,0;SANTA CRUZ HÍBRIDA;13747,91;249;21,0;2025-08-28;;
RN Sul;23775,0;SANTA CRUZ HÍBRIDA;5352,36;95;6,0;2025-08-29;;
RN Sul;23775,0;SANTA CRUZ HÍBRIDA;15797,62;322;20,0;2025-08-30;;
RN Sul;23775,0;SANTA CRUZ HÍBRIDA;16562,6;335;22,0;2025-09-01;;
RN Sul;23775,0;SANTA CRUZ HÍBRIDA;14007,09;268;24,0;2025-09-02;;
RN Sul;23775,0;SANTA CRUZ HÍBRIDA;4717,16;101;8,0;2025-09-03;;
RN Sul;23775,0;SANTA CRUZ HÍBRIDA;11773,89;175;10,0;2025-09-04;;
RN Sul;23775,0;SANTA CRUZ HÍBRIDA;36075,43;533;35,0;2025-09-05;;
RN Sul;23775,0;SANTA CRUZ HÍBRIDA;19926,22;285;17,0;2025-09-06;;
RN Sul;23775,0;SANTA CRUZ HÍBRIDA;6271,79;123;12,0;2025-09-08;;
RN Sul;23775,0;SANTA CRUZ HÍBRIDA;10877,24;172;14,0;2025-09-09;;
RN Sul;23775,0;SANTA CRUZ HÍBRIDA;15186,91;267;23,0;2025-09-10;;
RN Sul;23775,0;SANTA CRUZ HÍBRIDA;7748,2;134;13,0;2025-09-11;;
RN Sul;23775,0;SANTA CRUZ HÍBRIDA;6753,16;122;15,0;2025-09-12;;
RN Sul;23775,0;SANTA CRUZ HÍBRIDA;7668,08;121;15,0;2025-09-13;;
RN Sul;23775,0;SANTA CRUZ HÍBRIDA;8147,14;132;13,0;2025-09-15;;
RN Sul;23775,0;SANTA CRUZ HÍBRIDA;11187,58;199;19,0;2025-09-16;;
RN Sul;23775,0;SANTA CRUZ HÍBRIDA;11629,04;253;16,0;2025-09-17;;
RN Sul;23775,0;SANTA CRUZ HÍBRIDA;4692,55;73;9,0;2025-09-18;;
RN Sul;23775,0;SANTA CRUZ HÍBRIDA;5117,81;82;8,0;2025-09-19;;
RN Sul;23775,0;SANTA CRUZ HÍBRIDA;6089,3;136;13,0;2025-09-20;;
RN Sul;23775,0;SANTA CRUZ HÍBRIDA;54253,82;854;15,0;2025-09-22;;
RN Sul;23775,0;SANTA CRUZ HÍBRIDA;9890,75;225;19,0;2025-09-23;;
RN Sul;23775,0;SANTA CRUZ HÍBRIDA;7184,03;260;13,0;2025-09-24;;
RN Sul;23775,0;SANTA CRUZ HÍBRIDA;7671,07;247;13,0;2025-09-25;;
RN Sul;23775,0;SANTA CRUZ HÍBRIDA;17462,93;516;25,0;2025-09-26;;
RN Sul;23775,0;SANTA CRUZ HÍBRIDA;12258,53;292;19,0;2025-09-27;;
RN Sul;23775,0;SANTA CRUZ HÍBRIDA;10922,73;259;11,0;2025-09-29;;
RN Sul;23775,0;SANTA CRUZ HÍBRIDA;4972,44;142;12,0;2025-09-30;;
RN Sul;23775,0;SANTA CRUZ HÍBRIDA;7141,68;142;10,0;2025-10-01;;
RN Sul;23775,0;SANTA CRUZ HÍBRIDA;10268,02;186;17,0;2025-10-02;;
RN Sul;23775,0;SANTA CRUZ HÍBRIDA;19963,94;220;7,0;2025-10-03;;
RN Sul;23775,0;SANTA CRUZ HÍBRIDA;26533,0;384;25,0;2025-10-04;;
RN Sul;23775,0;SANTA CRUZ HÍBRIDA;10318,46;115;9,0;2025-10-06;;
RN Sul;23775,0;SANTA CRUZ HÍBRIDA;9175,25;145;9,0;2025-10-07;;
RN Sul;23775,0;SANTA CRUZ HÍBRIDA;17057,49;345;19,0;2025-10-08;;
RN Sul;23775,0;SANTA CRUZ HÍBRIDA;9762,59;224;16,0;2025-10-09;;
RN Sul;23775,0;SANTA CRUZ HÍBRIDA;9930,35;139;16,0;2025-10-10;;
RN Sul;23775,0;SANTA CRUZ HÍBRIDA;14162,7;233;15,0;2025-10-11;;
RN Sul;23775,0;SANTA CRUZ HÍBRIDA;18394,18;391;22,0;2025-10-13;;
RN Sul;23775,0;SANTA CRUZ HÍBRIDA;7518,32;167;14,0;2025-10-14;;
RN Sul;23775,0;SANTA CRUZ HÍBRIDA;10284,46;208;12,0;2025-10-15;;
RN Sul;23775,0;SANTA CRUZ HÍBRIDA;5269,56;145;11,0;2025-10-16;;
RN Sul;23775,0;SANTA CRUZ HÍBRIDA;10187,66;227;18,0;2025-10-17;;
RN Sul;23775,0;SANTA CRUZ HÍBRIDA;5450,86;115;10,0;2025-10-18;;
RN Sul;23775,0;SANTA CRUZ HÍBRIDA;3058,38;69;7,0;2025-10-20;;
RN Sul;23775,0;SANTA CRUZ HÍBRIDA;7448,89;199;15,0;2025-10-21;;
RN Sul;23775,0;SANTA CRUZ HÍBRIDA;5825,98;104;9,0;2025-10-22;;
RN Sul;23775,0;SANTA CRUZ HÍBRIDA;11445,3;251;16,0;2025-10-23;;
RN Sul;23775,0;SANTA CRUZ HÍBRIDA;8535,23;167;13,0;2025-10-24;;
RN Sul;23775,0;SANTA CRUZ HÍBRIDA;10090,99;217;14,0;2025-10-25;;
RN Sul;23775,0;SANTA CRUZ HÍBRIDA;9036,48;163;13,0;2025-10-27;;
RN Sul;23775,0;SANTA CRUZ HÍBRIDA;10922,06;170;12,0;2025-10-28;;
RN Sul;23775,0;SANTA CRUZ HÍBRIDA;12681,97;286;10,0;2025-10-29;;
RN Sul;23775,0;SANTA CRUZ HÍBRIDA;14373,57;294;25,0;2025-10-30;;
RN Sul;23775,0;SANTA CRUZ HÍBRIDA;11204,06;264;21,0;2025-10-31;;
RN Sul;23775,0;SANTA CRUZ HÍBRIDA;6654,63;139;13,0;2025-11-01;;
RN Sul;23775,0;SANTA CRUZ HÍBRIDA;48491,01;1168;21,0;2025-11-03;;
RN Sul;23775,0;SANTA CRUZ HÍBRIDA;7367,85;180;16,0;2025-11-04;;
RN Sul;23775,0;SANTA CRUZ HÍBRIDA;15786,06;353;23,0;2025-11-05;;
RN Sul;23775,0;SANTA CRUZ HÍBRIDA;9703,3;239;16,0;2025-11-06;;
RN Sul;23775,0;SANTA CRUZ HÍBRIDA;19035,96;547;30,0;2025-11-07;;
RN Sul;23775,0;SANTA CRUZ HÍBRIDA;9867,66;211;18,0;2025-11-08;;
RN Sul;23775,0;SANTA CRUZ HÍBRIDA;7493,0;208;20,0;2025-11-10;;
RN Sul;23775,0;SANTA CRUZ HÍBRIDA;12133,2;254;16,0;2025-11-11;;
RN Sul;23775,0;SANTA CRUZ HÍBRIDA;8980,57;157;13,0;2025-11-12;;
RN Sul;23775,0;SANTA CRUZ HÍBRIDA;13562,69;292;17,0;2025-11-13;;
RN Sul;23775,0;SANTA CRUZ HÍBRIDA;12216,74;246;19,0;2025-11-14;;
RN Sul;23775,0;SANTA CRUZ HÍBRIDA;2991,26;59;6,0;2025-11-15;;
RN Sul;23775,0;SANTA CRUZ HÍBRIDA;386,46;8;1,0;2025-11-16;;
RN Sul;23775,0;SANTA CRUZ HÍBRIDA;6934,99;168;12,0;2025-11-17;;
RN Sul;23775,0;SANTA CRUZ HÍBRIDA;10868,05;203;21,0;2025-11-18;;
RN Sul;23775,0;SANTA CRUZ HÍBRIDA;7107,03;127;11,0;2025-11-19;;
RN Sul;23775,0;SANTA CRUZ HÍBRIDA;10769,63;205;10,0;2025-11-20;;
RN Sul;23775,0;SANTA CRUZ HÍBRIDA;12190,39;193;21,0;2025-11-21;;
RN Sul;23775,0;SANTA CRUZ HÍBRIDA;14616,26;260;23,0;2025-11-22;;
RN Sul;23775,0;SANTA CRUZ HÍBRIDA;4014,82;69;6,0;2025-11-23;;
RN Sul;23775,0;SANTA CRUZ HÍBRIDA;7514,25;144;13,0;2025-11-24;;
RN Sul;23775,0;SANTA CRUZ HÍBRIDA;10969,58;279;17,0;2025-11-25;;
RN Sul;23775,0;SANTA CRUZ HÍBRIDA;11089,37;201;14,0;2025-11-26;;
RN Sul;23775,0;SANTA CRUZ HÍBRIDA;53751,58;989;39,0;2025-11-27;;
RN Sul;23775,0;SANTA CRUZ HÍBRIDA;23381,35;377;31,0;2025-11-28;;
RN Sul;23775,0;SANTA CRUZ HÍBRIDA;17261,18;301;29,0;2025-11-29;;
RN Sul;23775,0;SANTA CRUZ HÍBRIDA;934,04;21;3,0;2025-11-30;;
RN Sul;23775,0;SANTA CRUZ HÍBRIDA;13730,74;312;15,0;2025-12-01;;
RN Sul;23775,0;SANTA CRUZ HÍBRIDA;3667,02;89;10,0;2025-12-02;;
RN Sul;23775,0;SANTA CRUZ HÍBRIDA;14591,87;301;14,0;2025-12-03;;
RN Sul;23775,0;SANTA CRUZ HÍBRIDA;6137,07;159;11,0;2025-12-04;;
RN Sul;23775,0;SANTA CRUZ HÍBRIDA;10546,24;185;12,0;2025-12-05;;
RN Sul;23775,0;SANTA CRUZ HÍBRIDA;7267,71;133;8,0;2025-12-06;;
RN Sul;23775,0;SANTA CRUZ HÍBRIDA;18090,77;497;21,0;2025-12-08;;
RN Sul;23775,0;SANTA CRUZ HÍBRIDA;5150,9;148;12,0;2025-12-09;;
RN Sul;23775,0;SANTA CRUZ HÍBRIDA;8593,85;183;10,0;2025-12-10;;
RN Sul;23775,0;SANTA CRUZ HÍBRIDA;3158,0;86;6,0;2025-12-11;;
RN Sul;23775,0;SANTA CRUZ HÍBRIDA;14391,93;326;22,0;2025-12-12;;
RN Sul;23775,0;SANTA CRUZ HÍBRIDA;7475,35;144;13,0;2025-12-13;;
RN Sul;23775,0;SANTA CRUZ HÍBRIDA;8576,92;127;11,0;2025-12-15;;
RN Sul;23775,0;SANTA CRUZ HÍBRIDA;12715,74;179;11,0;2025-12-16;;
RN Sul;23775,0;SANTA CRUZ HÍBRIDA;12102,77;287;9,0;2025-12-17;;
RN Sul;23775,0;SANTA CRUZ HÍBRIDA;6784,49;173;11,0;2025-12-18;;
RN Sul;23775,0;SANTA CRUZ HÍBRIDA;17533,51;277;15,0;2025-12-19;;
RN Sul;23775,0;SANTA CRUZ HÍBRIDA;14996,5;302;19,0;2025-12-20;;
RN Sul;23775,0;SANTA CRUZ HÍBRIDA;3154,48;49;3,0;2025-12-21;;
RN Sul;23775,0;SANTA CRUZ HÍBRIDA;9360,57;201;20,0;2025-12-22;;
RN Sul;23775,0;SANTA CRUZ HÍBRIDA;6246,05;123;15,0;2025-12-23;;
RN Sul;23775,0;SANTA CRUZ HÍBRIDA;12420,5;154;13,0;2025-12-24;;
RN Sul;23775,0;SANTA CRUZ HÍBRIDA;30546,81;546;18,0;2025-12-26;;
RN Sul;23775,0;SANTA CRUZ HÍBRIDA;19276,33;424;24,0;2025-12-27;;
RN Sul;23775,0;SANTA CRUZ HÍBRIDA;4678,13;63;5,0;2025-12-28;;
RN Sul;23775,0;SANTA CRUZ HÍBRIDA;13892,65;318;20,0;2025-12-29;;
RN Sul;23775,0;SANTA CRUZ HÍBRIDA;15582,51;291;16,0;2025-12-30;;
RN Sul;23775,0;SANTA CRUZ HÍBRIDA;12766,87;268;20,0;2025-12-31;;
Oeste do Maranhão;20934,0;SANTA INÊS;27071,41;405;53,0;2025-01-02;;
Oeste do Maranhão;20934,0;SANTA INÊS;41051,37;665;86,0;2025-01-03;;
Oeste do Maranhão;20934,0;SANTA INÊS;22867,59;377;47,0;2025-01-04;;
Oeste do Maranhão;20934,0;SANTA INÊS;58633,91;932;101,0;2025-01-06;;
Oeste do Maranhão;20934,0;SANTA INÊS;79107,6;1302;128,0;2025-01-07;;
Oeste do Maranhão;20934,0;SANTA INÊS;58209,04;988;101,0;2025-01-08;;
Oeste do Maranhão;20934,0;SANTA INÊS;87792,08;1563;113,0;2025-01-09;;
Oeste do Maranhão;20934,0;SANTA INÊS;75080,9;1286;104,0;2025-01-10;;
Oeste do Maranhão;20934,0;SANTA INÊS;34346,61;546;54,0;2025-01-11;;
Oeste do Maranhão;20934,0;SANTA INÊS;41014,89;628;72,0;2025-01-13;;
Oeste do Maranhão;20934,0;SANTA INÊS;49910,16;856;94,0;2025-01-14;;
Oeste do Maranhão;20934,0;SANTA INÊS;67317,3;985;118,0;2025-01-15;;
Oeste do Maranhão;20934,0;SANTA INÊS;162260,68;2158;178,0;2025-01-16;;
Oeste do Maranhão;20934,0;SANTA INÊS;95271,68;1295;144,0;2025-01-17;;
Oeste do Maranhão;20934,0;SANTA INÊS;49232,01;700;75,0;2025-01-18;;
Oeste do Maranhão;20934,0;SANTA INÊS;116798,05;1977;148,0;2025-01-20;;
Oeste do Maranhão;20934,0;SANTA INÊS;778,86;9;1,0;2025-01-21;;
Oeste do Maranhão;20934,0;SANTA INÊS;99126,46;1601;147,0;2025-01-22;;
Oeste do Maranhão;20934,0;SANTA INÊS;87891,35;1453;118,0;2025-01-23;;
Oeste do Maranhão;20934,0;SANTA INÊS;91908,27;1531;134,0;2025-01-24;;
Oeste do Maranhão;20934,0;SANTA INÊS;49104,28;793;70,0;2025-01-25;;
Oeste do Maranhão;20934,0;SANTA INÊS;94948,05;1628;123,0;2025-01-27;;
Oeste do Maranhão;20934,0;SANTA INÊS;85410,69;1470;126,0;2025-01-28;;
Oeste do Maranhão;20934,0;SANTA INÊS;69113,36;1213;123,0;2025-01-29;;
Oeste do Maranhão;20934,0;SANTA INÊS;65936,14;1208;125,0;2025-01-30;;
Oeste do Maranhão;20934,0;SANTA INÊS;46002,36;859;81,0;2025-01-31;;
Oeste do Maranhão;20934,0;SANTA INÊS;37523,72;686;79,0;2025-02-01;;
Oeste do Maranhão;20934,0;SANTA INÊS;66477,3;1111;108,0;2025-02-03;;
Oeste do Maranhão;20934,0;SANTA INÊS;95089,52;1653;152,0;2025-02-04;;
Oeste do Maranhão;20934,0;SANTA INÊS;79393,03;1333;131,0;2025-02-05;;
Oeste do Maranhão;20934,0;SANTA INÊS;97400,04;1627;149,0;2025-02-06;;
Oeste do Maranhão;20934,0;SANTA INÊS;94143,22;1477;164,0;2025-02-07;;
Oeste do Maranhão;20934,0;SANTA INÊS;66894,26;1055;106,0;2025-02-08;;
Oeste do Maranhão;20934,0;SANTA INÊS;129358,82;1899;164,0;2025-02-10;;
Oeste do Maranhão;20934,0;SANTA INÊS;113272,45;1724;154,0;2025-02-11;;
Oeste do Maranhão;20934,0;SANTA INÊS;75600,23;1198;115,0;2025-02-12;;
Oeste do Maranhão;20934,0;SANTA INÊS;97211,11;1560;156,0;2025-02-13;;
Oeste do Maranhão;20934,0;SANTA INÊS;52301,3;869;109,0;2025-02-14;;
Oeste do Maranhão;20934,0;SANTA INÊS;52215,04;851;73,0;2025-02-15;;
Oeste do Maranhão;20934,0;SANTA INÊS;56679,8;1021;101,0;2025-02-17;;
Oeste do Maranhão;20934,0;SANTA INÊS;56555,5;1017;96,0;2025-02-18;;
Oeste do Maranhão;20934,0;SANTA INÊS;55923,9;1163;115,0;2025-02-19;;
Oeste do Maranhão;20934,0;SANTA INÊS;59432,1;1168;104,0;2025-02-20;;
Oeste do Maranhão;20934,0;SANTA INÊS;72711,98;1398;125,0;2025-02-21;;
Oeste do Maranhão;20934,0;SANTA INÊS;75338,2;1359;115,0;2025-02-22;;
Oeste do Maranhão;20934,0;SANTA INÊS;48574,6;1055;98,0;2025-02-24;;
Oeste do Maranhão;20934,0;SANTA INÊS;47684,56;915;95,0;2025-02-25;;
Oeste do Maranhão;20934,0;SANTA INÊS;39940,64;740;84,0;2025-02-26;;
Oeste do Maranhão;20934,0;SANTA INÊS;61402,95;1157;122,0;2025-02-27;;
Oeste do Maranhão;20934,0;SANTA INÊS;71487,45;1280;125,0;2025-02-28;;
Oeste do Maranhão;20934,0;SANTA INÊS;26124,99;432;60,0;2025-03-01;;
Oeste do Maranhão;20934,0;SANTA INÊS;53884,38;922;75,0;2025-03-03;;
Oeste do Maranhão;20934,0;SANTA INÊS;33477,41;677;70,0;2025-03-05;;
Oeste do Maranhão;20934,0;SANTA INÊS;83236,78;1631;118,0;2025-03-06;;
Oeste do Maranhão;20934,0;SANTA INÊS;85988,24;1755;142,0;2025-03-07;;
Oeste do Maranhão;20934,0;SANTA INÊS;75010,85;1585;115,0;2025-03-08;;
Oeste do Maranhão;20934,0;SANTA INÊS;113166,6;2038;173,0;2025-03-10;;
Oeste do Maranhão;20934,0;SANTA INÊS;169798,45;2459;139,0;2025-03-11;;
Oeste do Maranhão;20934,0;SANTA INÊS;141897,21;2284;147,0;2025-03-12;;
Oeste do Maranhão;20934,0;SANTA INÊS;95607,41;1483;112,0;2025-03-13;;
Oeste do Maranhão;20934,0;SANTA INÊS;111725,57;1431;100,0;2025-03-14;;
Oeste do Maranhão;20934,0;SANTA INÊS;77820,76;1161;115,0;2025-03-15;;
Oeste do Maranhão;20934,0;SANTA INÊS;89184,45;1240;133,0;2025-03-17;;
Oeste do Maranhão;20934,0;SANTA INÊS;108365,79;1505;146,0;2025-03-18;;
Oeste do Maranhão;20934,0;SANTA INÊS;102548,0;1328;141,0;2025-03-19;;
Oeste do Maranhão;20934,0;SANTA INÊS;57950,95;941;101,0;2025-03-20;;
Oeste do Maranhão;20934,0;SANTA INÊS;93546,62;1330;146,0;2025-03-21;;
Oeste do Maranhão;20934,0;SANTA INÊS;73241,18;1144;96,0;2025-03-22;;
Oeste do Maranhão;20934,0;SANTA INÊS;141661,97;2414;169,0;2025-03-24;;
Oeste do Maranhão;20934,0;SANTA INÊS;118532,25;1827;158,0;2025-03-25;;
Oeste do Maranhão;20934,0;SANTA INÊS;76201,11;1169;114,0;2025-03-26;;
Oeste do Maranhão;20934,0;SANTA INÊS;92209,04;1418;125,0;2025-03-27;;
Oeste do Maranhão;20934,0;SANTA INÊS;80235,78;1194;118,0;2025-03-28;;
Oeste do Maranhão;20934,0;SANTA INÊS;53192,78;804;90,0;2025-03-29;;
Oeste do Maranhão;20934,0;SANTA INÊS;83173,17;1185;136,0;2025-03-31;;
Oeste do Maranhão;20934,0;SANTA INÊS;85607,78;1253;138,0;2025-04-01;;
Oeste do Maranhão;20934,0;SANTA INÊS;89667,29;1417;134,0;2025-04-02;;
Oeste do Maranhão;20934,0;SANTA INÊS;90677,65;1503;129,0;2025-04-03;;
Oeste do Maranhão;20934,0;SANTA INÊS;70409,38;1145;126,0;2025-04-04;;
Oeste do Maranhão;20934,0;SANTA INÊS;69496,35;1150;106,0;2025-04-05;;
Oeste do Maranhão;20934,0;SANTA INÊS;63338,62;970;124,0;2025-04-07;;
Oeste do Maranhão;20934,0;SANTA INÊS;64918,93;1024;111,0;2025-04-08;;
Oeste do Maranhão;20934,0;SANTA INÊS;63775,33;1068;130,0;2025-04-09;;
Oeste do Maranhão;20934,0;SANTA INÊS;54852,67;974;96,0;2025-04-10;;
Oeste do Maranhão;20934,0;SANTA INÊS;71107,57;947;133,0;2025-04-11;;
Oeste do Maranhão;20934,0;SANTA INÊS;105691,17;1412;144,0;2025-04-12;;
Oeste do Maranhão;20934,0;SANTA INÊS;152396,91;2660;191,0;2025-04-14;;
Oeste do Maranhão;20934,0;SANTA INÊS;115867,7;1977;190,0;2025-04-15;;
Oeste do Maranhão;20934,0;SANTA INÊS;92196,89;1439;138,0;2025-04-16;;
Oeste do Maranhão;20934,0;SANTA INÊS;47667,24;670;81,0;2025-04-17;;
Oeste do Maranhão;20934,0;SANTA INÊS;62515,54;1032;99,0;2025-04-19;;
Oeste do Maranhão;20934,0;SANTA INÊS;43139,33;637;81,0;2025-04-21;;
Oeste do Maranhão;20934,0;SANTA INÊS;75395,22;1183;108,0;2025-04-22;;
Oeste do Maranhão;20934,0;SANTA INÊS;108573,99;1639;139,0;2025-04-23;;
Oeste do Maranhão;20934,0;SANTA INÊS;95932,99;1583;146,0;2025-04-24;;
Oeste do Maranhão;20934,0;SANTA INÊS;103508,73;1584;138,0;2025-04-25;;
Oeste do Maranhão;20934,0;SANTA INÊS;77783,67;1309;115,0;2025-04-26;;
Oeste do Maranhão;20934,0;SANTA INÊS;83043,77;1325;142,0;2025-04-28;;
Oeste do Maranhão;20934,0;SANTA INÊS;74628,65;1097;125,0;2025-04-29;;
Oeste do Maranhão;20934,0;SANTA INÊS;103346,95;1475;150,0;2025-04-30;;
Oeste do Maranhão;20934,0;SANTA INÊS;141879,22;2171;205,0;2025-05-02;;
Oeste do Maranhão;20934,0;SANTA INÊS;89718,8;1333;148,0;2025-05-03;;
Oeste do Maranhão;20934,0;SANTA INÊS;189402,71;2688;187,0;2025-05-05;;
Oeste do Maranhão;20934,0;SANTA INÊS;139273,44;2083;171,0;2025-05-06;;
Oeste do Maranhão;20934,0;SANTA INÊS;133566,02;2112;211,0;2025-05-07;;
Oeste do Maranhão;20934,0;SANTA INÊS;165324,76;2078;221,0;2025-05-08;;
Oeste do Maranhão;20934,0;SANTA INÊS;135593,79;1765;221,0;2025-05-09;;
Oeste do Maranhão;20934,0;SANTA INÊS;135970,33;1846;242,0;2025-05-10;;
Oeste do Maranhão;20934,0;SANTA INÊS;20852,59;323;61,0;2025-05-11;;
Oeste do Maranhão;20934,0;SANTA INÊS;127850,93;2063;154,0;2025-05-12;;
Oeste do Maranhão;20934,0;SANTA INÊS;141605,16;2481;172,0;2025-05-13;;
Oeste do Maranhão;20934,0;SANTA INÊS;120461,52;2204;142,0;2025-05-14;;
Oeste do Maranhão;20934,0;SANTA INÊS;129688,53;2250;159,0;2025-05-15;;
Oeste do Maranhão;20934,0;SANTA INÊS;91279,99;1574;141,0;2025-05-16;;
Oeste do Maranhão;20934,0;SANTA INÊS;60916,5;1035;93,0;2025-05-17;;
Oeste do Maranhão;20934,0;SANTA INÊS;158452,89;2572;194,0;2025-05-19;;
Oeste do Maranhão;20934,0;SANTA INÊS;143047,79;2476;167,0;2025-05-20;;
Oeste do Maranhão;20934,0;SANTA INÊS;124918,82;2205;188,0;2025-05-21;;
Oeste do Maranhão;20934,0;SANTA INÊS;159018,93;2386;211,0;2025-05-22;;
Oeste do Maranhão;20934,0;SANTA INÊS;101735,8;1519;171,0;2025-05-23;;
Oeste do Maranhão;20934,0;SANTA INÊS;102653,7;1546;147,0;2025-05-24;;
Oeste do Maranhão;20934,0;SANTA INÊS;148348,95;2442;224,0;2025-05-26;;
Oeste do Maranhão;20934,0;SANTA INÊS;110630,76;1699;185,0;2025-05-27;;
Oeste do Maranhão;20934,0;SANTA INÊS;80138,21;1141;129,0;2025-05-28;;
Oeste do Maranhão;20934,0;SANTA INÊS;113780,1;1606;166,0;2025-05-29;;
Oeste do Maranhão;20934,0;SANTA INÊS;89106,29;1345;148,0;2025-05-30;;
Oeste do Maranhão;20934,0;SANTA INÊS;56386,89;1178;108,0;2025-05-31;;
Oeste do Maranhão;20934,0;SANTA INÊS;80048,93;1601;151,0;2025-06-02;;
Oeste do Maranhão;20934,0;SANTA INÊS;75174,34;1392;129,0;2025-06-03;;
Oeste do Maranhão;20934,0;SANTA INÊS;78882,48;1390;142,0;2025-06-04;;
Oeste do Maranhão;20934,0;SANTA INÊS;87215,38;1710;141,0;2025-06-05;;
Oeste do Maranhão;20934,0;SANTA INÊS;72569,81;1396;153,0;2025-06-06;;
Oeste do Maranhão;20934,0;SANTA INÊS;63238,44;1110;112,0;2025-06-07;;
Oeste do Maranhão;20934,0;SANTA INÊS;72023,47;1090;131,0;2025-06-09;;
Oeste do Maranhão;20934,0;SANTA INÊS;85684,79;1361;166,0;2025-06-10;;
Oeste do Maranhão;20934,0;SANTA INÊS;75613,51;1267;145,0;2025-06-11;;
Oeste do Maranhão;20934,0;SANTA INÊS;99919,05;1607;212,0;2025-06-12;;
Oeste do Maranhão;20934,0;SANTA INÊS;184367,39;2712;213,0;2025-06-13;;
Oeste do Maranhão;20934,0;SANTA INÊS;91400,1;1321;130,0;2025-06-14;;
Oeste do Maranhão;20934,0;SANTA INÊS;107147,81;1439;146,0;2025-06-16;;
Oeste do Maranhão;20934,0;SANTA INÊS;89457,82;1151;124,0;2025-06-17;;
Oeste do Maranhão;20934,0;SANTA INÊS;173573,36;2121;171,0;2025-06-18;;
Oeste do Maranhão;20934,0;SANTA INÊS;96509,59;1158;86,0;2025-06-19;;
Oeste do Maranhão;20934,0;SANTA INÊS;105021,08;1407;157,0;2025-06-20;;
Oeste do Maranhão;20934,0;SANTA INÊS;58465,95;847;97,0;2025-06-21;;
Oeste do Maranhão;20934,0;SANTA INÊS;105283,03;1217;168,0;2025-06-23;;
Oeste do Maranhão;20934,0;SANTA INÊS;88426,04;1109;125,0;2025-06-24;;
Oeste do Maranhão;20934,0;SANTA INÊS;88311,68;1574;153,0;2025-06-25;;
Oeste do Maranhão;20934,0;SANTA INÊS;90729,68;1410;143,0;2025-06-26;;
Oeste do Maranhão;20934,0;SANTA INÊS;74203,83;1155;146,0;2025-06-27;;
Oeste do Maranhão;20934,0;SANTA INÊS;54035,01;817;93,0;2025-06-28;;
Oeste do Maranhão;20934,0;SANTA INÊS;112717,18;1989;129,0;2025-06-30;;
Oeste do Maranhão;20934,0;SANTA INÊS;114110,96;1936;151,0;2025-07-01;;
Oeste do Maranhão;20934,0;SANTA INÊS;95934,14;1686;140,0;2025-07-02;;
Oeste do Maranhão;20934,0;SANTA INÊS;96954,76;1601;138,0;2025-07-03;;
Oeste do Maranhão;20934,0;SANTA INÊS;116424,64;2058;157,0;2025-07-04;;
Oeste do Maranhão;20934,0;SANTA INÊS;45708,38;885;84,0;2025-07-05;;
Oeste do Maranhão;20934,0;SANTA INÊS;98438,18;1666;161,0;2025-07-07;;
Oeste do Maranhão;20934,0;SANTA INÊS;83595,59;1481;150,0;2025-07-08;;
Oeste do Maranhão;20934,0;SANTA INÊS;65062,42;1144;130,0;2025-07-09;;
Oeste do Maranhão;20934,0;SANTA INÊS;75753,71;1397;131,0;2025-07-10;;
Oeste do Maranhão;20934,0;SANTA INÊS;68675,63;1284;124,0;2025-07-11;;
Oeste do Maranhão;20934,0;SANTA INÊS;52543,45;994;96,0;2025-07-12;;
Oeste do Maranhão;20934,0;SANTA INÊS;50078,97;861;95,0;2025-07-14;;
Oeste do Maranhão;20934,0;SANTA INÊS;48294,94;955;99,0;2025-07-15;;
Oeste do Maranhão;20934,0;SANTA INÊS;80759,1;1487;141,0;2025-07-16;;
Oeste do Maranhão;20934,0;SANTA INÊS;102352,1;1690;152,0;2025-07-17;;
Oeste do Maranhão;20934,0;SANTA INÊS;70367,53;1243;127,0;2025-07-18;;
Oeste do Maranhão;20934,0;SANTA INÊS;49605,41;830;78,0;2025-07-19;;
Oeste do Maranhão;20934,0;SANTA INÊS;123862,95;2231;169,0;2025-07-21;;
Oeste do Maranhão;20934,0;SANTA INÊS;85119,08;1543;111,0;2025-07-22;;
Oeste do Maranhão;20934,0;SANTA INÊS;89875,2;1619;151,0;2025-07-23;;
Oeste do Maranhão;20934,0;SANTA INÊS;97131,04;1848;158,0;2025-07-24;;
Oeste do Maranhão;20934,0;SANTA INÊS;94910,75;1694;119,0;2025-07-25;;
Oeste do Maranhão;20934,0;SANTA INÊS;50006,53;804;82,0;2025-07-26;;
Oeste do Maranhão;20934,0;SANTA INÊS;44092,71;684;62,0;2025-07-28;;
Oeste do Maranhão;20934,0;SANTA INÊS;102678,65;1664;123,0;2025-07-29;;
Oeste do Maranhão;20934,0;SANTA INÊS;89920,01;1555;127,0;2025-07-30;;
Oeste do Maranhão;20934,0;SANTA INÊS;107231,78;2023;160,0;2025-07-31;;
Oeste do Maranhão;20934,0;SANTA INÊS;86434,61;1398;145,0;2025-08-01;;
Oeste do Maranhão;20934,0;SANTA INÊS;49955,67;873;88,0;2025-08-02;;
Oeste do Maranhão;20934,0;SANTA INÊS;94418,8;1529;128,0;2025-08-04;;
Oeste do Maranhão;20934,0;SANTA INÊS;92947,5;1652;141,0;2025-08-05;;
Oeste do Maranhão;20934,0;SANTA INÊS;123179,9;2459;185,0;2025-08-06;;
Oeste do Maranhão;20934,0;SANTA INÊS;127359,65;2319;174,0;2025-08-07;;
Oeste do Maranhão;20934,0;SANTA INÊS;122142,12;2069;211,0;2025-08-08;;
Oeste do Maranhão;20934,0;SANTA INÊS;96509,47;1436;149,0;2025-08-09;;
Oeste do Maranhão;20934,0;SANTA INÊS;20211,08;293;39,0;2025-08-10;;
Oeste do Maranhão;20934,0;SANTA INÊS;155038,29;3396;164,0;2025-08-11;;
Oeste do Maranhão;20934,0;SANTA INÊS;98049,28;2004;163,0;2025-08-12;;
Oeste do Maranhão;20934,0;SANTA INÊS;80081,64;1902;106,0;2025-08-13;;
Oeste do Maranhão;20934,0;SANTA INÊS;76790,25;1891;119,0;2025-08-14;;
Oeste do Maranhão;20934,0;SANTA INÊS;69951,52;1604;120,0;2025-08-15;;
Oeste do Maranhão;20934,0;SANTA INÊS;47686,35;949;81,0;2025-08-16;;
Oeste do Maranhão;20934,0;SANTA INÊS;84876,01;1572;133,0;2025-08-18;;
Oeste do Maranhão;20934,0;SANTA INÊS;57567,23;1094;108,0;2025-08-19;;
Oeste do Maranhão;20934,0;SANTA INÊS;115860,68;2250;179,0;2025-08-20;;
Oeste do Maranhão;20934,0;SANTA INÊS;66291,9;1329;111,0;2025-08-21;;
Oeste do Maranhão;20934,0;SANTA INÊS;84863,88;1478;128,0;2025-08-22;;
Oeste do Maranhão;20934,0;SANTA INÊS;39528,52;730;73,0;2025-08-23;;
Oeste do Maranhão;20934,0;SANTA INÊS;56938,12;1107;100,0;2025-08-25;;
Oeste do Maranhão;20934,0;SANTA INÊS;48422,41;975;81,0;2025-08-26;;
Oeste do Maranhão;20934,0;SANTA INÊS;74147,92;1682;103,0;2025-08-27;;
Oeste do Maranhão;20934,0;SANTA INÊS;72317,56;1484;125,0;2025-08-28;;
Oeste do Maranhão;20934,0;SANTA INÊS;63053,87;1296;102,0;2025-08-29;;
Oeste do Maranhão;20934,0;SANTA INÊS;100850,26;1901;166,0;2025-08-30;;
Oeste do Maranhão;20934,0;SANTA INÊS;120287,26;2435;150,0;2025-09-01;;
Oeste do Maranhão;20934,0;SANTA INÊS;76943,25;1574;150,0;2025-09-02;;
Oeste do Maranhão;20934,0;SANTA INÊS;100989,78;1934;139,0;2025-09-03;;
Oeste do Maranhão;20934,0;SANTA INÊS;92103,13;1714;123,0;2025-09-04;;
Oeste do Maranhão;20934,0;SANTA INÊS;101990,56;1775;148,0;2025-09-05;;
Oeste do Maranhão;20934,0;SANTA INÊS;80831,92;1349;108,0;2025-09-06;;
Oeste do Maranhão;20934,0;SANTA INÊS;80844,2;1300;129,0;2025-09-08;;
Oeste do Maranhão;20934,0;SANTA INÊS;104216,49;1664;128,0;2025-09-09;;
Oeste do Maranhão;20934,0;SANTA INÊS;105109,91;1637;159,0;2025-09-10;;
Oeste do Maranhão;20934,0;SANTA INÊS;98069,65;1647;143,0;2025-09-11;;
Oeste do Maranhão;20934,0;SANTA INÊS;108459,59;1654;167,0;2025-09-12;;
Oeste do Maranhão;20934,0;SANTA INÊS;57266,98;840;99,0;2025-09-13;;
Oeste do Maranhão;20934,0;SANTA INÊS;83230,95;1249;135,0;2025-09-15;;
Oeste do Maranhão;20934,0;SANTA INÊS;66022,19;970;105,0;2025-09-16;;
Oeste do Maranhão;20934,0;SANTA INÊS;76220,93;1206;115,0;2025-09-17;;
Oeste do Maranhão;20934,0;SANTA INÊS;64236,7;1272;116,0;2025-09-18;;
Oeste do Maranhão;20934,0;SANTA INÊS;65900,55;1180;124,0;2025-09-19;;
Oeste do Maranhão;20934,0;SANTA INÊS;50306,27;851;83,0;2025-09-20;;
Oeste do Maranhão;20934,0;SANTA INÊS;274089,98;4096;163,0;2025-09-22;;
Oeste do Maranhão;20934,0;SANTA INÊS;109659,38;2069;144,0;2025-09-23;;
Oeste do Maranhão;20934,0;SANTA INÊS;102056,56;2014;135,0;2025-09-24;;
Oeste do Maranhão;20934,0;SANTA INÊS;123225,18;2208;139,0;2025-09-25;;
Oeste do Maranhão;20934,0;SANTA INÊS;140868,6;2371;157,0;2025-09-26;;
Oeste do Maranhão;20934,0;SANTA INÊS;93612,24;1411;82,0;2025-09-27;;
Oeste do Maranhão;20934,0;SANTA INÊS;103673,83;1770;149,0;2025-09-29;;
Oeste do Maranhão;20934,0;SANTA INÊS;136169,46;1961;119,0;2025-09-30;;
Oeste do Maranhão;20934,0;SANTA INÊS;86900,31;1442;115,0;2025-10-01;;
Oeste do Maranhão;20934,0;SANTA INÊS;96137,35;2057;127,0;2025-10-02;;
Oeste do Maranhão;20934,0;SANTA INÊS;106128,56;2022;150,0;2025-10-03;;
Oeste do Maranhão;20934,0;SANTA INÊS;75585,41;1582;98,0;2025-10-04;;
Oeste do Maranhão;20934,0;SANTA INÊS;101004,68;1815;140,0;2025-10-06;;
Oeste do Maranhão;20934,0;SANTA INÊS;80430,92;1429;124,0;2025-10-07;;
Oeste do Maranhão;20934,0;SANTA INÊS;82873,73;1431;115,0;2025-10-08;;
Oeste do Maranhão;20934,0;SANTA INÊS;119072,16;2206;142,0;2025-10-09;;
Oeste do Maranhão;20934,0;SANTA INÊS;96357,12;1744;139,0;2025-10-10;;
Oeste do Maranhão;20934,0;SANTA INÊS;69980,85;1103;115,0;2025-10-11;;
Oeste do Maranhão;20934,0;SANTA INÊS;103760,88;2092;154,0;2025-10-13;;
Oeste do Maranhão;20934,0;SANTA INÊS;99584,1;1994;148,0;2025-10-14;;
Oeste do Maranhão;20934,0;SANTA INÊS;95746,97;1919;131,0;2025-10-15;;
Oeste do Maranhão;20934,0;SANTA INÊS;79503,91;1693;113,0;2025-10-16;;
Oeste do Maranhão;20934,0;SANTA INÊS;76490,42;1556;120,0;2025-10-17;;
Oeste do Maranhão;20934,0;SANTA INÊS;60012,25;1102;102,0;2025-10-20;;
Oeste do Maranhão;20934,0;SANTA INÊS;78542,2;1414;120,0;2025-10-21;;
Oeste do Maranhão;20934,0;SANTA INÊS;70362,89;1212;130,0;2025-10-22;;
Oeste do Maranhão;20934,0;SANTA INÊS;75645,29;1325;113,0;2025-10-23;;
Oeste do Maranhão;20934,0;SANTA INÊS;77740,36;1318;148,0;2025-10-24;;
Oeste do Maranhão;20934,0;SANTA INÊS;58188,22;832;89,0;2025-10-25;;
Oeste do Maranhão;20934,0;SANTA INÊS;78038,26;1178;115,0;2025-10-27;;
Oeste do Maranhão;20934,0;SANTA INÊS;62041,65;1105;103,0;2025-10-28;;
Oeste do Maranhão;20934,0;SANTA INÊS;49180,37;991;71,0;2025-10-29;;
Oeste do Maranhão;20934,0;SANTA INÊS;155577,72;3289;218,0;2025-10-30;;
Oeste do Maranhão;20934,0;SANTA INÊS;109197,19;1878;165,0;2025-10-31;;
Oeste do Maranhão;20934,0;SANTA INÊS;84101,92;1306;144,0;2025-11-01;;
Oeste do Maranhão;20934,0;SANTA INÊS;155000,1;3068;228,0;2025-11-03;;
Oeste do Maranhão;20934,0;SANTA INÊS;130726,5;2710;226,0;2025-11-04;;
Oeste do Maranhão;20934,0;SANTA INÊS;101188,59;1837;158,0;2025-11-05;;
Oeste do Maranhão;20934,0;SANTA INÊS;105856,49;1778;154,0;2025-11-06;;
Oeste do Maranhão;20934,0;SANTA INÊS;97307,75;1843;172,0;2025-11-07;;
Oeste do Maranhão;20934,0;SANTA INÊS;75619,81;1347;121,0;2025-11-08;;
Oeste do Maranhão;20934,0;SANTA INÊS;71857,35;1357;120,0;2025-11-10;;
Oeste do Maranhão;20934,0;SANTA INÊS;98697,11;1990;172,0;2025-11-11;;
Oeste do Maranhão;20934,0;SANTA INÊS;99931,22;1945;160,0;2025-11-12;;
Oeste do Maranhão;20934,0;SANTA INÊS;110141,91;2188;161,0;2025-11-13;;
Oeste do Maranhão;20934,0;SANTA INÊS;75989,72;1237;131,0;2025-11-14;;
Oeste do Maranhão;20934,0;SANTA INÊS;39996,69;746;73,0;2025-11-15;;
Oeste do Maranhão;20934,0;SANTA INÊS;75305,36;1241;139,0;2025-11-17;;
Oeste do Maranhão;20934,0;SANTA INÊS;77040,48;1623;137,0;2025-11-18;;
Oeste do Maranhão;20934,0;SANTA INÊS;117067,73;1830;176,0;2025-11-19;;
Oeste do Maranhão;20934,0;SANTA INÊS;65071,3;1067;87,0;2025-11-20;;
Oeste do Maranhão;20934,0;SANTA INÊS;97016,46;1497;167,0;2025-11-21;;
Oeste do Maranhão;20934,0;SANTA INÊS;66526,96;964;115,0;2025-11-22;;
Oeste do Maranhão;20934,0;SANTA INÊS;101174,47;1499;172,0;2025-11-24;;
Oeste do Maranhão;20934,0;SANTA INÊS;96448,7;1597;152,0;2025-11-25;;
Oeste do Maranhão;20934,0;SANTA INÊS;116785,95;2038;147,0;2025-11-26;;
Oeste do Maranhão;20934,0;SANTA INÊS;231537,2;4092;267,0;2025-11-27;;
Oeste do Maranhão;20934,0;SANTA INÊS;172032,48;2939;226,0;2025-11-28;;
Oeste do Maranhão;20934,0;SANTA INÊS;79539,56;1304;149,0;2025-11-29;;
Oeste do Maranhão;20934,0;SANTA INÊS;25715,83;477;42,0;2025-11-30;;
Oeste do Maranhão;20934,0;SANTA INÊS;114349,6;2216;178,0;2025-12-01;;
Oeste do Maranhão;20934,0;SANTA INÊS;119938,84;2314;191,0;2025-12-02;;
Oeste do Maranhão;20934,0;SANTA INÊS;107150,9;2049;168,0;2025-12-03;;
Oeste do Maranhão;20934,0;SANTA INÊS;95013,84;1949;151,0;2025-12-04;;
Oeste do Maranhão;20934,0;SANTA INÊS;70700,33;1626;133,0;2025-12-05;;
Oeste do Maranhão;20934,0;SANTA INÊS;41439,16;1236;100,0;2025-12-06;;
Oeste do Maranhão;20934,0;SANTA INÊS;78021,37;1698;118,0;2025-12-08;;
Oeste do Maranhão;20934,0;SANTA INÊS;159728,62;2958;153,0;2025-12-09;;
Oeste do Maranhão;20934,0;SANTA INÊS;97345,03;2028;148,0;2025-12-10;;
Oeste do Maranhão;20934,0;SANTA INÊS;95552,92;1869;156,0;2025-12-11;;
Oeste do Maranhão;20934,0;SANTA INÊS;83230,57;1595;144,0;2025-12-12;;
Oeste do Maranhão;20934,0;SANTA INÊS;55528,37;984;111,0;2025-12-13;;
Oeste do Maranhão;20934,0;SANTA INÊS;102345,88;1767;168,0;2025-12-15;;
Oeste do Maranhão;20934,0;SANTA INÊS;121919,04;1954;186,0;2025-12-16;;
Oeste do Maranhão;20934,0;SANTA INÊS;107790,75;2188;162,0;2025-12-17;;
Oeste do Maranhão;20934,0;SANTA INÊS;91298,88;1902;157,0;2025-12-18;;
Oeste do Maranhão;20934,0;SANTA INÊS;86806,9;1648;168,0;2025-12-19;;
Oeste do Maranhão;20934,0;SANTA INÊS;74904,53;1437;142,0;2025-12-20;;
Oeste do Maranhão;20934,0;SANTA INÊS;10124,16;183;20,0;2025-12-21;;
Oeste do Maranhão;20934,0;SANTA INÊS;98407,03;1776;151,0;2025-12-22;;
Oeste do Maranhão;20934,0;SANTA INÊS;110385,69;1955;195,0;2025-12-23;;
Oeste do Maranhão;20934,0;SANTA INÊS;58724,65;988;120,0;2025-12-24;;
Oeste do Maranhão;20934,0;SANTA INÊS;141971,31;2349;140,0;2025-12-26;;
Oeste do Maranhão;20934,0;SANTA INÊS;101513,49;1886;108,0;2025-12-27;;
Oeste do Maranhão;20934,0;SANTA INÊS;142160,96;2447;204,0;2025-12-29;;
Oeste do Maranhão;20934,0;SANTA INÊS;109468,62;2060;159,0;2025-12-30;;
Oeste do Maranhão;20934,0;SANTA INÊS;56373,61;1083;91,0;2025-12-31;;
Oeste do Maranhão;20925,0;SANTA LUZIA DO PARUÁ;7096,16;162;17,0;2025-01-02;;
Oeste do Maranhão;20925,0;SANTA LUZIA DO PARUÁ;6615,86;141;17,0;2025-01-03;;
Oeste do Maranhão;20925,0;SANTA LUZIA DO PARUÁ;2748,33;53;7,0;2025-01-04;;
Oeste do Maranhão;20925,0;SANTA LUZIA DO PARUÁ;12933,14;250;25,0;2025-01-06;;
Oeste do Maranhão;20925,0;SANTA LUZIA DO PARUÁ;15119,12;276;29,0;2025-01-07;;
Oeste do Maranhão;20925,0;SANTA LUZIA DO PARUÁ;30413,21;546;50,0;2025-01-08;;
Oeste do Maranhão;20925,0;SANTA LUZIA DO PARUÁ;17637,83;300;35,0;2025-01-09;;
Oeste do Maranhão;20925,0;SANTA LUZIA DO PARUÁ;16345,02;313;37,0;2025-01-10;;
Oeste do Maranhão;20925,0;SANTA LUZIA DO PARUÁ;7672,46;131;20,0;2025-01-11;;
Oeste do Maranhão;20925,0;SANTA LUZIA DO PARUÁ;12620,19;205;17,0;2025-01-13;;
Oeste do Maranhão;20925,0;SANTA LUZIA DO PARUÁ;17273,44;290;32,0;2025-01-14;;
Oeste do Maranhão;20925,0;SANTA LUZIA DO PARUÁ;18704,37;346;37,0;2025-01-15;;
Oeste do Maranhão;20925,0;SANTA LUZIA DO PARUÁ;19686,18;319;31,0;2025-01-16;;
Oeste do Maranhão;20925,0;SANTA LUZIA DO PARUÁ;18015,77;257;28,0;2025-01-17;;
Oeste do Maranhão;20925,0;SANTA LUZIA DO PARUÁ;11085,49;176;15,0;2025-01-18;;
Oeste do Maranhão;20925,0;SANTA LUZIA DO PARUÁ;23495,75;430;33,0;2025-01-20;;
Oeste do Maranhão;20925,0;SANTA LUZIA DO PARUÁ;42480,23;689;48,0;2025-01-21;;
Oeste do Maranhão;20925,0;SANTA LUZIA DO PARUÁ;19330,81;336;29,0;2025-01-22;;
Oeste do Maranhão;20925,0;SANTA LUZIA DO PARUÁ;13152,52;248;21,0;2025-01-23;;
Oeste do Maranhão;20925,0;SANTA LUZIA DO PARUÁ;19317,43;320;27,0;2025-01-24;;
Oeste do Maranhão;20925,0;SANTA LUZIA DO PARUÁ;17216,96;258;29,0;2025-01-25;;
Oeste do Maranhão;20925,0;SANTA LUZIA DO PARUÁ;14549,27;255;24,0;2025-01-27;;
Oeste do Maranhão;20925,0;SANTA LUZIA DO PARUÁ;16578,02;283;32,0;2025-01-28;;
Oeste do Maranhão;20925,0;SANTA LUZIA DO PARUÁ;24533,12;408;31,0;2025-01-29;;
Oeste do Maranhão;20925,0;SANTA LUZIA DO PARUÁ;15105,26;267;27,0;2025-01-30;;
Oeste do Maranhão;20925,0;SANTA LUZIA DO PARUÁ;19690,76;325;31,0;2025-01-31;;
Oeste do Maranhão;20925,0;SANTA LUZIA DO PARUÁ;12617,08;207;21,0;2025-02-01;;
Oeste do Maranhão;20925,0;SANTA LUZIA DO PARUÁ;17382,82;304;25,0;2025-02-03;;
Oeste do Maranhão;20925,0;SANTA LUZIA DO PARUÁ;22079,71;392;42,0;2025-02-04;;
Oeste do Maranhão;20925,0;SANTA LUZIA DO PARUÁ;24843,91;412;32,0;2025-02-05;;
Oeste do Maranhão;20925,0;SANTA LUZIA DO PARUÁ;22711,73;380;35,0;2025-02-06;;
Oeste do Maranhão;20925,0;SANTA LUZIA DO PARUÁ;22377,28;367;35,0;2025-02-07;;
Oeste do Maranhão;20925,0;SANTA LUZIA DO PARUÁ;18460,08;288;23,0;2025-02-08;;
Oeste do Maranhão;20925,0;SANTA LUZIA DO PARUÁ;20427,64;357;31,0;2025-02-10;;
Oeste do Maranhão;20925,0;SANTA LUZIA DO PARUÁ;37048,83;684;65,0;2025-02-11;;
Oeste do Maranhão;20925,0;SANTA LUZIA DO PARUÁ;33865,09;523;36,0;2025-02-12;;
Oeste do Maranhão;20925,0;SANTA LUZIA DO PARUÁ;16469,65;260;35,0;2025-02-13;;
Oeste do Maranhão;20925,0;SANTA LUZIA DO PARUÁ;15681,09;274;23,0;2025-02-14;;
Oeste do Maranhão;20925,0;SANTA LUZIA DO PARUÁ;2460,28;49;5,0;2025-02-15;;
Oeste do Maranhão;20925,0;SANTA LUZIA DO PARUÁ;13054,27;207;19,0;2025-02-17;;
Oeste do Maranhão;20925,0;SANTA LUZIA DO PARUÁ;19989,08;282;28,0;2025-02-18;;
Oeste do Maranhão;20925,0;SANTA LUZIA DO PARUÁ;15517,01;283;26,0;2025-02-19;;
Oeste do Maranhão;20925,0;SANTA LUZIA DO PARUÁ;13376,06;310;26,0;2025-02-20;;
Oeste do Maranhão;20925,0;SANTA LUZIA DO PARUÁ;22290,32;395;37,0;2025-02-21;;
Oeste do Maranhão;20925,0;SANTA LUZIA DO PARUÁ;12959,43;246;22,0;2025-02-22;;
Oeste do Maranhão;20925,0;SANTA LUZIA DO PARUÁ;17512,35;322;34,0;2025-02-24;;
Oeste do Maranhão;20925,0;SANTA LUZIA DO PARUÁ;15175,12;262;34,0;2025-02-25;;
Oeste do Maranhão;20925,0;SANTA LUZIA DO PARUÁ;16163,61;254;23,0;2025-02-26;;
Oeste do Maranhão;20925,0;SANTA LUZIA DO PARUÁ;9484,54;166;23,0;2025-02-27;;
Oeste do Maranhão;20925,0;SANTA LUZIA DO PARUÁ;14021,34;226;23,0;2025-02-28;;
Oeste do Maranhão;20925,0;SANTA LUZIA DO PARUÁ;10332,04;163;21,0;2025-03-01;;
Oeste do Maranhão;20925,0;SANTA LUZIA DO PARUÁ;5039,19;79;8,0;2025-03-03;;
Oeste do Maranhão;20925,0;SANTA LUZIA DO PARUÁ;6271,08;114;12,0;2025-03-05;;
Oeste do Maranhão;20925,0;SANTA LUZIA DO PARUÁ;21952,41;405;47,0;2025-03-06;;
Oeste do Maranhão;20925,0;SANTA LUZIA DO PARUÁ;15496,21;312;26,0;2025-03-07;;
Oeste do Maranhão;20925,0;SANTA LUZIA DO PARUÁ;13452,7;254;21,0;2025-03-08;;
Oeste do Maranhão;20925,0;SANTA LUZIA DO PARUÁ;26671,43;437;27,0;2025-03-10;;
Oeste do Maranhão;20925,0;SANTA LUZIA DO PARUÁ;42677,86;626;34,0;2025-03-11;;
Oeste do Maranhão;20925,0;SANTA LUZIA DO PARUÁ;27516,43;478;41,0;2025-03-12;;
Oeste do Maranhão;20925,0;SANTA LUZIA DO PARUÁ;29883,24;415;48,0;2025-03-13;;
Oeste do Maranhão;20925,0;SANTA LUZIA DO PARUÁ;15951,71;294;35,0;2025-03-14;;
Oeste do Maranhão;20925,0;SANTA LUZIA DO PARUÁ;15685,95;182;16,0;2025-03-15;;
Oeste do Maranhão;20925,0;SANTA LUZIA DO PARUÁ;32635,49;427;41,0;2025-03-17;;
Oeste do Maranhão;20925,0;SANTA LUZIA DO PARUÁ;28755,61;357;28,0;2025-03-18;;
Oeste do Maranhão;20925,0;SANTA LUZIA DO PARUÁ;36807,48;471;45,0;2025-03-19;;
Oeste do Maranhão;20925,0;SANTA LUZIA DO PARUÁ;21020,79;303;32,0;2025-03-20;;
Oeste do Maranhão;20925,0;SANTA LUZIA DO PARUÁ;28338,06;408;39,0;2025-03-21;;
Oeste do Maranhão;20925,0;SANTA LUZIA DO PARUÁ;20262,64;248;22,0;2025-03-22;;
Oeste do Maranhão;20925,0;SANTA LUZIA DO PARUÁ;22477,55;400;32,0;2025-03-24;;
Oeste do Maranhão;20925,0;SANTA LUZIA DO PARUÁ;26187,12;426;42,0;2025-03-25;;
Oeste do Maranhão;20925,0;SANTA LUZIA DO PARUÁ;19885,86;303;30,0;2025-03-26;;
Oeste do Maranhão;20925,0;SANTA LUZIA DO PARUÁ;23209,05;380;33,0;2025-03-27;;
Oeste do Maranhão;20925,0;SANTA LUZIA DO PARUÁ;23408,05;353;40,0;2025-03-28;;
Oeste do Maranhão;20925,0;SANTA LUZIA DO PARUÁ;10617,4;136;16,0;2025-03-29;;
Oeste do Maranhão;20925,0;SANTA LUZIA DO PARUÁ;28465,43;386;46,0;2025-03-31;;
Oeste do Maranhão;20925,0;SANTA LUZIA DO PARUÁ;14628,47;183;17,0;2025-04-01;;
Oeste do Maranhão;20925,0;SANTA LUZIA DO PARUÁ;23590,8;330;34,0;2025-04-02;;
Oeste do Maranhão;20925,0;SANTA LUZIA DO PARUÁ;11828,15;167;16,0;2025-04-03;;
Oeste do Maranhão;20925,0;SANTA LUZIA DO PARUÁ;20268,44;340;37,0;2025-04-04;;
Oeste do Maranhão;20925,0;SANTA LUZIA DO PARUÁ;14013,78;222;22,0;2025-04-05;;
Oeste do Maranhão;20925,0;SANTA LUZIA DO PARUÁ;23716,54;351;27,0;2025-04-07;;
Oeste do Maranhão;20925,0;SANTA LUZIA DO PARUÁ;21786,32;313;33,0;2025-04-08;;
Oeste do Maranhão;20925,0;SANTA LUZIA DO PARUÁ;14429,01;220;27,0;2025-04-09;;
Oeste do Maranhão;20925,0;SANTA LUZIA DO PARUÁ;15827,85;238;27,0;2025-04-10;;
Oeste do Maranhão;20925,0;SANTA LUZIA DO PARUÁ;13764,77;181;28,0;2025-04-11;;
Oeste do Maranhão;20925,0;SANTA LUZIA DO PARUÁ;9798,05;155;19,0;2025-04-12;;
Oeste do Maranhão;20925,0;SANTA LUZIA DO PARUÁ;20997,98;281;44,0;2025-04-14;;
Oeste do Maranhão;20925,0;SANTA LUZIA DO PARUÁ;28403,07;412;51,0;2025-04-15;;
Oeste do Maranhão;20925,0;SANTA LUZIA DO PARUÁ;17316,93;291;19,0;2025-04-16;;
Oeste do Maranhão;20925,0;SANTA LUZIA DO PARUÁ;10318,08;163;16,0;2025-04-17;;
Oeste do Maranhão;20925,0;SANTA LUZIA DO PARUÁ;8584,61;156;16,0;2025-04-19;;
Oeste do Maranhão;20925,0;SANTA LUZIA DO PARUÁ;18956,53;272;20,0;2025-04-21;;
Oeste do Maranhão;20925,0;SANTA LUZIA DO PARUÁ;21101,47;338;37,0;2025-04-22;;
Oeste do Maranhão;20925,0;SANTA LUZIA DO PARUÁ;24581,17;425;47,0;2025-04-23;;
Oeste do Maranhão;20925,0;SANTA LUZIA DO PARUÁ;25428,38;359;33,0;2025-04-24;;
Oeste do Maranhão;20925,0;SANTA LUZIA DO PARUÁ;26778,3;439;39,0;2025-04-25;;
Oeste do Maranhão;20925,0;SANTA LUZIA DO PARUÁ;17521,76;265;24,0;2025-04-26;;
Oeste do Maranhão;20925,0;SANTA LUZIA DO PARUÁ;24746,32;307;30,0;2025-04-28;;
Oeste do Maranhão;20925,0;SANTA LUZIA DO PARUÁ;27060,79;344;42,0;2025-04-29;;
Oeste do Maranhão;20925,0;SANTA LUZIA DO PARUÁ;53078,27;757;78,0;2025-04-30;;
Oeste do Maranhão;20925,0;SANTA LUZIA DO PARUÁ;30758,43;418;50,0;2025-05-02;;
Oeste do Maranhão;20925,0;SANTA LUZIA DO PARUÁ;21922,92;329;28,0;2025-05-03;;
Oeste do Maranhão;20925,0;SANTA LUZIA DO PARUÁ;38371,08;529;58,0;2025-05-05;;
Oeste do Maranhão;20925,0;SANTA LUZIA DO PARUÁ;40579,49;506;62,0;2025-05-06;;
Oeste do Maranhão;20925,0;SANTA LUZIA DO PARUÁ;34586,92;456;57,0;2025-05-07;;
Oeste do Maranhão;20925,0;SANTA LUZIA DO PARUÁ;20371,44;261;39,0;2025-05-08;;
Oeste do Maranhão;20925,0;SANTA LUZIA DO PARUÁ;30179,71;460;48,0;2025-05-09;;
Oeste do Maranhão;20925,0;SANTA LUZIA DO PARUÁ;17493,49;262;41,0;2025-05-10;;
Oeste do Maranhão;20925,0;SANTA LUZIA DO PARUÁ;10150,53;131;25,0;2025-05-11;;
Oeste do Maranhão;20925,0;SANTA LUZIA DO PARUÁ;27707,38;531;26,0;2025-05-12;;
Oeste do Maranhão;20925,0;SANTA LUZIA DO PARUÁ;45668,9;751;52,0;2025-05-13;;
Oeste do Maranhão;20925,0;SANTA LUZIA DO PARUÁ;41062,48;786;56,0;2025-05-14;;
Oeste do Maranhão;20925,0;SANTA LUZIA DO PARUÁ;23921,9;459;27,0;2025-05-15;;
Oeste do Maranhão;20925,0;SANTA LUZIA DO PARUÁ;23263,98;463;31,0;2025-05-16;;
Oeste do Maranhão;20925,0;SANTA LUZIA DO PARUÁ;15475,66;315;30,0;2025-05-17;;
Oeste do Maranhão;20925,0;SANTA LUZIA DO PARUÁ;42646,04;708;56,0;2025-05-19;;
Oeste do Maranhão;20925,0;SANTA LUZIA DO PARUÁ;36802,28;632;49,0;2025-05-20;;
Oeste do Maranhão;20925,0;SANTA LUZIA DO PARUÁ;25128,39;472;45,0;2025-05-21;;
Oeste do Maranhão;20925,0;SANTA LUZIA DO PARUÁ;40644,46;625;50,0;2025-05-22;;
Oeste do Maranhão;20925,0;SANTA LUZIA DO PARUÁ;41470,81;646;46,0;2025-05-23;;
Oeste do Maranhão;20925,0;SANTA LUZIA DO PARUÁ;21390,85;364;27,0;2025-05-24;;
Oeste do Maranhão;20925,0;SANTA LUZIA DO PARUÁ;19435,28;321;28,0;2025-05-26;;
Oeste do Maranhão;20925,0;SANTA LUZIA DO PARUÁ;42561,54;687;60,0;2025-05-27;;
Oeste do Maranhão;20925,0;SANTA LUZIA DO PARUÁ;32265,47;477;46,0;2025-05-28;;
Oeste do Maranhão;20925,0;SANTA LUZIA DO PARUÁ;15385,02;242;27,0;2025-05-29;;
Oeste do Maranhão;20925,0;SANTA LUZIA DO PARUÁ;21721,52;341;35,0;2025-05-30;;
Oeste do Maranhão;20925,0;SANTA LUZIA DO PARUÁ;16140,94;299;27,0;2025-05-31;;
Oeste do Maranhão;20925,0;SANTA LUZIA DO PARUÁ;19129,59;360;40,0;2025-06-02;;
Oeste do Maranhão;20925,0;SANTA LUZIA DO PARUÁ;23181,69;381;32,0;2025-06-03;;
Oeste do Maranhão;20925,0;SANTA LUZIA DO PARUÁ;18452,47;364;37,0;2025-06-04;;
Oeste do Maranhão;20925,0;SANTA LUZIA DO PARUÁ;16788,48;365;36,0;2025-06-05;;
Oeste do Maranhão;20925,0;SANTA LUZIA DO PARUÁ;17746,05;340;41,0;2025-06-06;;
Oeste do Maranhão;20925,0;SANTA LUZIA DO PARUÁ;14418,47;245;31,0;2025-06-07;;
Oeste do Maranhão;20925,0;SANTA LUZIA DO PARUÁ;26232,84;453;40,0;2025-06-09;;
Oeste do Maranhão;20925,0;SANTA LUZIA DO PARUÁ;15132,71;262;32,0;2025-06-10;;
Oeste do Maranhão;20925,0;SANTA LUZIA DO PARUÁ;14054,2;234;33,0;2025-06-11;;
Oeste do Maranhão;20925,0;SANTA LUZIA DO PARUÁ;12972,98;220;31,0;2025-06-12;;
Oeste do Maranhão;20925,0;SANTA LUZIA DO PARUÁ;15564,5;292;22,0;2025-06-13;;
Oeste do Maranhão;20925,0;SANTA LUZIA DO PARUÁ;33449,18;605;40,0;2025-06-14;;
Oeste do Maranhão;20925,0;SANTA LUZIA DO PARUÁ;40459,92;502;39,0;2025-06-16;;
Oeste do Maranhão;20925,0;SANTA LUZIA DO PARUÁ;27933,15;414;42,0;2025-06-17;;
Oeste do Maranhão;20925,0;SANTA LUZIA DO PARUÁ;26051,17;396;48,0;2025-06-18;;
Oeste do Maranhão;20925,0;SANTA LUZIA DO PARUÁ;11808,76;196;15,0;2025-06-19;;
Oeste do Maranhão;20925,0;SANTA LUZIA DO PARUÁ;19173,45;288;33,0;2025-06-20;;
Oeste do Maranhão;20925,0;SANTA LUZIA DO PARUÁ;8521,7;111;14,0;2025-06-21;;
Oeste do Maranhão;20925,0;SANTA LUZIA DO PARUÁ;28739,11;338;36,0;2025-06-23;;
Oeste do Maranhão;20925,0;SANTA LUZIA DO PARUÁ;24779,36;300;33,0;2025-06-24;;
Oeste do Maranhão;20925,0;SANTA LUZIA DO PARUÁ;22012,71;303;28,0;2025-06-25;;
Oeste do Maranhão;20925,0;SANTA LUZIA DO PARUÁ;14526,3;306;26,0;2025-06-26;;
Oeste do Maranhão;20925,0;SANTA LUZIA DO PARUÁ;15855,0;330;29,0;2025-06-27;;
Oeste do Maranhão;20925,0;SANTA LUZIA DO PARUÁ;14158,26;211;23,0;2025-06-28;;
Oeste do Maranhão;20925,0;SANTA LUZIA DO PARUÁ;40940,78;756;52,0;2025-06-30;;
Oeste do Maranhão;20925,0;SANTA LUZIA DO PARUÁ;21229,53;433;38,0;2025-07-01;;
Oeste do Maranhão;20925,0;SANTA LUZIA DO PARUÁ;17541,09;399;31,0;2025-07-02;;
Oeste do Maranhão;20925,0;SANTA LUZIA DO PARUÁ;20810,86;451;33,0;2025-07-03;;
Oeste do Maranhão;20925,0;SANTA LUZIA DO PARUÁ;26758,35;490;32,0;2025-07-04;;
Oeste do Maranhão;20925,0;SANTA LUZIA DO PARUÁ;17881,61;318;30,0;2025-07-05;;
Oeste do Maranhão;20925,0;SANTA LUZIA DO PARUÁ;30047,35;508;43,0;2025-07-07;;
Oeste do Maranhão;20925,0;SANTA LUZIA DO PARUÁ;24562,35;449;37,0;2025-07-08;;
Oeste do Maranhão;20925,0;SANTA LUZIA DO PARUÁ;26505,8;509;49,0;2025-07-09;;
Oeste do Maranhão;20925,0;SANTA LUZIA DO PARUÁ;19616,5;346;33,0;2025-07-10;;
Oeste do Maranhão;20925,0;SANTA LUZIA DO PARUÁ;21037,84;388;36,0;2025-07-11;;
Oeste do Maranhão;20925,0;SANTA LUZIA DO PARUÁ;8636,12;183;18,0;2025-07-12;;
Oeste do Maranhão;20925,0;SANTA LUZIA DO PARUÁ;13877,67;236;32,0;2025-07-14;;
Oeste do Maranhão;20925,0;SANTA LUZIA DO PARUÁ;16823,2;343;33,0;2025-07-15;;
Oeste do Maranhão;20925,0;SANTA LUZIA DO PARUÁ;16520,66;343;22,0;2025-07-16;;
Oeste do Maranhão;20925,0;SANTA LUZIA DO PARUÁ;14759,18;258;27,0;2025-07-17;;
Oeste do Maranhão;20925,0;SANTA LUZIA DO PARUÁ;14065,9;242;21,0;2025-07-18;;
Oeste do Maranhão;20925,0;SANTA LUZIA DO PARUÁ;14706,68;232;18,0;2025-07-19;;
Oeste do Maranhão;20925,0;SANTA LUZIA DO PARUÁ;16685,33;362;36,0;2025-07-21;;
Oeste do Maranhão;20925,0;SANTA LUZIA DO PARUÁ;35682,31;749;51,0;2025-07-22;;
Oeste do Maranhão;20925,0;SANTA LUZIA DO PARUÁ;34002,42;633;43,0;2025-07-23;;
Oeste do Maranhão;20925,0;SANTA LUZIA DO PARUÁ;12885,32;295;37,0;2025-07-24;;
Oeste do Maranhão;20925,0;SANTA LUZIA DO PARUÁ;19607,35;415;25,0;2025-07-25;;
Oeste do Maranhão;20925,0;SANTA LUZIA DO PARUÁ;11473,87;215;17,0;2025-07-26;;
Oeste do Maranhão;20925,0;SANTA LUZIA DO PARUÁ;8625,61;189;16,0;2025-07-28;;
Oeste do Maranhão;20925,0;SANTA LUZIA DO PARUÁ;24806,05;403;45,0;2025-07-29;;
Oeste do Maranhão;20925,0;SANTA LUZIA DO PARUÁ;19015,55;323;34,0;2025-07-30;;
Oeste do Maranhão;20925,0;SANTA LUZIA DO PARUÁ;33981,29;705;56,0;2025-07-31;;
Oeste do Maranhão;20925,0;SANTA LUZIA DO PARUÁ;19796,48;351;30,0;2025-08-01;;
Oeste do Maranhão;20925,0;SANTA LUZIA DO PARUÁ;10020,41;184;18,0;2025-08-02;;
Oeste do Maranhão;20925,0;SANTA LUZIA DO PARUÁ;27297,83;493;50,0;2025-08-04;;
Oeste do Maranhão;20925,0;SANTA LUZIA DO PARUÁ;34450,55;620;47,0;2025-08-05;;
Oeste do Maranhão;20925,0;SANTA LUZIA DO PARUÁ;26512,26;477;48,0;2025-08-06;;
Oeste do Maranhão;20925,0;SANTA LUZIA DO PARUÁ;18523,71;302;30,0;2025-08-07;;
Oeste do Maranhão;20925,0;SANTA LUZIA DO PARUÁ;16971,69;305;34,0;2025-08-08;;
Oeste do Maranhão;20925,0;SANTA LUZIA DO PARUÁ;21588,84;319;39,0;2025-08-09;;
Oeste do Maranhão;20925,0;SANTA LUZIA DO PARUÁ;8582,27;161;23,0;2025-08-10;;
Oeste do Maranhão;20925,0;SANTA LUZIA DO PARUÁ;21581,39;468;33,0;2025-08-11;;
Oeste do Maranhão;20925,0;SANTA LUZIA DO PARUÁ;34044,03;720;44,0;2025-08-12;;
Oeste do Maranhão;20925,0;SANTA LUZIA DO PARUÁ;25945,55;635;41,0;2025-08-13;;
Oeste do Maranhão;20925,0;SANTA LUZIA DO PARUÁ;10919,63;259;19,0;2025-08-14;;
Oeste do Maranhão;20925,0;SANTA LUZIA DO PARUÁ;16958,39;386;29,0;2025-08-15;;
Oeste do Maranhão;20925,0;SANTA LUZIA DO PARUÁ;12094,73;301;22,0;2025-08-16;;
Oeste do Maranhão;20925,0;SANTA LUZIA DO PARUÁ;19603,96;441;34,0;2025-08-18;;
Oeste do Maranhão;20925,0;SANTA LUZIA DO PARUÁ;20253,91;375;34,0;2025-08-19;;
Oeste do Maranhão;20925,0;SANTA LUZIA DO PARUÁ;24137,81;504;45,0;2025-08-20;;
Oeste do Maranhão;20925,0;SANTA LUZIA DO PARUÁ;12757,59;230;27,0;2025-08-21;;
Oeste do Maranhão;20925,0;SANTA LUZIA DO PARUÁ;18105,0;397;33,0;2025-08-22;;
Oeste do Maranhão;20925,0;SANTA LUZIA DO PARUÁ;7152,3;139;17,0;2025-08-23;;
Oeste do Maranhão;20925,0;SANTA LUZIA DO PARUÁ;21041,65;384;32,0;2025-08-25;;
Oeste do Maranhão;20925,0;SANTA LUZIA DO PARUÁ;26366,04;489;38,0;2025-08-26;;
Oeste do Maranhão;20925,0;SANTA LUZIA DO PARUÁ;31773,22;636;56,0;2025-08-27;;
Oeste do Maranhão;20925,0;SANTA LUZIA DO PARUÁ;25247,74;492;35,0;2025-08-28;;
Oeste do Maranhão;20925,0;SANTA LUZIA DO PARUÁ;18272,45;324;30,0;2025-08-29;;
Oeste do Maranhão;20925,0;SANTA LUZIA DO PARUÁ;7373,11;130;20,0;2025-08-30;;
Oeste do Maranhão;20925,0;SANTA LUZIA DO PARUÁ;16188,09;388;35,0;2025-09-01;;
Oeste do Maranhão;20925,0;SANTA LUZIA DO PARUÁ;23208,12;543;34,0;2025-09-02;;
Oeste do Maranhão;20925,0;SANTA LUZIA DO PARUÁ;13395,43;313;31,0;2025-09-03;;
Oeste do Maranhão;20925,0;SANTA LUZIA DO PARUÁ;9791,44;215;26,0;2025-09-04;;
Oeste do Maranhão;20925,0;SANTA LUZIA DO PARUÁ;26440,32;474;34,0;2025-09-05;;
Oeste do Maranhão;20925,0;SANTA LUZIA DO PARUÁ;14208,66;247;25,0;2025-09-06;;
Oeste do Maranhão;20925,0;SANTA LUZIA DO PARUÁ;28393,89;504;39,0;2025-09-08;;
Oeste do Maranhão;20925,0;SANTA LUZIA DO PARUÁ;23816,76;450;35,0;2025-09-09;;
Oeste do Maranhão;20925,0;SANTA LUZIA DO PARUÁ;25592,56;455;38,0;2025-09-10;;
Oeste do Maranhão;20925,0;SANTA LUZIA DO PARUÁ;20660,08;366;31,0;2025-09-11;;
Oeste do Maranhão;20925,0;SANTA LUZIA DO PARUÁ;29998,09;536;46,0;2025-09-12;;
Oeste do Maranhão;20925,0;SANTA LUZIA DO PARUÁ;15812,31;230;24,0;2025-09-13;;
Oeste do Maranhão;20925,0;SANTA LUZIA DO PARUÁ;18958,49;349;34,0;2025-09-15;;
Oeste do Maranhão;20925,0;SANTA LUZIA DO PARUÁ;25164,43;358;37,0;2025-09-16;;
Oeste do Maranhão;20925,0;SANTA LUZIA DO PARUÁ;16508,66;282;33,0;2025-09-17;;
Oeste do Maranhão;20925,0;SANTA LUZIA DO PARUÁ;10116,26;214;21,0;2025-09-18;;
Oeste do Maranhão;20925,0;SANTA LUZIA DO PARUÁ;21471,64;412;36,0;2025-09-19;;
Oeste do Maranhão;20925,0;SANTA LUZIA DO PARUÁ;12604,3;181;16,0;2025-09-20;;
Oeste do Maranhão;20925,0;SANTA LUZIA DO PARUÁ;56757,39;976;51,0;2025-09-22;;
Oeste do Maranhão;20925,0;SANTA LUZIA DO PARUÁ;32141,85;681;51,0;2025-09-23;;
Oeste do Maranhão;20925,0;SANTA LUZIA DO PARUÁ;17009,6;419;28,0;2025-09-24;;
Oeste do Maranhão;20925,0;SANTA LUZIA DO PARUÁ;16306,56;340;27,0;2025-09-25;;
Oeste do Maranhão;20925,0;SANTA LUZIA DO PARUÁ;33347,91;466;26,0;2025-09-26;;
Oeste do Maranhão;20925,0;SANTA LUZIA DO PARUÁ;9651,63;216;17,0;2025-09-27;;
Oeste do Maranhão;20925,0;SANTA LUZIA DO PARUÁ;18419,94;302;26,0;2025-09-29;;
Oeste do Maranhão;20925,0;SANTA LUZIA DO PARUÁ;23721,05;511;46,0;2025-09-30;;
Oeste do Maranhão;20925,0;SANTA LUZIA DO PARUÁ;11810,69;212;20,0;2025-10-01;;
Oeste do Maranhão;20925,0;SANTA LUZIA DO PARUÁ;22700,78;415;30,0;2025-10-02;;
Oeste do Maranhão;20925,0;SANTA LUZIA DO PARUÁ;40995,48;578;44,0;2025-10-03;;
Oeste do Maranhão;20925,0;SANTA LUZIA DO PARUÁ;7070,58;116;13,0;2025-10-04;;
Oeste do Maranhão;20925,0;SANTA LUZIA DO PARUÁ;25230,92;364;31,0;2025-10-06;;
Oeste do Maranhão;20925,0;SANTA LUZIA DO PARUÁ;27032,21;377;33,0;2025-10-07;;
Oeste do Maranhão;20925,0;SANTA LUZIA DO PARUÁ;26375,2;453;42,0;2025-10-08;;
Oeste do Maranhão;20925,0;SANTA LUZIA DO PARUÁ;20735,65;445;40,0;2025-10-09;;
Oeste do Maranhão;20925,0;SANTA LUZIA DO PARUÁ;24815,67;584;46,0;2025-10-10;;
Oeste do Maranhão;20925,0;SANTA LUZIA DO PARUÁ;14405,46;272;20,0;2025-10-11;;
Oeste do Maranhão;20925,0;SANTA LUZIA DO PARUÁ;22877,7;430;42,0;2025-10-13;;
Oeste do Maranhão;20925,0;SANTA LUZIA DO PARUÁ;24834,62;566;49,0;2025-10-14;;
Oeste do Maranhão;20925,0;SANTA LUZIA DO PARUÁ;15295,97;344;28,0;2025-10-15;;
Oeste do Maranhão;20925,0;SANTA LUZIA DO PARUÁ;18751,59;449;33,0;2025-10-16;;
Oeste do Maranhão;20925,0;SANTA LUZIA DO PARUÁ;14963,82;309;27,0;2025-10-17;;
Oeste do Maranhão;20925,0;SANTA LUZIA DO PARUÁ;14354,56;341;20,0;2025-10-18;;
Oeste do Maranhão;20925,0;SANTA LUZIA DO PARUÁ;25071,64;423;24,0;2025-10-21;;
Oeste do Maranhão;20925,0;SANTA LUZIA DO PARUÁ;23676,91;454;37,0;2025-10-22;;
Oeste do Maranhão;20925,0;SANTA LUZIA DO PARUÁ;16958,44;406;35,0;2025-10-23;;
Oeste do Maranhão;20925,0;SANTA LUZIA DO PARUÁ;15491,18;264;26,0;2025-10-24;;
Oeste do Maranhão;20925,0;SANTA LUZIA DO PARUÁ;10178,16;188;15,0;2025-10-25;;
Oeste do Maranhão;20925,0;SANTA LUZIA DO PARUÁ;9953,56;163;22,0;2025-10-27;;
Oeste do Maranhão;20925,0;SANTA LUZIA DO PARUÁ;18138,75;344;35,0;2025-10-28;;
Oeste do Maranhão;20925,0;SANTA LUZIA DO PARUÁ;10964,58;227;23,0;2025-10-29;;
Oeste do Maranhão;20925,0;SANTA LUZIA DO PARUÁ;28451,36;553;50,0;2025-10-30;;
Oeste do Maranhão;20925,0;SANTA LUZIA DO PARUÁ;36425,16;592;63,0;2025-10-31;;
Oeste do Maranhão;20925,0;SANTA LUZIA DO PARUÁ;10847,26;201;16,0;2025-11-01;;
Oeste do Maranhão;20925,0;SANTA LUZIA DO PARUÁ;30028,13;661;51,0;2025-11-03;;
Oeste do Maranhão;20925,0;SANTA LUZIA DO PARUÁ;25801,01;505;48,0;2025-11-04;;
Oeste do Maranhão;20925,0;SANTA LUZIA DO PARUÁ;44863,65;897;72,0;2025-11-05;;
Oeste do Maranhão;20925,0;SANTA LUZIA DO PARUÁ;34812,85;716;52,0;2025-11-06;;
Oeste do Maranhão;20925,0;SANTA LUZIA DO PARUÁ;34738,34;674;55,0;2025-11-07;;
Oeste do Maranhão;20925,0;SANTA LUZIA DO PARUÁ;15409,98;261;25,0;2025-11-08;;
Oeste do Maranhão;20925,0;SANTA LUZIA DO PARUÁ;20691,65;313;39,0;2025-11-10;;
Oeste do Maranhão;20925,0;SANTA LUZIA DO PARUÁ;16920,09;400;32,0;2025-11-11;;
Oeste do Maranhão;20925,0;SANTA LUZIA DO PARUÁ;33335,26;690;63,0;2025-11-12;;
Oeste do Maranhão;20925,0;SANTA LUZIA DO PARUÁ;15464,53;272;38,0;2025-11-13;;
Oeste do Maranhão;20925,0;SANTA LUZIA DO PARUÁ;29399,44;418;41,0;2025-11-14;;
Oeste do Maranhão;20925,0;SANTA LUZIA DO PARUÁ;6100,23;94;16,0;2025-11-15;;
Oeste do Maranhão;20925,0;SANTA LUZIA DO PARUÁ;25962,99;407;47,0;2025-11-17;;
Oeste do Maranhão;20925,0;SANTA LUZIA DO PARUÁ;22542,24;340;39,0;2025-11-18;;
Oeste do Maranhão;20925,0;SANTA LUZIA DO PARUÁ;14403,44;264;34,0;2025-11-19;;
Oeste do Maranhão;20925,0;SANTA LUZIA DO PARUÁ;8806,46;183;13,0;2025-11-20;;
Oeste do Maranhão;20925,0;SANTA LUZIA DO PARUÁ;24845,2;431;55,0;2025-11-21;;
Oeste do Maranhão;20925,0;SANTA LUZIA DO PARUÁ;9397,72;130;18,0;2025-11-22;;
Oeste do Maranhão;20925,0;SANTA LUZIA DO PARUÁ;23515,64;362;49,0;2025-11-24;;
Oeste do Maranhão;20925,0;SANTA LUZIA DO PARUÁ;34354,4;484;55,0;2025-11-25;;
Oeste do Maranhão;20925,0;SANTA LUZIA DO PARUÁ;24312,81;455;46,0;2025-11-26;;
Oeste do Maranhão;20925,0;SANTA LUZIA DO PARUÁ;52498,52;918;60,0;2025-11-27;;
Oeste do Maranhão;20925,0;SANTA LUZIA DO PARUÁ;29857,64;479;57,0;2025-11-28;;
Oeste do Maranhão;20925,0;SANTA LUZIA DO PARUÁ;20654,81;292;44,0;2025-11-29;;
Oeste do Maranhão;20925,0;SANTA LUZIA DO PARUÁ;17491,23;243;25,0;2025-11-30;;
Oeste do Maranhão;20925,0;SANTA LUZIA DO PARUÁ;27833,66;483;50,0;2025-12-01;;
Oeste do Maranhão;20925,0;SANTA LUZIA DO PARUÁ;31677,58;620;65,0;2025-12-02;;
Oeste do Maranhão;20925,0;SANTA LUZIA DO PARUÁ;29207,05;537;46,0;2025-12-03;;
Oeste do Maranhão;20925,0;SANTA LUZIA DO PARUÁ;22659,66;459;42,0;2025-12-04;;
Oeste do Maranhão;20925,0;SANTA LUZIA DO PARUÁ;16370,95;387;27,0;2025-12-05;;
Oeste do Maranhão;20925,0;SANTA LUZIA DO PARUÁ;16150,3;297;18,0;2025-12-06;;
Oeste do Maranhão;20925,0;SANTA LUZIA DO PARUÁ;17597,7;433;36,0;2025-12-08;;
Oeste do Maranhão;20925,0;SANTA LUZIA DO PARUÁ;26318,49;601;48,0;2025-12-09;;
Oeste do Maranhão;20925,0;SANTA LUZIA DO PARUÁ;20380,2;364;32,0;2025-12-10;;
Oeste do Maranhão;20925,0;SANTA LUZIA DO PARUÁ;13618,79;300;27,0;2025-12-11;;
Oeste do Maranhão;20925,0;SANTA LUZIA DO PARUÁ;22886,4;444;34,0;2025-12-12;;
Oeste do Maranhão;20925,0;SANTA LUZIA DO PARUÁ;16406,97;252;17,0;2025-12-13;;
Oeste do Maranhão;20925,0;SANTA LUZIA DO PARUÁ;15623,58;292;31,0;2025-12-15;;
Oeste do Maranhão;20925,0;SANTA LUZIA DO PARUÁ;35984,41;590;62,0;2025-12-16;;
Oeste do Maranhão;20925,0;SANTA LUZIA DO PARUÁ;32340,92;577;58,0;2025-12-17;;
Oeste do Maranhão;20925,0;SANTA LUZIA DO PARUÁ;27422,16;451;49,0;2025-12-18;;
Oeste do Maranhão;20925,0;SANTA LUZIA DO PARUÁ;16792,73;305;35,0;2025-12-19;;
Oeste do Maranhão;20925,0;SANTA LUZIA DO PARUÁ;9266,47;169;21,0;2025-12-20;;
Oeste do Maranhão;20925,0;SANTA LUZIA DO PARUÁ;3929,83;59;6,0;2025-12-21;;
Oeste do Maranhão;20925,0;SANTA LUZIA DO PARUÁ;24545,16;384;50,0;2025-12-22;;
Oeste do Maranhão;20925,0;SANTA LUZIA DO PARUÁ;26410,11;362;43,0;2025-12-23;;
Oeste do Maranhão;20925,0;SANTA LUZIA DO PARUÁ;20387,79;266;33,0;2025-12-24;;
Oeste do Maranhão;20925,0;SANTA LUZIA DO PARUÁ;29030,14;552;30,0;2025-12-26;;
Oeste do Maranhão;20925,0;SANTA LUZIA DO PARUÁ;28342,18;426;25,0;2025-12-27;;
Oeste do Maranhão;20925,0;SANTA LUZIA DO PARUÁ;30238,98;540;54,0;2025-12-29;;
Oeste do Maranhão;20925,0;SANTA LUZIA DO PARUÁ;29496,63;560;48,0;2025-12-30;;
Oeste do Maranhão;20925,0;SANTA LUZIA DO PARUÁ;19944,76;381;35,0;2025-12-31;;
Oeste do Maranhão;20933,0;SANTA LUZIA DO TIDE;3897,33;79;11,0;2025-01-02;;
Oeste do Maranhão;20933,0;SANTA LUZIA DO TIDE;10609,54;172;10,0;2025-01-03;;
Oeste do Maranhão;20933,0;SANTA LUZIA DO TIDE;11877,02;214;14,0;2025-01-04;;
Oeste do Maranhão;20933,0;SANTA LUZIA DO TIDE;10472,75;196;17,0;2025-01-06;;
Oeste do Maranhão;20933,0;SANTA LUZIA DO TIDE;31442,06;512;46,0;2025-01-07;;
Oeste do Maranhão;20933,0;SANTA LUZIA DO TIDE;19960,92;350;27,0;2025-01-08;;
Oeste do Maranhão;20933,0;SANTA LUZIA DO TIDE;19624,46;367;27,0;2025-01-09;;
Oeste do Maranhão;20933,0;SANTA LUZIA DO TIDE;15101,41;289;45,0;2025-01-10;;
Oeste do Maranhão;20933,0;SANTA LUZIA DO TIDE;5743,52;87;8,0;2025-01-11;;
Oeste do Maranhão;20933,0;SANTA LUZIA DO TIDE;11078,5;178;17,0;2025-01-13;;
Oeste do Maranhão;20933,0;SANTA LUZIA DO TIDE;31863,25;542;42,0;2025-01-14;;
Oeste do Maranhão;20933,0;SANTA LUZIA DO TIDE;16124,36;245;20,0;2025-01-15;;
Oeste do Maranhão;20933,0;SANTA LUZIA DO TIDE;36680,69;432;26,0;2025-01-16;;
Oeste do Maranhão;20933,0;SANTA LUZIA DO TIDE;18721,31;259;24,0;2025-01-17;;
Oeste do Maranhão;20933,0;SANTA LUZIA DO TIDE;19892,32;247;28,0;2025-01-18;;
Oeste do Maranhão;20933,0;SANTA LUZIA DO TIDE;50918,27;807;58,0;2025-01-20;;
Oeste do Maranhão;20933,0;SANTA LUZIA DO TIDE;34198,48;502;42,0;2025-01-21;;
Oeste do Maranhão;20933,0;SANTA LUZIA DO TIDE;9457,23;206;16,0;2025-01-22;;
Oeste do Maranhão;20933,0;SANTA LUZIA DO TIDE;25918,34;415;36,0;2025-01-23;;
Oeste do Maranhão;20933,0;SANTA LUZIA DO TIDE;22404,71;381;25,0;2025-01-24;;
Oeste do Maranhão;20933,0;SANTA LUZIA DO TIDE;10824,5;205;18,0;2025-01-25;;
Oeste do Maranhão;20933,0;SANTA LUZIA DO TIDE;11127,47;209;23,0;2025-01-27;;
Oeste do Maranhão;20933,0;SANTA LUZIA DO TIDE;18711,8;310;31,0;2025-01-28;;
Oeste do Maranhão;20933,0;SANTA LUZIA DO TIDE;13088,44;276;23,0;2025-01-29;;
Oeste do Maranhão;20933,0;SANTA LUZIA DO TIDE;11846,06;243;25,0;2025-01-30;;
Oeste do Maranhão;20933,0;SANTA LUZIA DO TIDE;22301,7;416;35,0;2025-01-31;;
Oeste do Maranhão;20933,0;SANTA LUZIA DO TIDE;2628,5;50;5,0;2025-02-01;;
Oeste do Maranhão;20933,0;SANTA LUZIA DO TIDE;8501,04;141;15,0;2025-02-03;;
Oeste do Maranhão;20933,0;SANTA LUZIA DO TIDE;21711,59;323;27,0;2025-02-04;;
Oeste do Maranhão;20933,0;SANTA LUZIA DO TIDE;9820,75;171;17,0;2025-02-05;;
Oeste do Maranhão;20933,0;SANTA LUZIA DO TIDE;9826,66;172;19,0;2025-02-06;;
Oeste do Maranhão;20933,0;SANTA LUZIA DO TIDE;14537,84;258;22,0;2025-02-07;;
Oeste do Maranhão;20933,0;SANTA LUZIA DO TIDE;23074,27;419;37,0;2025-02-08;;
Oeste do Maranhão;20933,0;SANTA LUZIA DO TIDE;31326,52;501;44,0;2025-02-10;;
Oeste do Maranhão;20933,0;SANTA LUZIA DO TIDE;53748,16;920;53,0;2025-02-11;;
Oeste do Maranhão;20933,0;SANTA LUZIA DO TIDE;19956,85;321;34,0;2025-02-12;;
Oeste do Maranhão;20933,0;SANTA LUZIA DO TIDE;11308,65;218;21,0;2025-02-13;;
Oeste do Maranhão;20933,0;SANTA LUZIA DO TIDE;8005,17;146;13,0;2025-02-14;;
Oeste do Maranhão;20933,0;SANTA LUZIA DO TIDE;7613,02;122;16,0;2025-02-15;;
Oeste do Maranhão;20933,0;SANTA LUZIA DO TIDE;28025,59;445;27,0;2025-02-17;;
Oeste do Maranhão;20933,0;SANTA LUZIA DO TIDE;18559,71;314;41,0;2025-02-18;;
Oeste do Maranhão;20933,0;SANTA LUZIA DO TIDE;10130,15;235;21,0;2025-02-19;;
Oeste do Maranhão;20933,0;SANTA LUZIA DO TIDE;8087,92;175;20,0;2025-02-20;;
Oeste do Maranhão;20933,0;SANTA LUZIA DO TIDE;18521,08;312;28,0;2025-02-21;;
Oeste do Maranhão;20933,0;SANTA LUZIA DO TIDE;7416,82;191;14,0;2025-02-22;;
Oeste do Maranhão;20933,0;SANTA LUZIA DO TIDE;16261,34;262;37,0;2025-02-24;;
Oeste do Maranhão;20933,0;SANTA LUZIA DO TIDE;24531,2;467;46,0;2025-02-25;;
Oeste do Maranhão;20933,0;SANTA LUZIA DO TIDE;14740,86;253;29,0;2025-02-26;;
Oeste do Maranhão;20933,0;SANTA LUZIA DO TIDE;13743,9;229;27,0;2025-02-27;;
Oeste do Maranhão;20933,0;SANTA LUZIA DO TIDE;29336,91;502;42,0;2025-02-28;;
Oeste do Maranhão;20933,0;SANTA LUZIA DO TIDE;7354,31;127;13,0;2025-03-01;;
Oeste do Maranhão;20933,0;SANTA LUZIA DO TIDE;16117,83;324;15,0;2025-03-03;;
Oeste do Maranhão;20933,0;SANTA LUZIA DO TIDE;9045,06;180;14,0;2025-03-05;;
Oeste do Maranhão;20933,0;SANTA LUZIA DO TIDE;41216,47;687;62,0;2025-03-06;;
Oeste do Maranhão;20933,0;SANTA LUZIA DO TIDE;38229,1;623;26,0;2025-03-07;;
Oeste do Maranhão;20933,0;SANTA LUZIA DO TIDE;14977,0;278;26,0;2025-03-08;;
Oeste do Maranhão;20933,0;SANTA LUZIA DO TIDE;46300,75;705;41,0;2025-03-10;;
Oeste do Maranhão;20933,0;SANTA LUZIA DO TIDE;69067,09;938;44,0;2025-03-11;;
Oeste do Maranhão;20933,0;SANTA LUZIA DO TIDE;77070,93;736;22,0;2025-03-12;;
Oeste do Maranhão;20933,0;SANTA LUZIA DO TIDE;18200,83;348;25,0;2025-03-13;;
Oeste do Maranhão;20933,0;SANTA LUZIA DO TIDE;63372,93;677;37,0;2025-03-14;;
Oeste do Maranhão;20933,0;SANTA LUZIA DO TIDE;28605,51;504;32,0;2025-03-15;;
Oeste do Maranhão;20933,0;SANTA LUZIA DO TIDE;14263,32;218;19,0;2025-03-17;;
Oeste do Maranhão;20933,0;SANTA LUZIA DO TIDE;16186,74;262;22,0;2025-03-18;;
Oeste do Maranhão;20933,0;SANTA LUZIA DO TIDE;1909,05;40;7,0;2025-03-19;;
Oeste do Maranhão;20933,0;SANTA LUZIA DO TIDE;11427,98;235;23,0;2025-03-20;;
Oeste do Maranhão;20933,0;SANTA LUZIA DO TIDE;10325,79;160;20,0;2025-03-21;;
Oeste do Maranhão;20933,0;SANTA LUZIA DO TIDE;18539,42;264;18,0;2025-03-22;;
Oeste do Maranhão;20933,0;SANTA LUZIA DO TIDE;37247,15;664;39,0;2025-03-24;;
Oeste do Maranhão;20933,0;SANTA LUZIA DO TIDE;60833,41;1120;52,0;2025-03-25;;
Oeste do Maranhão;20933,0;SANTA LUZIA DO TIDE;4842,59;71;6,0;2025-03-26;;
Oeste do Maranhão;20933,0;SANTA LUZIA DO TIDE;15210,18;225;20,0;2025-03-27;;
Oeste do Maranhão;20933,0;SANTA LUZIA DO TIDE;16760,66;269;31,0;2025-03-28;;
Oeste do Maranhão;20933,0;SANTA LUZIA DO TIDE;11303,58;177;18,0;2025-03-29;;
Oeste do Maranhão;20933,0;SANTA LUZIA DO TIDE;19734,4;329;42,0;2025-03-31;;
Oeste do Maranhão;20933,0;SANTA LUZIA DO TIDE;10291,47;156;16,0;2025-04-01;;
Oeste do Maranhão;20933,0;SANTA LUZIA DO TIDE;3736,31;79;6,0;2025-04-02;;
Oeste do Maranhão;20933,0;SANTA LUZIA DO TIDE;11757,77;187;22,0;2025-04-03;;
Oeste do Maranhão;20933,0;SANTA LUZIA DO TIDE;25093,16;450;36,0;2025-04-04;;
Oeste do Maranhão;20933,0;SANTA LUZIA DO TIDE;12946,64;222;23,0;2025-04-05;;
Oeste do Maranhão;20933,0;SANTA LUZIA DO TIDE;15147,7;274;22,0;2025-04-07;;
Oeste do Maranhão;20933,0;SANTA LUZIA DO TIDE;21325,75;330;40,0;2025-04-08;;
Oeste do Maranhão;20933,0;SANTA LUZIA DO TIDE;1844,64;50;5,0;2025-04-09;;
Oeste do Maranhão;20933,0;SANTA LUZIA DO TIDE;28517,04;421;56,0;2025-04-12;;
Oeste do Maranhão;20933,0;SANTA LUZIA DO TIDE;35781,61;557;49,0;2025-04-14;;
Oeste do Maranhão;20933,0;SANTA LUZIA DO TIDE;48257,42;807;70,0;2025-04-15;;
Oeste do Maranhão;20933,0;SANTA LUZIA DO TIDE;16574,06;295;22,0;2025-04-16;;
Oeste do Maranhão;20933,0;SANTA LUZIA DO TIDE;10206,02;177;14,0;2025-04-17;;
Oeste do Maranhão;20933,0;SANTA LUZIA DO TIDE;8773,56;149;11,0;2025-04-19;;
Oeste do Maranhão;20933,0;SANTA LUZIA DO TIDE;13321,11;196;16,0;2025-04-21;;
Oeste do Maranhão;20933,0;SANTA LUZIA DO TIDE;54861,43;829;71,0;2025-04-22;;
Oeste do Maranhão;20933,0;SANTA LUZIA DO TIDE;15940,99;262;22,0;2025-04-23;;
Oeste do Maranhão;20933,0;SANTA LUZIA DO TIDE;28238,88;470;33,0;2025-04-24;;
Oeste do Maranhão;20933,0;SANTA LUZIA DO TIDE;27076,07;378;24,0;2025-04-25;;
Oeste do Maranhão;20933,0;SANTA LUZIA DO TIDE;11319,3;152;11,0;2025-04-26;;
Oeste do Maranhão;20933,0;SANTA LUZIA DO TIDE;23953,1;374;34,0;2025-04-28;;
Oeste do Maranhão;20933,0;SANTA LUZIA DO TIDE;32991,4;547;49,0;2025-04-29;;
Oeste do Maranhão;20933,0;SANTA LUZIA DO TIDE;28427,54;423;44,0;2025-04-30;;
Oeste do Maranhão;20933,0;SANTA LUZIA DO TIDE;36923,87;613;53,0;2025-05-02;;
Oeste do Maranhão;20933,0;SANTA LUZIA DO TIDE;31362,77;426;30,0;2025-05-03;;
Oeste do Maranhão;20933,0;SANTA LUZIA DO TIDE;63718,53;787;51,0;2025-05-05;;
Oeste do Maranhão;20933,0;SANTA LUZIA DO TIDE;57114,85;782;74,0;2025-05-06;;
Oeste do Maranhão;20933,0;SANTA LUZIA DO TIDE;23154,72;332;41,0;2025-05-07;;
Oeste do Maranhão;20933,0;SANTA LUZIA DO TIDE;17075,54;300;29,0;2025-05-08;;
Oeste do Maranhão;20933,0;SANTA LUZIA DO TIDE;34837,08;560;56,0;2025-05-09;;
Oeste do Maranhão;20933,0;SANTA LUZIA DO TIDE;70923,01;902;46,0;2025-05-10;;
Oeste do Maranhão;20933,0;SANTA LUZIA DO TIDE;2810,08;53;9,0;2025-05-11;;
Oeste do Maranhão;20933,0;SANTA LUZIA DO TIDE;70009,02;1217;57,0;2025-05-12;;
Oeste do Maranhão;20933,0;SANTA LUZIA DO TIDE;36391,79;567;55,0;2025-05-13;;
Oeste do Maranhão;20933,0;SANTA LUZIA DO TIDE;23943,78;437;40,0;2025-05-14;;
Oeste do Maranhão;20933,0;SANTA LUZIA DO TIDE;23792,9;521;39,0;2025-05-15;;
Oeste do Maranhão;20933,0;SANTA LUZIA DO TIDE;34987,44;660;35,0;2025-05-16;;
Oeste do Maranhão;20933,0;SANTA LUZIA DO TIDE;15563,02;256;20,0;2025-05-17;;
Oeste do Maranhão;20933,0;SANTA LUZIA DO TIDE;70352,65;1144;84,0;2025-05-19;;
Oeste do Maranhão;20933,0;SANTA LUZIA DO TIDE;40730,17;670;59,0;2025-05-20;;
Oeste do Maranhão;20933,0;SANTA LUZIA DO TIDE;32115,48;469;34,0;2025-05-21;;
Oeste do Maranhão;20933,0;SANTA LUZIA DO TIDE;32269,89;523;39,0;2025-05-22;;
Oeste do Maranhão;20933,0;SANTA LUZIA DO TIDE;39665,36;610;56,0;2025-05-23;;
Oeste do Maranhão;20933,0;SANTA LUZIA DO TIDE;16897,36;291;32,0;2025-05-24;;
Oeste do Maranhão;20933,0;SANTA LUZIA DO TIDE;51382,68;949;49,0;2025-05-26;;
Oeste do Maranhão;20933,0;SANTA LUZIA DO TIDE;41759,37;653;46,0;2025-05-27;;
Oeste do Maranhão;20933,0;SANTA LUZIA DO TIDE;4537,69;84;9,0;2025-05-28;;
Oeste do Maranhão;20933,0;SANTA LUZIA DO TIDE;29432,52;501;38,0;2025-05-29;;
Oeste do Maranhão;20933,0;SANTA LUZIA DO TIDE;22237,66;350;29,0;2025-05-30;;
Oeste do Maranhão;20933,0;SANTA LUZIA DO TIDE;15948,82;297;24,0;2025-05-31;;
Oeste do Maranhão;20933,0;SANTA LUZIA DO TIDE;24869,03;401;43,0;2025-06-02;;
Oeste do Maranhão;20933,0;SANTA LUZIA DO TIDE;20516,05;372;41,0;2025-06-03;;
Oeste do Maranhão;20933,0;SANTA LUZIA DO TIDE;10250,54;232;25,0;2025-06-04;;
Oeste do Maranhão;20933,0;SANTA LUZIA DO TIDE;19766,07;421;32,0;2025-06-05;;
Oeste do Maranhão;20933,0;SANTA LUZIA DO TIDE;11652,83;227;25,0;2025-06-06;;
Oeste do Maranhão;20933,0;SANTA LUZIA DO TIDE;15036,95;270;25,0;2025-06-07;;
Oeste do Maranhão;20933,0;SANTA LUZIA DO TIDE;19005,26;307;28,0;2025-06-09;;
Oeste do Maranhão;20933,0;SANTA LUZIA DO TIDE;34572,55;614;67,0;2025-06-10;;
Oeste do Maranhão;20933,0;SANTA LUZIA DO TIDE;23738,47;421;32,0;2025-06-11;;
Oeste do Maranhão;20933,0;SANTA LUZIA DO TIDE;10783,25;208;32,0;2025-06-12;;
Oeste do Maranhão;20933,0;SANTA LUZIA DO TIDE;65244,97;1118;67,0;2025-06-13;;
Oeste do Maranhão;20933,0;SANTA LUZIA DO TIDE;10865,14;164;21,0;2025-06-14;;
Oeste do Maranhão;20933,0;SANTA LUZIA DO TIDE;30396,13;436;40,0;2025-06-16;;
Oeste do Maranhão;20933,0;SANTA LUZIA DO TIDE;28652,53;294;34,0;2025-06-17;;
Oeste do Maranhão;20933,0;SANTA LUZIA DO TIDE;43752,43;472;39,0;2025-06-18;;
Oeste do Maranhão;20933,0;SANTA LUZIA DO TIDE;29994,84;422;33,0;2025-06-19;;
Oeste do Maranhão;20933,0;SANTA LUZIA DO TIDE;16998,84;259;30,0;2025-06-20;;
Oeste do Maranhão;20933,0;SANTA LUZIA DO TIDE;12981,71;189;21,0;2025-06-21;;
Oeste do Maranhão;20933,0;SANTA LUZIA DO TIDE;43121,08;490;55,0;2025-06-23;;
Oeste do Maranhão;20933,0;SANTA LUZIA DO TIDE;48151,92;592;45,0;2025-06-24;;
Oeste do Maranhão;20933,0;SANTA LUZIA DO TIDE;19663,49;377;33,0;2025-06-25;;
Oeste do Maranhão;20933,0;SANTA LUZIA DO TIDE;17971,25;272;30,0;2025-06-26;;
Oeste do Maranhão;20933,0;SANTA LUZIA DO TIDE;29781,62;560;44,0;2025-06-27;;
Oeste do Maranhão;20933,0;SANTA LUZIA DO TIDE;11770,77;290;17,0;2025-06-28;;
Oeste do Maranhão;20933,0;SANTA LUZIA DO TIDE;41328,16;784;32,0;2025-06-30;;
Oeste do Maranhão;20933,0;SANTA LUZIA DO TIDE;49322,15;1042;67,0;2025-07-01;;
Oeste do Maranhão;20933,0;SANTA LUZIA DO TIDE;18849,36;364;30,0;2025-07-02;;
Oeste do Maranhão;20933,0;SANTA LUZIA DO TIDE;23067,16;409;40,0;2025-07-03;;
Oeste do Maranhão;20933,0;SANTA LUZIA DO TIDE;16257,01;327;29,0;2025-07-04;;
Oeste do Maranhão;20933,0;SANTA LUZIA DO TIDE;19938,98;364;21,0;2025-07-05;;
Oeste do Maranhão;20933,0;SANTA LUZIA DO TIDE;26321,31;535;35,0;2025-07-07;;
Oeste do Maranhão;20933,0;SANTA LUZIA DO TIDE;36453,44;678;53,0;2025-07-08;;
Oeste do Maranhão;20933,0;SANTA LUZIA DO TIDE;14267,24;275;22,0;2025-07-09;;
Oeste do Maranhão;20933,0;SANTA LUZIA DO TIDE;25928,88;524;41,0;2025-07-10;;
Oeste do Maranhão;20933,0;SANTA LUZIA DO TIDE;17887,63;316;28,0;2025-07-11;;
Oeste do Maranhão;20933,0;SANTA LUZIA DO TIDE;9478,28;216;16,0;2025-07-12;;
Oeste do Maranhão;20933,0;SANTA LUZIA DO TIDE;23462,65;318;36,0;2025-07-14;;
Oeste do Maranhão;20933,0;SANTA LUZIA DO TIDE;21030,51;308;39,0;2025-07-15;;
Oeste do Maranhão;20933,0;SANTA LUZIA DO TIDE;28464,73;655;34,0;2025-07-16;;
Oeste do Maranhão;20933,0;SANTA LUZIA DO TIDE;30606,05;504;38,0;2025-07-17;;
Oeste do Maranhão;20933,0;SANTA LUZIA DO TIDE;24799,09;470;28,0;2025-07-18;;
Oeste do Maranhão;20933,0;SANTA LUZIA DO TIDE;6711,8;123;10,0;2025-07-19;;
Oeste do Maranhão;20933,0;SANTA LUZIA DO TIDE;73347,95;1445;61,0;2025-07-21;;
Oeste do Maranhão;20933,0;SANTA LUZIA DO TIDE;31618,84;642;49,0;2025-07-22;;
Oeste do Maranhão;20933,0;SANTA LUZIA DO TIDE;19357,17;349;40,0;2025-07-23;;
Oeste do Maranhão;20933,0;SANTA LUZIA DO TIDE;21314,04;387;27,0;2025-07-24;;
Oeste do Maranhão;20933,0;SANTA LUZIA DO TIDE;22667,49;325;30,0;2025-07-25;;
Oeste do Maranhão;20933,0;SANTA LUZIA DO TIDE;8443,39;125;12,0;2025-07-26;;
Oeste do Maranhão;20933,0;SANTA LUZIA DO TIDE;8485,6;119;17,0;2025-07-28;;
Oeste do Maranhão;20933,0;SANTA LUZIA DO TIDE;27257,03;492;27,0;2025-07-29;;
Oeste do Maranhão;20933,0;SANTA LUZIA DO TIDE;10162,12;165;17,0;2025-07-30;;
Oeste do Maranhão;20933,0;SANTA LUZIA DO TIDE;36032,15;608;46,0;2025-07-31;;
Oeste do Maranhão;20933,0;SANTA LUZIA DO TIDE;18222,94;308;29,0;2025-08-01;;
Oeste do Maranhão;20933,0;SANTA LUZIA DO TIDE;20189,04;338;28,0;2025-08-02;;
Oeste do Maranhão;20933,0;SANTA LUZIA DO TIDE;27757,34;515;44,0;2025-08-04;;
Oeste do Maranhão;20933,0;SANTA LUZIA DO TIDE;31216,27;623;41,0;2025-08-05;;
Oeste do Maranhão;20933,0;SANTA LUZIA DO TIDE;37801,8;676;37,0;2025-08-06;;
Oeste do Maranhão;20933,0;SANTA LUZIA DO TIDE;32478,66;635;44,0;2025-08-07;;
Oeste do Maranhão;20933,0;SANTA LUZIA DO TIDE;27832,29;476;42,0;2025-08-08;;
Oeste do Maranhão;20933,0;SANTA LUZIA DO TIDE;39008,26;601;50,0;2025-08-09;;
Oeste do Maranhão;20933,0;SANTA LUZIA DO TIDE;6998,47;124;8,0;2025-08-10;;
Oeste do Maranhão;20933,0;SANTA LUZIA DO TIDE;65976,37;1758;50,0;2025-08-11;;
Oeste do Maranhão;20933,0;SANTA LUZIA DO TIDE;45806,31;1147;56,0;2025-08-12;;
Oeste do Maranhão;20933,0;SANTA LUZIA DO TIDE;37967,98;1038;35,0;2025-08-13;;
Oeste do Maranhão;20933,0;SANTA LUZIA DO TIDE;20017,17;497;24,0;2025-08-14;;
Oeste do Maranhão;20933,0;SANTA LUZIA DO TIDE;19871,72;497;23,0;2025-08-15;;
Oeste do Maranhão;20933,0;SANTA LUZIA DO TIDE;15368,47;375;27,0;2025-08-16;;
Oeste do Maranhão;20933,0;SANTA LUZIA DO TIDE;14585,6;327;26,0;2025-08-18;;
Oeste do Maranhão;20933,0;SANTA LUZIA DO TIDE;28165,36;573;34,0;2025-08-19;;
Oeste do Maranhão;20933,0;SANTA LUZIA DO TIDE;25466,68;538;30,0;2025-08-20;;
Oeste do Maranhão;20933,0;SANTA LUZIA DO TIDE;22366,22;469;35,0;2025-08-21;;
Oeste do Maranhão;20933,0;SANTA LUZIA DO TIDE;21335,98;482;28,0;2025-08-22;;
Oeste do Maranhão;20933,0;SANTA LUZIA DO TIDE;7149,67;131;18,0;2025-08-23;;
Oeste do Maranhão;20933,0;SANTA LUZIA DO TIDE;10648,52;195;16,0;2025-08-25;;
Oeste do Maranhão;20933,0;SANTA LUZIA DO TIDE;29473,26;534;52,0;2025-08-26;;
Oeste do Maranhão;20933,0;SANTA LUZIA DO TIDE;48893,72;954;51,0;2025-08-27;;
Oeste do Maranhão;20933,0;SANTA LUZIA DO TIDE;30737,84;632;33,0;2025-08-28;;
Oeste do Maranhão;20933,0;SANTA LUZIA DO TIDE;12043,18;251;22,0;2025-08-29;;
Oeste do Maranhão;20933,0;SANTA LUZIA DO TIDE;15510,02;272;27,0;2025-08-30;;
Oeste do Maranhão;20933,0;SANTA LUZIA DO TIDE;52273,43;1123;40,0;2025-09-01;;
Oeste do Maranhão;20933,0;SANTA LUZIA DO TIDE;42515,45;862;47,0;2025-09-02;;
Oeste do Maranhão;20933,0;SANTA LUZIA DO TIDE;17865,34;381;25,0;2025-09-03;;
Oeste do Maranhão;20933,0;SANTA LUZIA DO TIDE;17750,88;369;35,0;2025-09-04;;
Oeste do Maranhão;20933,0;SANTA LUZIA DO TIDE;51561,05;841;56,0;2025-09-05;;
Oeste do Maranhão;20933,0;SANTA LUZIA DO TIDE;11095,98;186;16,0;2025-09-06;;
Oeste do Maranhão;20933,0;SANTA LUZIA DO TIDE;19167,87;372;14,0;2025-09-08;;
Oeste do Maranhão;20933,0;SANTA LUZIA DO TIDE;27598,01;406;37,0;2025-09-09;;
Oeste do Maranhão;20933,0;SANTA LUZIA DO TIDE;11330,1;239;24,0;2025-09-10;;
Oeste do Maranhão;20933,0;SANTA LUZIA DO TIDE;16133,88;302;26,0;2025-09-11;;
Oeste do Maranhão;20933,0;SANTA LUZIA DO TIDE;22905,73;380;27,0;2025-09-12;;
Oeste do Maranhão;20933,0;SANTA LUZIA DO TIDE;10736,59;237;16,0;2025-09-13;;
Oeste do Maranhão;20933,0;SANTA LUZIA DO TIDE;18020,92;370;24,0;2025-09-15;;
Oeste do Maranhão;20933,0;SANTA LUZIA DO TIDE;13422,28;197;28,0;2025-09-16;;
Oeste do Maranhão;20933,0;SANTA LUZIA DO TIDE;21545,02;439;18,0;2025-09-17;;
Oeste do Maranhão;20933,0;SANTA LUZIA DO TIDE;9480,32;183;21,0;2025-09-18;;
Oeste do Maranhão;20933,0;SANTA LUZIA DO TIDE;14943,7;222;26,0;2025-09-19;;
Oeste do Maranhão;20933,0;SANTA LUZIA DO TIDE;11660,59;206;17,0;2025-09-20;;
Oeste do Maranhão;20933,0;SANTA LUZIA DO TIDE;64012,09;1134;42,0;2025-09-22;;
Oeste do Maranhão;20933,0;SANTA LUZIA DO TIDE;47462,61;884;42,0;2025-09-23;;
Oeste do Maranhão;20933,0;SANTA LUZIA DO TIDE;28956,6;643;32,0;2025-09-24;;
Oeste do Maranhão;20933,0;SANTA LUZIA DO TIDE;17003,37;398;24,0;2025-09-25;;
Oeste do Maranhão;20933,0;SANTA LUZIA DO TIDE;30874,27;594;31,0;2025-09-26;;
Oeste do Maranhão;20933,0;SANTA LUZIA DO TIDE;9058,57;173;9,0;2025-09-27;;
Oeste do Maranhão;20933,0;SANTA LUZIA DO TIDE;26106,74;684;35,0;2025-09-29;;
Oeste do Maranhão;20933,0;SANTA LUZIA DO TIDE;40342,93;961;66,0;2025-09-30;;
Oeste do Maranhão;20933,0;SANTA LUZIA DO TIDE;17027,32;454;33,0;2025-10-01;;
Oeste do Maranhão;20933,0;SANTA LUZIA DO TIDE;23866,83;539;32,0;2025-10-02;;
Oeste do Maranhão;20933,0;SANTA LUZIA DO TIDE;22093,46;570;41,0;2025-10-03;;
Oeste do Maranhão;20933,0;SANTA LUZIA DO TIDE;5136,24;150;14,0;2025-10-04;;
Oeste do Maranhão;20933,0;SANTA LUZIA DO TIDE;26351,44;508;23,0;2025-10-06;;
Oeste do Maranhão;20933,0;SANTA LUZIA DO TIDE;27089,81;639;38,0;2025-10-07;;
Oeste do Maranhão;20933,0;SANTA LUZIA DO TIDE;26907,05;508;22,0;2025-10-08;;
Oeste do Maranhão;20933,0;SANTA LUZIA DO TIDE;57947,86;955;36,0;2025-10-09;;
Oeste do Maranhão;20933,0;SANTA LUZIA DO TIDE;25056,3;372;32,0;2025-10-10;;
Oeste do Maranhão;20933,0;SANTA LUZIA DO TIDE;13412,79;336;31,0;2025-10-11;;
Oeste do Maranhão;20933,0;SANTA LUZIA DO TIDE;10981,55;229;18,0;2025-10-13;;
Oeste do Maranhão;20933,0;SANTA LUZIA DO TIDE;42754,17;877;48,0;2025-10-14;;
Oeste do Maranhão;20933,0;SANTA LUZIA DO TIDE;13394,94;372;25,0;2025-10-15;;
Oeste do Maranhão;20933,0;SANTA LUZIA DO TIDE;37220,19;1073;36,0;2025-10-16;;
Oeste do Maranhão;20933,0;SANTA LUZIA DO TIDE;17653,4;480;32,0;2025-10-17;;
Oeste do Maranhão;20933,0;SANTA LUZIA DO TIDE;5146,08;264;7,0;2025-10-18;;
Oeste do Maranhão;20933,0;SANTA LUZIA DO TIDE;2214,03;44;4,0;2025-10-21;;
Oeste do Maranhão;20933,0;SANTA LUZIA DO TIDE;30678,7;686;53,0;2025-10-22;;
Oeste do Maranhão;20933,0;SANTA LUZIA DO TIDE;14161,79;288;23,0;2025-10-23;;
Oeste do Maranhão;20933,0;SANTA LUZIA DO TIDE;1250,14;33;3,0;2025-10-24;;
Oeste do Maranhão;20933,0;SANTA LUZIA DO TIDE;17335,04;334;28,0;2025-10-25;;
Oeste do Maranhão;20933,0;SANTA LUZIA DO TIDE;16188,19;333;27,0;2025-10-27;;
Oeste do Maranhão;20933,0;SANTA LUZIA DO TIDE;26171,91;685;43,0;2025-10-28;;
Oeste do Maranhão;20933,0;SANTA LUZIA DO TIDE;36352,73;602;40,0;2025-10-29;;
Oeste do Maranhão;20933,0;SANTA LUZIA DO TIDE;26010,95;741;48,0;2025-10-30;;
Oeste do Maranhão;20933,0;SANTA LUZIA DO TIDE;49453,15;809;65,0;2025-10-31;;
Oeste do Maranhão;20933,0;SANTA LUZIA DO TIDE;8639,22;129;15,0;2025-11-01;;
Oeste do Maranhão;20933,0;SANTA LUZIA DO TIDE;30278,7;788;42,0;2025-11-03;;
Oeste do Maranhão;20933,0;SANTA LUZIA DO TIDE;63354,07;1234;64,0;2025-11-04;;
Oeste do Maranhão;20933,0;SANTA LUZIA DO TIDE;49090,46;839;50,0;2025-11-05;;
Oeste do Maranhão;20933,0;SANTA LUZIA DO TIDE;38593,99;742;38,0;2025-11-06;;
Oeste do Maranhão;20933,0;SANTA LUZIA DO TIDE;28207,63;792;35,0;2025-11-07;;
Oeste do Maranhão;20933,0;SANTA LUZIA DO TIDE;12184,6;255;24,0;2025-11-08;;
Oeste do Maranhão;20933,0;SANTA LUZIA DO TIDE;30487,91;623;46,0;2025-11-10;;
Oeste do Maranhão;20933,0;SANTA LUZIA DO TIDE;38044,98;831;43,0;2025-11-11;;
Oeste do Maranhão;20933,0;SANTA LUZIA DO TIDE;19143,56;381;28,0;2025-11-12;;
Oeste do Maranhão;20933,0;SANTA LUZIA DO TIDE;34336,76;602;45,0;2025-11-13;;
Oeste do Maranhão;20933,0;SANTA LUZIA DO TIDE;18139,87;318;38,0;2025-11-14;;
Oeste do Maranhão;20933,0;SANTA LUZIA DO TIDE;13617,93;303;29,0;2025-11-15;;
Oeste do Maranhão;20933,0;SANTA LUZIA DO TIDE;30741,94;570;37,0;2025-11-17;;
Oeste do Maranhão;20933,0;SANTA LUZIA DO TIDE;33483,79;572;46,0;2025-11-18;;
Oeste do Maranhão;20933,0;SANTA LUZIA DO TIDE;15567,17;306;34,0;2025-11-19;;
Oeste do Maranhão;20933,0;SANTA LUZIA DO TIDE;19027,82;360;23,0;2025-11-20;;
Oeste do Maranhão;20933,0;SANTA LUZIA DO TIDE;26002,04;480;46,0;2025-11-21;;
Oeste do Maranhão;20933,0;SANTA LUZIA DO TIDE;14334,12;219;19,0;2025-11-22;;
Oeste do Maranhão;20933,0;SANTA LUZIA DO TIDE;19682,92;295;30,0;2025-11-24;;
Oeste do Maranhão;20933,0;SANTA LUZIA DO TIDE;37806,59;549;50,0;2025-11-25;;
Oeste do Maranhão;20933,0;SANTA LUZIA DO TIDE;41198,04;595;35,0;2025-11-26;;
Oeste do Maranhão;20933,0;SANTA LUZIA DO TIDE;112926,47;2070;55,0;2025-11-27;;
Oeste do Maranhão;20933,0;SANTA LUZIA DO TIDE;30670,32;466;40,0;2025-11-28;;
Oeste do Maranhão;20933,0;SANTA LUZIA DO TIDE;26474,69;392;33,0;2025-11-29;;
Oeste do Maranhão;20933,0;SANTA LUZIA DO TIDE;5387,14;74;15,0;2025-11-30;;
Oeste do Maranhão;20933,0;SANTA LUZIA DO TIDE;26109,33;472;33,0;2025-12-01;;
Oeste do Maranhão;20933,0;SANTA LUZIA DO TIDE;36746,81;524;43,0;2025-12-02;;
Oeste do Maranhão;20933,0;SANTA LUZIA DO TIDE;22660,4;399;25,0;2025-12-03;;
Oeste do Maranhão;20933,0;SANTA LUZIA DO TIDE;29106,28;481;55,0;2025-12-04;;
Oeste do Maranhão;20933,0;SANTA LUZIA DO TIDE;16197,54;389;23,0;2025-12-05;;
Oeste do Maranhão;20933,0;SANTA LUZIA DO TIDE;18260,07;383;17,0;2025-12-06;;
Oeste do Maranhão;20933,0;SANTA LUZIA DO TIDE;34141,15;617;37,0;2025-12-08;;
Oeste do Maranhão;20933,0;SANTA LUZIA DO TIDE;27878,57;491;43,0;2025-12-09;;
Oeste do Maranhão;20933,0;SANTA LUZIA DO TIDE;16131,98;288;25,0;2025-12-10;;
Oeste do Maranhão;20933,0;SANTA LUZIA DO TIDE;37350,55;668;31,0;2025-12-11;;
Oeste do Maranhão;20933,0;SANTA LUZIA DO TIDE;28957,13;509;37,0;2025-12-12;;
Oeste do Maranhão;20933,0;SANTA LUZIA DO TIDE;17379,24;250;15,0;2025-12-13;;
Oeste do Maranhão;20933,0;SANTA LUZIA DO TIDE;24377,97;451;32,0;2025-12-15;;
Oeste do Maranhão;20933,0;SANTA LUZIA DO TIDE;35077,54;620;57,0;2025-12-16;;
Oeste do Maranhão;20933,0;SANTA LUZIA DO TIDE;21179,58;454;46,0;2025-12-17;;
Oeste do Maranhão;20933,0;SANTA LUZIA DO TIDE;17033,24;349;27,0;2025-12-18;;
Oeste do Maranhão;20933,0;SANTA LUZIA DO TIDE;29090,64;674;38,0;2025-12-19;;
Oeste do Maranhão;20933,0;SANTA LUZIA DO TIDE;14951,16;299;21,0;2025-12-20;;
Oeste do Maranhão;20933,0;SANTA LUZIA DO TIDE;2918,44;51;3,0;2025-12-21;;
Oeste do Maranhão;20933,0;SANTA LUZIA DO TIDE;39425,1;720;56,0;2025-12-22;;
Oeste do Maranhão;20933,0;SANTA LUZIA DO TIDE;19106,02;341;36,0;2025-12-23;;
Oeste do Maranhão;20933,0;SANTA LUZIA DO TIDE;21091,46;358;36,0;2025-12-24;;
Oeste do Maranhão;20933,0;SANTA LUZIA DO TIDE;51596,31;953;57,0;2025-12-26;;
Oeste do Maranhão;20933,0;SANTA LUZIA DO TIDE;21269,3;356;32,0;2025-12-27;;
Oeste do Maranhão;20933,0;SANTA LUZIA DO TIDE;45826,25;752;58,0;2025-12-29;;
Oeste do Maranhão;20933,0;SANTA LUZIA DO TIDE;38815,65;688;51,0;2025-12-30;;
Oeste do Maranhão;20933,0;SANTA LUZIA DO TIDE;24384,19;480;31,0;2025-12-31;;
RN Sul;23779,0;SANTO ANTÔNIO HÍBRIDA;28699,82;610;36,0;2025-09-01;;
RN Sul;23779,0;SANTO ANTÔNIO HÍBRIDA;22199,28;297;31,0;2025-09-02;;
RN Sul;23779,0;SANTO ANTÔNIO HÍBRIDA;10342,48;122;21,0;2025-09-03;;
RN Sul;23779,0;SANTO ANTÔNIO HÍBRIDA;12883,74;218;14,0;2025-09-04;;
RN Sul;23779,0;SANTO ANTÔNIO HÍBRIDA;42268,45;512;31,0;2025-09-05;;
RN Sul;23779,0;SANTO ANTÔNIO HÍBRIDA;20002,2;236;28,0;2025-09-06;;
RN Sul;23779,0;SANTO ANTÔNIO HÍBRIDA;12816,45;182;19,0;2025-09-08;;
RN Sul;23779,0;SANTO ANTÔNIO HÍBRIDA;15910,7;337;20,0;2025-09-09;;
RN Sul;23779,0;SANTO ANTÔNIO HÍBRIDA;20832,41;301;34,0;2025-09-10;;
RN Sul;23779,0;SANTO ANTÔNIO HÍBRIDA;8561,83;115;21,0;2025-09-11;;
RN Sul;23779,0;SANTO ANTÔNIO HÍBRIDA;11067,62;167;23,0;2025-09-12;;
RN Sul;23779,0;SANTO ANTÔNIO HÍBRIDA;15505,24;203;28,0;2025-09-13;;
RN Sul;23779,0;SANTO ANTÔNIO HÍBRIDA;12736,76;243;19,0;2025-09-15;;
RN Sul;23779,0;SANTO ANTÔNIO HÍBRIDA;12762,11;196;21,0;2025-09-16;;
RN Sul;23779,0;SANTO ANTÔNIO HÍBRIDA;16057,24;372;22,0;2025-09-17;;
RN Sul;23779,0;SANTO ANTÔNIO HÍBRIDA;5915,9;108;14,0;2025-09-18;;
RN Sul;23779,0;SANTO ANTÔNIO HÍBRIDA;16716,27;219;21,0;2025-09-19;;
RN Sul;23779,0;SANTO ANTÔNIO HÍBRIDA;20175,65;304;27,0;2025-09-20;;
RN Sul;23779,0;SANTO ANTÔNIO HÍBRIDA;47010,71;787;27,0;2025-09-22;;
RN Sul;23779,0;SANTO ANTÔNIO HÍBRIDA;16041,63;347;24,0;2025-09-23;;
RN Sul;23779,0;SANTO ANTÔNIO HÍBRIDA;22562,49;513;25,0;2025-09-24;;
RN Sul;23779,0;SANTO ANTÔNIO HÍBRIDA;15062,85;388;25,0;2025-09-25;;
RN Sul;23779,0;SANTO ANTÔNIO HÍBRIDA;44201,75;549;20,0;2025-09-26;;
RN Sul;23779,0;SANTO ANTÔNIO HÍBRIDA;19561,7;355;28,0;2025-09-27;;
RN Sul;23779,0;SANTO ANTÔNIO HÍBRIDA;4954,15;110;11,0;2025-09-29;;
RN Sul;23779,0;SANTO ANTÔNIO HÍBRIDA;13837,91;241;18,0;2025-09-30;;
RN Sul;23779,0;SANTO ANTÔNIO HÍBRIDA;16259,8;285;18,0;2025-10-01;;
RN Sul;23779,0;SANTO ANTÔNIO HÍBRIDA;7519,74;145;12,0;2025-10-02;;
RN Sul;23779,0;SANTO ANTÔNIO HÍBRIDA;40726,12;457;24,0;2025-10-03;;
RN Sul;23779,0;SANTO ANTÔNIO HÍBRIDA;24783,8;361;29,0;2025-10-04;;
RN Sul;23779,0;SANTO ANTÔNIO HÍBRIDA;8872,32;202;17,0;2025-10-06;;
RN Sul;23779,0;SANTO ANTÔNIO HÍBRIDA;19676,78;318;19,0;2025-10-07;;
RN Sul;23779,0;SANTO ANTÔNIO HÍBRIDA;18076,43;282;18,0;2025-10-08;;
RN Sul;23779,0;SANTO ANTÔNIO HÍBRIDA;15318,48;335;20,0;2025-10-09;;
RN Sul;23779,0;SANTO ANTÔNIO HÍBRIDA;10352,68;226;16,0;2025-10-10;;
RN Sul;23779,0;SANTO ANTÔNIO HÍBRIDA;10754,46;248;24,0;2025-10-11;;
RN Sul;23779,0;SANTO ANTÔNIO HÍBRIDA;21906,5;614;26,0;2025-10-13;;
RN Sul;23779,0;SANTO ANTÔNIO HÍBRIDA;12580,36;269;21,0;2025-10-14;;
RN Sul;23779,0;SANTO ANTÔNIO HÍBRIDA;11225,2;271;16,0;2025-10-15;;
RN Sul;23779,0;SANTO ANTÔNIO HÍBRIDA;11035,59;235;15,0;2025-10-16;;
RN Sul;23779,0;SANTO ANTÔNIO HÍBRIDA;10060,97;191;12,0;2025-10-17;;
RN Sul;23779,0;SANTO ANTÔNIO HÍBRIDA;10542,95;182;18,0;2025-10-18;;
RN Sul;23779,0;SANTO ANTÔNIO HÍBRIDA;7840,05;145;13,0;2025-10-20;;
RN Sul;23779,0;SANTO ANTÔNIO HÍBRIDA;13361,41;276;18,0;2025-10-21;;
RN Sul;23779,0;SANTO ANTÔNIO HÍBRIDA;13568,86;309;19,0;2025-10-22;;
RN Sul;23779,0;SANTO ANTÔNIO HÍBRIDA;10440,31;206;20,0;2025-10-23;;
RN Sul;23779,0;SANTO ANTÔNIO HÍBRIDA;14897,04;267;22,0;2025-10-24;;
RN Sul;23779,0;SANTO ANTÔNIO HÍBRIDA;15635,01;235;17,0;2025-10-25;;
RN Sul;23779,0;SANTO ANTÔNIO HÍBRIDA;15101,84;219;16,0;2025-10-27;;
RN Sul;23779,0;SANTO ANTÔNIO HÍBRIDA;13904,21;191;25,0;2025-10-28;;
RN Sul;23779,0;SANTO ANTÔNIO HÍBRIDA;16826,93;440;9,0;2025-10-29;;
RN Sul;23779,0;SANTO ANTÔNIO HÍBRIDA;18371,56;314;29,0;2025-10-30;;
RN Sul;23779,0;SANTO ANTÔNIO HÍBRIDA;25181,65;413;32,0;2025-10-31;;
RN Sul;23779,0;SANTO ANTÔNIO HÍBRIDA;5781,3;128;16,0;2025-11-01;;
RN Sul;23779,0;SANTO ANTÔNIO HÍBRIDA;33211,35;625;35,0;2025-11-03;;
RN Sul;23779,0;SANTO ANTÔNIO HÍBRIDA;18661,55;334;28,0;2025-11-04;;
RN Sul;23779,0;SANTO ANTÔNIO HÍBRIDA;27924,44;481;31,0;2025-11-05;;
RN Sul;23779,0;SANTO ANTÔNIO HÍBRIDA;22332,71;412;31,0;2025-11-06;;
RN Sul;23779,0;SANTO ANTÔNIO HÍBRIDA;15167,4;242;28,0;2025-11-07;;
RN Sul;23779,0;SANTO ANTÔNIO HÍBRIDA;12208,81;267;26,0;2025-11-08;;
RN Sul;23779,0;SANTO ANTÔNIO HÍBRIDA;9670,37;152;15,0;2025-11-10;;
RN Sul;23779,0;SANTO ANTÔNIO HÍBRIDA;5362,51;116;13,0;2025-11-11;;
RN Sul;23779,0;SANTO ANTÔNIO HÍBRIDA;12761,82;200;16,0;2025-11-12;;
RN Sul;23779,0;SANTO ANTÔNIO HÍBRIDA;15044,97;356;17,0;2025-11-13;;
RN Sul;23779,0;SANTO ANTÔNIO HÍBRIDA;8051,05;196;16,0;2025-11-14;;
RN Sul;23779,0;SANTO ANTÔNIO HÍBRIDA;11350,31;251;18,0;2025-11-15;;
RN Sul;23779,0;SANTO ANTÔNIO HÍBRIDA;2541,08;37;3,0;2025-11-16;;
RN Sul;23779,0;SANTO ANTÔNIO HÍBRIDA;12714,09;210;19,0;2025-11-17;;
RN Sul;23779,0;SANTO ANTÔNIO HÍBRIDA;10975,75;199;20,0;2025-11-18;;
RN Sul;23779,0;SANTO ANTÔNIO HÍBRIDA;17323,16;317;31,0;2025-11-19;;
RN Sul;23779,0;SANTO ANTÔNIO HÍBRIDA;19516,58;341;24,0;2025-11-20;;
RN Sul;23779,0;SANTO ANTÔNIO HÍBRIDA;33034,6;514;39,0;2025-11-21;;
RN Sul;23779,0;SANTO ANTÔNIO HÍBRIDA;12547,89;223;23,0;2025-11-22;;
RN Sul;23779,0;SANTO ANTÔNIO HÍBRIDA;149,11;2;1,0;2025-11-23;;
RN Sul;23779,0;SANTO ANTÔNIO HÍBRIDA;15030,22;225;26,0;2025-11-24;;
RN Sul;23779,0;SANTO ANTÔNIO HÍBRIDA;15766,28;270;24,0;2025-11-25;;
RN Sul;23779,0;SANTO ANTÔNIO HÍBRIDA;8305,73;184;11,0;2025-11-26;;
RN Sul;23779,0;SANTO ANTÔNIO HÍBRIDA;58632,89;1130;52,0;2025-11-27;;
RN Sul;23779,0;SANTO ANTÔNIO HÍBRIDA;20928,95;322;35,0;2025-11-28;;
RN Sul;23779,0;SANTO ANTÔNIO HÍBRIDA;17198,38;254;21,0;2025-11-29;;
RN Sul;23779,0;SANTO ANTÔNIO HÍBRIDA;8594,89;102;9,0;2025-11-30;;
RN Sul;23779,0;SANTO ANTÔNIO HÍBRIDA;15782,24;342;25,0;2025-12-01;;
RN Sul;23779,0;SANTO ANTÔNIO HÍBRIDA;10798,24;248;19,0;2025-12-02;;
RN Sul;23779,0;SANTO ANTÔNIO HÍBRIDA;10176,87;207;19,0;2025-12-03;;
RN Sul;23779,0;SANTO ANTÔNIO HÍBRIDA;8304,41;223;13,0;2025-12-04;;
RN Sul;23779,0;SANTO ANTÔNIO HÍBRIDA;9832,24;328;12,0;2025-12-05;;
RN Sul;23779,0;SANTO ANTÔNIO HÍBRIDA;13118,55;333;17,0;2025-12-06;;
RN Sul;23779,0;SANTO ANTÔNIO HÍBRIDA;4647,33;72;7,0;2025-12-08;;
RN Sul;23779,0;SANTO ANTÔNIO HÍBRIDA;5311,77;110;12,0;2025-12-09;;
RN Sul;23779,0;SANTO ANTÔNIO HÍBRIDA;9834,88;238;16,0;2025-12-10;;
RN Sul;23779,0;SANTO ANTÔNIO HÍBRIDA;13381,68;367;22,0;2025-12-11;;
RN Sul;23779,0;SANTO ANTÔNIO HÍBRIDA;13545,18;252;20,0;2025-12-12;;
RN Sul;23779,0;SANTO ANTÔNIO HÍBRIDA;11449,55;260;25,0;2025-12-13;;
RN Sul;23779,0;SANTO ANTÔNIO HÍBRIDA;8278,59;184;15,0;2025-12-15;;
RN Sul;23779,0;SANTO ANTÔNIO HÍBRIDA;6782,44;162;18,0;2025-12-16;;
RN Sul;23779,0;SANTO ANTÔNIO HÍBRIDA;11293,0;246;17,0;2025-12-17;;
RN Sul;23779,0;SANTO ANTÔNIO HÍBRIDA;12988,29;283;12,0;2025-12-18;;
RN Sul;23779,0;SANTO ANTÔNIO HÍBRIDA;14991,13;271;16,0;2025-12-19;;
RN Sul;23779,0;SANTO ANTÔNIO HÍBRIDA;16507,19;305;22,0;2025-12-20;;
RN Sul;23779,0;SANTO ANTÔNIO HÍBRIDA;8443,05;149;9,0;2025-12-21;;
RN Sul;23779,0;SANTO ANTÔNIO HÍBRIDA;13740,61;194;16,0;2025-12-22;;
RN Sul;23779,0;SANTO ANTÔNIO HÍBRIDA;10594,33;244;22,0;2025-12-23;;
RN Sul;23779,0;SANTO ANTÔNIO HÍBRIDA;11725,57;213;18,0;2025-12-24;;
RN Sul;23779,0;SANTO ANTÔNIO HÍBRIDA;22546,28;518;23,0;2025-12-26;;
RN Sul;23779,0;SANTO ANTÔNIO HÍBRIDA;24403,71;408;24,0;2025-12-27;;
RN Sul;23779,0;SANTO ANTÔNIO HÍBRIDA;8528,91;147;13,0;2025-12-28;;
RN Sul;23779,0;SANTO ANTÔNIO HÍBRIDA;28093,32;579;27,0;2025-12-29;;
RN Sul;23779,0;SANTO ANTÔNIO HÍBRIDA;23690,26;473;32,0;2025-12-30;;
RN Sul;23779,0;SANTO ANTÔNIO HÍBRIDA;8329,89;132;19,0;2025-12-31;;
Oeste do Ceará;21365,0;SÃO GONÇALO CE;3410,45;61;7,0;2025-01-02;;
Oeste do Ceará;21365,0;SÃO GONÇALO CE;8458,9;232;10,0;2025-01-03;;
Oeste do Ceará;21365,0;SÃO GONÇALO CE;11654,95;243;16,0;2025-01-04;;
Oeste do Ceará;21365,0;SÃO GONÇALO CE;10175,31;161;12,0;2025-01-06;;
Oeste do Ceará;21365,0;SÃO GONÇALO CE;8728,06;163;19,0;2025-01-07;;
Oeste do Ceará;21365,0;SÃO GONÇALO CE;9684,42;149;17,0;2025-01-08;;
Oeste do Ceará;21365,0;SÃO GONÇALO CE;5415,8;108;10,0;2025-01-09;;
Oeste do Ceará;21365,0;SÃO GONÇALO CE;12316,7;227;17,0;2025-01-10;;
Oeste do Ceará;21365,0;SÃO GONÇALO CE;4043,66;72;10,0;2025-01-11;;
Oeste do Ceará;21365,0;SÃO GONÇALO CE;5893,88;93;12,0;2025-01-13;;
Oeste do Ceará;21365,0;SÃO GONÇALO CE;6612,09;123;17,0;2025-01-14;;
Oeste do Ceará;21365,0;SÃO GONÇALO CE;4012,96;71;12,0;2025-01-15;;
Oeste do Ceará;21365,0;SÃO GONÇALO CE;19861,42;236;35,0;2025-01-16;;
Oeste do Ceará;21365,0;SÃO GONÇALO CE;22489,69;279;26,0;2025-01-17;;
Oeste do Ceará;21365,0;SÃO GONÇALO CE;14394,32;169;17,0;2025-01-18;;
Oeste do Ceará;21365,0;SÃO GONÇALO CE;11017,87;187;23,0;2025-01-20;;
Oeste do Ceará;21365,0;SÃO GONÇALO CE;17582,51;291;31,0;2025-01-21;;
Oeste do Ceará;21365,0;SÃO GONÇALO CE;4462,43;71;12,0;2025-01-22;;
Oeste do Ceará;21365,0;SÃO GONÇALO CE;14114,83;244;18,0;2025-01-23;;
Oeste do Ceará;21365,0;SÃO GONÇALO CE;15483,42;259;18,0;2025-01-24;;
Oeste do Ceará;21365,0;SÃO GONÇALO CE;3677,7;73;9,0;2025-01-25;;
Oeste do Ceará;21365,0;SÃO GONÇALO CE;3374,13;72;9,0;2025-01-26;;
Oeste do Ceará;21365,0;SÃO GONÇALO CE;6024,0;85;8,0;2025-01-27;;
Oeste do Ceará;21365,0;SÃO GONÇALO CE;3596,76;74;14,0;2025-01-28;;
Oeste do Ceará;21365,0;SÃO GONÇALO CE;3741,82;58;8,0;2025-01-29;;
Oeste do Ceará;21365,0;SÃO GONÇALO CE;9940,5;145;14,0;2025-01-30;;
Oeste do Ceará;21365,0;SÃO GONÇALO CE;8773,97;134;17,0;2025-01-31;;
Oeste do Ceará;21365,0;SÃO GONÇALO CE;6746,67;117;12,0;2025-02-01;;
Oeste do Ceará;21365,0;SÃO GONÇALO CE;7255,76;102;15,0;2025-02-03;;
Oeste do Ceará;21365,0;SÃO GONÇALO CE;6799,69;111;19,0;2025-02-04;;
Oeste do Ceará;21365,0;SÃO GONÇALO CE;14526,64;241;23,0;2025-02-05;;
Oeste do Ceará;21365,0;SÃO GONÇALO CE;12952,51;242;18,0;2025-02-06;;
Oeste do Ceará;21365,0;SÃO GONÇALO CE;16191,99;283;26,0;2025-02-07;;
Oeste do Ceará;21365,0;SÃO GONÇALO CE;9486,25;165;17,0;2025-02-08;;
Oeste do Ceará;21365,0;SÃO GONÇALO CE;20933,55;279;26,0;2025-02-10;;
Oeste do Ceará;21365,0;SÃO GONÇALO CE;14716,05;225;28,0;2025-02-11;;
Oeste do Ceará;21365,0;SÃO GONÇALO CE;9197,48;179;23,0;2025-02-12;;
Oeste do Ceará;21365,0;SÃO GONÇALO CE;8604,79;158;18,0;2025-02-13;;
Oeste do Ceará;21365,0;SÃO GONÇALO CE;10312,53;163;16,0;2025-02-14;;
Oeste do Ceará;21365,0;SÃO GONÇALO CE;3955,94;79;10,0;2025-02-15;;
Oeste do Ceará;21365,0;SÃO GONÇALO CE;6552,95;124;11,0;2025-02-17;;
Oeste do Ceará;21365,0;SÃO GONÇALO CE;6360,04;123;10,0;2025-02-18;;
Oeste do Ceará;21365,0;SÃO GONÇALO CE;9663,41;149;12,0;2025-02-19;;
Oeste do Ceará;21365,0;SÃO GONÇALO CE;5586,49;96;10,0;2025-02-20;;
Oeste do Ceará;21365,0;SÃO GONÇALO CE;8929,61;173;14,0;2025-02-21;;
Oeste do Ceará;21365,0;SÃO GONÇALO CE;3850,64;80;10,0;2025-02-22;;
Oeste do Ceará;21365,0;SÃO GONÇALO CE;4115,23;68;7,0;2025-02-23;;
Oeste do Ceará;21365,0;SÃO GONÇALO CE;7184,17;204;13,0;2025-02-24;;
Oeste do Ceará;21365,0;SÃO GONÇALO CE;10582,35;198;19,0;2025-02-25;;
Oeste do Ceará;21365,0;SÃO GONÇALO CE;12097,46;222;27,0;2025-02-26;;
Oeste do Ceará;21365,0;SÃO GONÇALO CE;11169,52;196;21,0;2025-02-27;;
Oeste do Ceará;21365,0;SÃO GONÇALO CE;7538,52;127;24,0;2025-02-28;;
Oeste do Ceará;21365,0;SÃO GONÇALO CE;5371,92;88;10,0;2025-03-01;;
Oeste do Ceará;21365,0;SÃO GONÇALO CE;6453,77;118;11,0;2025-03-05;;
Oeste do Ceará;21365,0;SÃO GONÇALO CE;16407,69;261;27,0;2025-03-06;;
Oeste do Ceará;21365,0;SÃO GONÇALO CE;16294,47;282;19,0;2025-03-07;;
Oeste do Ceará;21365,0;SÃO GONÇALO CE;10773,66;208;21,0;2025-03-08;;
Oeste do Ceará;21365,0;SÃO GONÇALO CE;13806,96;291;29,0;2025-03-10;;
Oeste do Ceará;21365,0;SÃO GONÇALO CE;13317,59;273;21,0;2025-03-11;;
Oeste do Ceará;21365,0;SÃO GONÇALO CE;31107,89;415;27,0;2025-03-12;;
Oeste do Ceará;21365,0;SÃO GONÇALO CE;9160,32;161;13,0;2025-03-13;;
Oeste do Ceará;21365,0;SÃO GONÇALO CE;49683,48;587;33,0;2025-03-14;;
Oeste do Ceará;21365,0;SÃO GONÇALO CE;9751,22;152;15,0;2025-03-15;;
Oeste do Ceará;21365,0;SÃO GONÇALO CE;11757,02;163;12,0;2025-03-17;;
Oeste do Ceará;21365,0;SÃO GONÇALO CE;6426,6;99;15,0;2025-03-18;;
Oeste do Ceará;21365,0;SÃO GONÇALO CE;3896,49;93;11,0;2025-03-19;;
Oeste do Ceará;21365,0;SÃO GONÇALO CE;9333,96;145;17,0;2025-03-20;;
Oeste do Ceará;21365,0;SÃO GONÇALO CE;11657,03;140;25,0;2025-03-21;;
Oeste do Ceará;21365,0;SÃO GONÇALO CE;8210,92;111;12,0;2025-03-22;;
Oeste do Ceará;21365,0;SÃO GONÇALO CE;1370,92;11;2,0;2025-03-23;;
Oeste do Ceará;21365,0;SÃO GONÇALO CE;11995,59;148;16,0;2025-03-24;;
Oeste do Ceará;21365,0;SÃO GONÇALO CE;9284,99;140;12,0;2025-03-25;;
Oeste do Ceará;21365,0;SÃO GONÇALO CE;15161,8;235;15,0;2025-03-26;;
Oeste do Ceará;21365,0;SÃO GONÇALO CE;11945,99;188;14,0;2025-03-27;;
Oeste do Ceará;21365,0;SÃO GONÇALO CE;11971,1;181;21,0;2025-03-28;;
Oeste do Ceará;21365,0;SÃO GONÇALO CE;9332,8;143;15,0;2025-03-29;;
Oeste do Ceará;21365,0;SÃO GONÇALO CE;7681,35;92;13,0;2025-03-30;;
Oeste do Ceará;21365,0;SÃO GONÇALO CE;28166,44;355;34,0;2025-03-31;;
Oeste do Ceará;21365,0;SÃO GONÇALO CE;5398,04;99;12,0;2025-04-01;;
Oeste do Ceará;21365,0;SÃO GONÇALO CE;8088,5;135;22,0;2025-04-02;;
Oeste do Ceará;21365,0;SÃO GONÇALO CE;6886,27;126;14,0;2025-04-03;;
Oeste do Ceará;21365,0;SÃO GONÇALO CE;8846,73;169;18,0;2025-04-04;;
Oeste do Ceará;21365,0;SÃO GONÇALO CE;11444,63;225;20,0;2025-04-05;;
Oeste do Ceará;21365,0;SÃO GONÇALO CE;5993,87;103;13,0;2025-04-07;;
Oeste do Ceará;21365,0;SÃO GONÇALO CE;5275,42;63;8,0;2025-04-08;;
Oeste do Ceará;21365,0;SÃO GONÇALO CE;12623,7;169;20,0;2025-04-09;;
Oeste do Ceará;21365,0;SÃO GONÇALO CE;12790,77;167;17,0;2025-04-10;;
Oeste do Ceará;21365,0;SÃO GONÇALO CE;9796,22;144;17,0;2025-04-11;;
Oeste do Ceará;21365,0;SÃO GONÇALO CE;11747,21;144;20,0;2025-04-12;;
Oeste do Ceará;21365,0;SÃO GONÇALO CE;12070,99;191;26,0;2025-04-14;;
Oeste do Ceará;21365,0;SÃO GONÇALO CE;23244,67;371;40,0;2025-04-15;;
Oeste do Ceará;21365,0;SÃO GONÇALO CE;12191,07;184;26,0;2025-04-16;;
Oeste do Ceará;21365,0;SÃO GONÇALO CE;11504,32;191;21,0;2025-04-17;;
Oeste do Ceará;21365,0;SÃO GONÇALO CE;10428,36;187;18,0;2025-04-19;;
Oeste do Ceará;21365,0;SÃO GONÇALO CE;5506,51;90;10,0;2025-04-21;;
Oeste do Ceará;21365,0;SÃO GONÇALO CE;13434,91;188;23,0;2025-04-22;;
Oeste do Ceará;21365,0;SÃO GONÇALO CE;12261,39;238;22,0;2025-04-23;;
Oeste do Ceará;21365,0;SÃO GONÇALO CE;19017,4;301;29,0;2025-04-24;;
Oeste do Ceará;21365,0;SÃO GONÇALO CE;15243,5;240;21,0;2025-04-25;;
Oeste do Ceará;21365,0;SÃO GONÇALO CE;8412,7;111;17,0;2025-04-26;;
Oeste do Ceará;21365,0;SÃO GONÇALO CE;6724,17;86;15,0;2025-04-28;;
Oeste do Ceará;21365,0;SÃO GONÇALO CE;10042,67;158;22,0;2025-04-29;;
Oeste do Ceará;21365,0;SÃO GONÇALO CE;10303,01;162;16,0;2025-04-30;;
Oeste do Ceará;21365,0;SÃO GONÇALO CE;5183,02;86;10,0;2025-05-01;;
Oeste do Ceará;21365,0;SÃO GONÇALO CE;11665,4;174;24,0;2025-05-02;;
Oeste do Ceará;21365,0;SÃO GONÇALO CE;9795,78;137;21,0;2025-05-03;;
Oeste do Ceará;21365,0;SÃO GONÇALO CE;632,66;6;2,0;2025-05-04;;
Oeste do Ceará;21365,0;SÃO GONÇALO CE;13333,44;163;23,0;2025-05-05;;
Oeste do Ceará;21365,0;SÃO GONÇALO CE;26335,81;297;33,0;2025-05-06;;
Oeste do Ceará;21365,0;SÃO GONÇALO CE;21282,45;228;33,0;2025-05-07;;
Oeste do Ceará;21365,0;SÃO GONÇALO CE;14399,45;179;29,0;2025-05-08;;
Oeste do Ceará;21365,0;SÃO GONÇALO CE;19713,69;272;38,0;2025-05-09;;
Oeste do Ceará;21365,0;SÃO GONÇALO CE;8920,59;118;24,0;2025-05-10;;
Oeste do Ceará;21365,0;SÃO GONÇALO CE;2316,18;37;11,0;2025-05-11;;
Oeste do Ceará;21365,0;SÃO GONÇALO CE;13300,92;214;23,0;2025-05-12;;
Oeste do Ceará;21365,0;SÃO GONÇALO CE;13167,02;200;28,0;2025-05-13;;
Oeste do Ceará;21365,0;SÃO GONÇALO CE;26122,26;475;41,0;2025-05-14;;
Oeste do Ceará;21365,0;SÃO GONÇALO CE;10452,05;192;20,0;2025-05-15;;
Oeste do Ceará;21365,0;SÃO GONÇALO CE;9208,18;166;18,0;2025-05-16;;
Oeste do Ceará;21365,0;SÃO GONÇALO CE;3145,35;42;9,0;2025-05-17;;
Oeste do Ceará;21365,0;SÃO GONÇALO CE;20874,93;295;32,0;2025-05-19;;
Oeste do Ceará;21365,0;SÃO GONÇALO CE;18763,54;286;29,0;2025-05-20;;
Oeste do Ceará;21365,0;SÃO GONÇALO CE;26187,22;390;42,0;2025-05-21;;
Oeste do Ceará;21365,0;SÃO GONÇALO CE;29164,43;457;41,0;2025-05-22;;
Oeste do Ceará;21365,0;SÃO GONÇALO CE;16008,54;257;33,0;2025-05-23;;
Oeste do Ceará;21365,0;SÃO GONÇALO CE;16322,16;239;22,0;2025-05-24;;
Oeste do Ceará;21365,0;SÃO GONÇALO CE;12853,59;215;23,0;2025-05-26;;
Oeste do Ceará;21365,0;SÃO GONÇALO CE;8184,72;139;18,0;2025-05-27;;
Oeste do Ceará;21365,0;SÃO GONÇALO CE;14403,5;249;29,0;2025-05-28;;
Oeste do Ceará;21365,0;SÃO GONÇALO CE;16258,79;242;24,0;2025-05-29;;
Oeste do Ceará;21365,0;SÃO GONÇALO CE;7620,46;138;13,0;2025-05-30;;
Oeste do Ceará;21365,0;SÃO GONÇALO CE;5628,82;82;11,0;2025-05-31;;
Oeste do Ceará;21365,0;SÃO GONÇALO CE;5832,49;98;13,0;2025-06-02;;
Oeste do Ceará;21365,0;SÃO GONÇALO CE;9745,11;170;21,0;2025-06-03;;
Oeste do Ceará;21365,0;SÃO GONÇALO CE;5581,09;109;13,0;2025-06-04;;
Oeste do Ceará;21365,0;SÃO GONÇALO CE;13443,76;234;17,0;2025-06-05;;
Oeste do Ceará;21365,0;SÃO GONÇALO CE;10067,99;192;18,0;2025-06-06;;
Oeste do Ceará;21365,0;SÃO GONÇALO CE;7357,06;135;12,0;2025-06-07;;
Oeste do Ceará;21365,0;SÃO GONÇALO CE;10653,94;176;19,0;2025-06-09;;
Oeste do Ceará;21365,0;SÃO GONÇALO CE;13804,27;246;24,0;2025-06-10;;
Oeste do Ceará;21365,0;SÃO GONÇALO CE;17090,96;237;29,0;2025-06-11;;
Oeste do Ceará;21365,0;SÃO GONÇALO CE;11345,16;146;31,0;2025-06-12;;
Oeste do Ceará;21365,0;SÃO GONÇALO CE;30306,28;560;44,0;2025-06-13;;
Oeste do Ceará;21365,0;SÃO GONÇALO CE;13161,61;255;23,0;2025-06-14;;
Oeste do Ceará;21365,0;SÃO GONÇALO CE;8971,99;120;21,0;2025-06-16;;
Oeste do Ceará;21365,0;SÃO GONÇALO CE;14240,84;197;25,0;2025-06-17;;
Oeste do Ceará;21365,0;SÃO GONÇALO CE;12361,23;161;19,0;2025-06-18;;
Oeste do Ceará;21365,0;SÃO GONÇALO CE;10674,25;175;17,0;2025-06-19;;
Oeste do Ceará;21365,0;SÃO GONÇALO CE;13016,55;228;22,0;2025-06-20;;
Oeste do Ceará;21365,0;SÃO GONÇALO CE;6864,9;112;16,0;2025-06-21;;
Oeste do Ceará;21365,0;SÃO GONÇALO CE;22963,4;216;27,0;2025-06-23;;
Oeste do Ceará;21365,0;SÃO GONÇALO CE;12460,31;105;16,0;2025-06-24;;
Oeste do Ceará;21365,0;SÃO GONÇALO CE;11085,68;146;23,0;2025-06-25;;
Oeste do Ceará;21365,0;SÃO GONÇALO CE;14441,39;169;17,0;2025-06-26;;
Oeste do Ceará;21365,0;SÃO GONÇALO CE;11274,89;151;22,0;2025-06-27;;
Oeste do Ceará;21365,0;SÃO GONÇALO CE;8232,58;120;17,0;2025-06-28;;
Oeste do Ceará;21365,0;SÃO GONÇALO CE;18093,77;326;35,0;2025-06-30;;
Oeste do Ceará;21365,0;SÃO GONÇALO CE;12421,32;234;18,0;2025-07-01;;
Oeste do Ceará;21365,0;SÃO GONÇALO CE;10688,49;155;16,0;2025-07-02;;
Oeste do Ceará;21365,0;SÃO GONÇALO CE;15630,45;232;22,0;2025-07-03;;
Oeste do Ceará;21365,0;SÃO GONÇALO CE;6166,89;140;21,0;2025-07-04;;
Oeste do Ceará;21365,0;SÃO GONÇALO CE;6403,67;130;8,0;2025-07-05;;
Oeste do Ceará;21365,0;SÃO GONÇALO CE;8380,73;127;20,0;2025-07-07;;
Oeste do Ceará;21365,0;SÃO GONÇALO CE;4959,69;85;15,0;2025-07-08;;
Oeste do Ceará;21365,0;SÃO GONÇALO CE;9257,95;113;14,0;2025-07-09;;
Oeste do Ceará;21365,0;SÃO GONÇALO CE;5670,96;78;17,0;2025-07-10;;
Oeste do Ceará;21365,0;SÃO GONÇALO CE;4342,66;71;13,0;2025-07-11;;
Oeste do Ceará;21365,0;SÃO GONÇALO CE;5543,37;89;17,0;2025-07-12;;
Oeste do Ceará;21365,0;SÃO GONÇALO CE;2446,64;38;7,0;2025-07-14;;
Oeste do Ceará;21365,0;SÃO GONÇALO CE;6675,9;98;13,0;2025-07-15;;
Oeste do Ceará;21365,0;SÃO GONÇALO CE;6950,5;95;15,0;2025-07-16;;
Oeste do Ceará;21365,0;SÃO GONÇALO CE;2020,57;26;5,0;2025-07-17;;
Oeste do Ceará;21365,0;SÃO GONÇALO CE;4933,58;64;13,0;2025-07-18;;
Oeste do Ceará;21365,0;SÃO GONÇALO CE;10678,78;134;24,0;2025-07-19;;
Oeste do Ceará;21365,0;SÃO GONÇALO CE;15822,97;367;29,0;2025-07-21;;
Oeste do Ceará;21365,0;SÃO GONÇALO CE;13855,59;333;22,0;2025-07-22;;
Oeste do Ceará;21365,0;SÃO GONÇALO CE;15219,2;348;26,0;2025-07-23;;
Oeste do Ceará;21365,0;SÃO GONÇALO CE;12639,87;280;22,0;2025-07-24;;
Oeste do Ceará;21365,0;SÃO GONÇALO CE;15016,49;306;25,0;2025-07-25;;
Oeste do Ceará;21365,0;SÃO GONÇALO CE;11577,12;211;14,0;2025-07-26;;
Oeste do Ceará;21365,0;SÃO GONÇALO CE;10678,6;243;25,0;2025-07-28;;
Oeste do Ceará;21365,0;SÃO GONÇALO CE;10065,53;154;16,0;2025-07-29;;
Oeste do Ceará;21365,0;SÃO GONÇALO CE;6943,04;142;14,0;2025-07-30;;
Oeste do Ceará;21365,0;SÃO GONÇALO CE;6264,7;137;11,0;2025-07-31;;
Oeste do Ceará;21365,0;SÃO GONÇALO CE;14192,51;264;21,0;2025-08-01;;
Oeste do Ceará;21365,0;SÃO GONÇALO CE;5949,01;131;16,0;2025-08-02;;
Oeste do Ceará;21365,0;SÃO GONÇALO CE;16428,65;245;22,0;2025-08-04;;
Oeste do Ceará;21365,0;SÃO GONÇALO CE;16906,36;233;20,0;2025-08-05;;
Oeste do Ceará;21365,0;SÃO GONÇALO CE;10895,41;158;18,0;2025-08-06;;
Oeste do Ceará;21365,0;SÃO GONÇALO CE;23493,9;405;24,0;2025-08-07;;
Oeste do Ceará;21365,0;SÃO GONÇALO CE;17009,75;272;29,0;2025-08-08;;
Oeste do Ceará;21365,0;SÃO GONÇALO CE;20259,64;296;37,0;2025-08-09;;
Oeste do Ceará;21365,0;SÃO GONÇALO CE;2493,09;30;6,0;2025-08-10;;
Oeste do Ceará;21365,0;SÃO GONÇALO CE;11127,21;255;25,0;2025-08-11;;
Oeste do Ceará;21365,0;SÃO GONÇALO CE;16300,98;309;22,0;2025-08-12;;
Oeste do Ceará;21365,0;SÃO GONÇALO CE;11670,52;302;26,0;2025-08-13;;
Oeste do Ceará;21365,0;SÃO GONÇALO CE;14458,92;286;28,0;2025-08-14;;
Oeste do Ceará;21365,0;SÃO GONÇALO CE;7970,37;155;17,0;2025-08-15;;
Oeste do Ceará;21365,0;SÃO GONÇALO CE;10508,79;175;19,0;2025-08-16;;
Oeste do Ceará;21365,0;SÃO GONÇALO CE;10801,31;197;16,0;2025-08-18;;
Oeste do Ceará;21365,0;SÃO GONÇALO CE;9258,54;170;14,0;2025-08-19;;
Oeste do Ceará;21365,0;SÃO GONÇALO CE;12520,75;223;28,0;2025-08-20;;
Oeste do Ceará;21365,0;SÃO GONÇALO CE;9912,04;196;22,0;2025-08-21;;
Oeste do Ceará;21365,0;SÃO GONÇALO CE;7564,72;150;18,0;2025-08-22;;
Oeste do Ceará;21365,0;SÃO GONÇALO CE;8338,84;152;14,0;2025-08-23;;
Oeste do Ceará;21365,0;SÃO GONÇALO CE;11117,32;205;23,0;2025-08-25;;
Oeste do Ceará;21365,0;SÃO GONÇALO CE;6696,98;110;16,0;2025-08-26;;
Oeste do Ceará;21365,0;SÃO GONÇALO CE;19758,98;322;31,0;2025-08-27;;
Oeste do Ceará;21365,0;SÃO GONÇALO CE;8001,51;142;20,0;2025-08-28;;
Oeste do Ceará;21365,0;SÃO GONÇALO CE;17785,03;332;31,0;2025-08-29;;
Oeste do Ceará;21365,0;SÃO GONÇALO CE;11670,64;233;27,0;2025-08-30;;
Oeste do Ceará;21365,0;SÃO GONÇALO CE;2864,07;59;9,0;2025-08-31;;
Oeste do Ceará;21365,0;SÃO GONÇALO CE;3540,8;72;9,0;2025-09-01;;
Oeste do Ceará;21365,0;SÃO GONÇALO CE;14348,66;312;17,0;2025-09-02;;
Oeste do Ceará;21365,0;SÃO GONÇALO CE;9215,77;232;21,0;2025-09-03;;
Oeste do Ceará;21365,0;SÃO GONÇALO CE;15234,24;303;23,0;2025-09-04;;
Oeste do Ceará;21365,0;SÃO GONÇALO CE;31763,53;523;44,0;2025-09-05;;
Oeste do Ceará;21365,0;SÃO GONÇALO CE;23675,7;363;30,0;2025-09-06;;
Oeste do Ceará;21365,0;SÃO GONÇALO CE;21311,42;306;30,0;2025-09-08;;
Oeste do Ceará;21365,0;SÃO GONÇALO CE;10455,65;188;22,0;2025-09-09;;
Oeste do Ceará;21365,0;SÃO GONÇALO CE;14951,02;236;21,0;2025-09-10;;
Oeste do Ceará;21365,0;SÃO GONÇALO CE;24767,58;360;28,0;2025-09-11;;
Oeste do Ceará;21365,0;SÃO GONÇALO CE;14111,71;211;25,0;2025-09-12;;
Oeste do Ceará;21365,0;SÃO GONÇALO CE;5587,02;85;13,0;2025-09-13;;
Oeste do Ceará;21365,0;SÃO GONÇALO CE;4553,36;83;13,0;2025-09-15;;
Oeste do Ceará;21365,0;SÃO GONÇALO CE;8241,75;150;21,0;2025-09-16;;
Oeste do Ceará;21365,0;SÃO GONÇALO CE;17707,53;447;17,0;2025-09-17;;
Oeste do Ceará;21365,0;SÃO GONÇALO CE;7674,48;116;16,0;2025-09-18;;
Oeste do Ceará;21365,0;SÃO GONÇALO CE;27537,95;373;41,0;2025-09-19;;
Oeste do Ceará;21365,0;SÃO GONÇALO CE;7131,33;111;14,0;2025-09-20;;
Oeste do Ceará;21365,0;SÃO GONÇALO CE;72997,58;1004;26,0;2025-09-23;;
Oeste do Ceará;21365,0;SÃO GONÇALO CE;22925,97;476;25,0;2025-09-24;;
Oeste do Ceará;21365,0;SÃO GONÇALO CE;26383,07;471;28,0;2025-09-25;;
Oeste do Ceará;21365,0;SÃO GONÇALO CE;21571,42;386;24,0;2025-09-26;;
Oeste do Ceará;21365,0;SÃO GONÇALO CE;8807,36;272;14,0;2025-09-27;;
Oeste do Ceará;21365,0;SÃO GONÇALO CE;9874,66;286;18,0;2025-09-29;;
Oeste do Ceará;21365,0;SÃO GONÇALO CE;7159,54;151;14,0;2025-09-30;;
Oeste do Ceará;21365,0;SÃO GONÇALO CE;12094,29;235;25,0;2025-10-01;;
Oeste do Ceará;21365,0;SÃO GONÇALO CE;16210,09;285;23,0;2025-10-02;;
Oeste do Ceará;21365,0;SÃO GONÇALO CE;50883,09;664;39,0;2025-10-03;;
Oeste do Ceará;21365,0;SÃO GONÇALO CE;10868,01;173;20,0;2025-10-04;;
Oeste do Ceará;21365,0;SÃO GONÇALO CE;11986,16;207;24,0;2025-10-06;;
Oeste do Ceará;21365,0;SÃO GONÇALO CE;7853,14;149;21,0;2025-10-07;;
Oeste do Ceará;21365,0;SÃO GONÇALO CE;19264,37;305;23,0;2025-10-08;;
Oeste do Ceará;21365,0;SÃO GONÇALO CE;22271,0;360;22,0;2025-10-09;;
Oeste do Ceará;21365,0;SÃO GONÇALO CE;9537,04;178;20,0;2025-10-10;;
Oeste do Ceará;21365,0;SÃO GONÇALO CE;5748,92;101;13,0;2025-10-11;;
Oeste do Ceará;21365,0;SÃO GONÇALO CE;13457,37;266;11,0;2025-10-13;;
Oeste do Ceará;21365,0;SÃO GONÇALO CE;16322,3;338;26,0;2025-10-14;;
Oeste do Ceará;21365,0;SÃO GONÇALO CE;13203,85;327;14,0;2025-10-15;;
Oeste do Ceará;21365,0;SÃO GONÇALO CE;12182,86;248;16,0;2025-10-16;;
Oeste do Ceará;21365,0;SÃO GONÇALO CE;9989,0;217;16,0;2025-10-17;;
Oeste do Ceará;21365,0;SÃO GONÇALO CE;4114,39;112;10,0;2025-10-18;;
Oeste do Ceará;21365,0;SÃO GONÇALO CE;6352,32;201;17,0;2025-10-20;;
Oeste do Ceará;21365,0;SÃO GONÇALO CE;12118,39;208;12,0;2025-10-21;;
Oeste do Ceará;21365,0;SÃO GONÇALO CE;16688,4;414;20,0;2025-10-22;;
Oeste do Ceará;21365,0;SÃO GONÇALO CE;11829,54;697;16,0;2025-10-23;;
Oeste do Ceará;21365,0;SÃO GONÇALO CE;6448,18;141;14,0;2025-10-24;;
Oeste do Ceará;21365,0;SÃO GONÇALO CE;9197,83;186;17,0;2025-10-25;;
Oeste do Ceará;21365,0;SÃO GONÇALO CE;9035,8;148;16,0;2025-10-27;;
Oeste do Ceará;21365,0;SÃO GONÇALO CE;7475,83;166;12,0;2025-10-28;;
Oeste do Ceará;21365,0;SÃO GONÇALO CE;17699,7;389;12,0;2025-10-29;;
Oeste do Ceará;21365,0;SÃO GONÇALO CE;13876,97;255;26,0;2025-10-30;;
Oeste do Ceará;21365,0;SÃO GONÇALO CE;15703,36;264;18,0;2025-10-31;;
Oeste do Ceará;21365,0;SÃO GONÇALO CE;4127,46;91;13,0;2025-11-01;;
Oeste do Ceará;21365,0;SÃO GONÇALO CE;27302,36;539;28,0;2025-11-03;;
Oeste do Ceará;21365,0;SÃO GONÇALO CE;5545,57;103;12,0;2025-11-04;;
Oeste do Ceará;21365,0;SÃO GONÇALO CE;31727,15;737;49,0;2025-11-05;;
Oeste do Ceará;21365,0;SÃO GONÇALO CE;25038,26;472;33,0;2025-11-06;;
Oeste do Ceará;21365,0;SÃO GONÇALO CE;11600,44;260;25,0;2025-11-07;;
Oeste do Ceará;21365,0;SÃO GONÇALO CE;10382,51;182;16,0;2025-11-08;;
Oeste do Ceará;21365,0;SÃO GONÇALO CE;4595,2;69;12,0;2025-11-10;;
Oeste do Ceará;21365,0;SÃO GONÇALO CE;11384,08;270;18,0;2025-11-11;;
Oeste do Ceará;21365,0;SÃO GONÇALO CE;18297,44;367;31,0;2025-11-12;;
Oeste do Ceará;21365,0;SÃO GONÇALO CE;12224,93;246;21,0;2025-11-13;;
Oeste do Ceará;21365,0;SÃO GONÇALO CE;11301,06;232;20,0;2025-11-14;;
Oeste do Ceará;21365,0;SÃO GONÇALO CE;13881,78;220;18,0;2025-11-15;;
Oeste do Ceará;21365,0;SÃO GONÇALO CE;20674,54;413;29,0;2025-11-17;;
Oeste do Ceará;21365,0;SÃO GONÇALO CE;14247,66;233;32,0;2025-11-18;;
Oeste do Ceará;21365,0;SÃO GONÇALO CE;28460,65;386;37,0;2025-11-19;;
Oeste do Ceará;21365,0;SÃO GONÇALO CE;13171,52;161;14,0;2025-11-20;;
Oeste do Ceará;21365,0;SÃO GONÇALO CE;16581,64;260;35,0;2025-11-21;;
Oeste do Ceará;21365,0;SÃO GONÇALO CE;4812,68;51;10,0;2025-11-22;;
Oeste do Ceará;21365,0;SÃO GONÇALO CE;20843,4;282;18,0;2025-11-24;;
Oeste do Ceará;21365,0;SÃO GONÇALO CE;12016,72;212;21,0;2025-11-25;;
Oeste do Ceará;21365,0;SÃO GONÇALO CE;11767,21;203;21,0;2025-11-26;;
Oeste do Ceará;21365,0;SÃO GONÇALO CE;30105,11;588;30,0;2025-11-27;;
Oeste do Ceará;21365,0;SÃO GONÇALO CE;18318,81;335;30,0;2025-11-28;;
Oeste do Ceará;21365,0;SÃO GONÇALO CE;14469,2;225;22,0;2025-11-29;;
Oeste do Ceará;21365,0;SÃO GONÇALO CE;3540,39;65;11,0;2025-11-30;;
Oeste do Ceará;21365,0;SÃO GONÇALO CE;10732,26;160;20,0;2025-12-01;;
Oeste do Ceará;21365,0;SÃO GONÇALO CE;32559,7;598;27,0;2025-12-02;;
Oeste do Ceará;21365,0;SÃO GONÇALO CE;15970,3;276;23,0;2025-12-03;;
Oeste do Ceará;21365,0;SÃO GONÇALO CE;10669,97;238;16,0;2025-12-04;;
Oeste do Ceará;21365,0;SÃO GONÇALO CE;23363,39;462;24,0;2025-12-05;;
Oeste do Ceará;21365,0;SÃO GONÇALO CE;8235,73;202;12,0;2025-12-06;;
Oeste do Ceará;21365,0;SÃO GONÇALO CE;9302,49;329;19,0;2025-12-08;;
Oeste do Ceará;21365,0;SÃO GONÇALO CE;22095,92;462;34,0;2025-12-09;;
Oeste do Ceará;21365,0;SÃO GONÇALO CE;11102,37;269;18,0;2025-12-10;;
Oeste do Ceará;21365,0;SÃO GONÇALO CE;11147,76;263;24,0;2025-12-11;;
Oeste do Ceará;21365,0;SÃO GONÇALO CE;14220,7;644;25,0;2025-12-12;;
Oeste do Ceará;21365,0;SÃO GONÇALO CE;5588,56;118;15,0;2025-12-13;;
Oeste do Ceará;21365,0;SÃO GONÇALO CE;6307,14;110;14,0;2025-12-15;;
Oeste do Ceará;21365,0;SÃO GONÇALO CE;4673,4;93;7,0;2025-12-17;;
Oeste do Ceará;21365,0;SÃO GONÇALO CE;1009,2;25;3,0;2025-12-18;;
Oeste do Ceará;21365,0;SÃO GONÇALO CE;22875,1;420;46,0;2025-12-20;;
Oeste do Ceará;21365,0;SÃO GONÇALO CE;7536,98;163;14,0;2025-12-21;;
Oeste do Ceará;21365,0;SÃO GONÇALO CE;19058,09;432;43,0;2025-12-22;;
Oeste do Ceará;21365,0;SÃO GONÇALO CE;22745,49;444;50,0;2025-12-23;;
Oeste do Ceará;21365,0;SÃO GONÇALO CE;40552,6;779;47,0;2025-12-24;;
Oeste do Ceará;21365,0;SÃO GONÇALO CE;41016,95;629;18,0;2025-12-26;;
Oeste do Ceará;21365,0;SÃO GONÇALO CE;4941,95;133;13,0;2025-12-27;;
Oeste do Ceará;21365,0;SÃO GONÇALO CE;2195,08;21;2,0;2025-12-29;;
Oeste do Ceará;21365,0;SÃO GONÇALO CE;10270,06;173;20,0;2025-12-30;;
Oeste do Ceará;21365,0;SÃO GONÇALO CE;8037,92;123;10,0;2025-12-31;;
Litoral Norte;20156,0;SÃO GONÇALO DO AMARANTE;6897,82;103;8,0;2025-01-02;;
Litoral Norte;20156,0;SÃO GONÇALO DO AMARANTE;13088,34;236;14,0;2025-01-03;;
Litoral Norte;20156,0;SÃO GONÇALO DO AMARANTE;29478,31;589;30,0;2025-01-04;;
Litoral Norte;20156,0;SÃO GONÇALO DO AMARANTE;11243,52;201;17,0;2025-01-06;;
Litoral Norte;20156,0;SÃO GONÇALO DO AMARANTE;16181,53;284;20,0;2025-01-07;;
Litoral Norte;20156,0;SÃO GONÇALO DO AMARANTE;22826,13;358;25,0;2025-01-08;;
Litoral Norte;20156,0;SÃO GONÇALO DO AMARANTE;14109,43;251;14,0;2025-01-09;;
Litoral Norte;20156,0;SÃO GONÇALO DO AMARANTE;15725,48;298;27,0;2025-01-10;;
Litoral Norte;20156,0;SÃO GONÇALO DO AMARANTE;19551,05;370;25,0;2025-01-11;;
Litoral Norte;20156,0;SÃO GONÇALO DO AMARANTE;18807,27;293;22,0;2025-01-13;;
Litoral Norte;20156,0;SÃO GONÇALO DO AMARANTE;7771,87;137;13,0;2025-01-14;;
Litoral Norte;20156,0;SÃO GONÇALO DO AMARANTE;23657,57;396;27,0;2025-01-15;;
Litoral Norte;20156,0;SÃO GONÇALO DO AMARANTE;45068,99;577;43,0;2025-01-16;;
Litoral Norte;20156,0;SÃO GONÇALO DO AMARANTE;29695,17;435;39,0;2025-01-17;;
Litoral Norte;20156,0;SÃO GONÇALO DO AMARANTE;28098,16;395;33,0;2025-01-18;;
Litoral Norte;20156,0;SÃO GONÇALO DO AMARANTE;20726,36;370;26,0;2025-01-20;;
Litoral Norte;20156,0;SÃO GONÇALO DO AMARANTE;21039,82;400;32,0;2025-01-21;;
Litoral Norte;20156,0;SÃO GONÇALO DO AMARANTE;20061,92;341;22,0;2025-01-22;;
Litoral Norte;20156,0;SÃO GONÇALO DO AMARANTE;14233,6;266;16,0;2025-01-23;;
Litoral Norte;20156,0;SÃO GONÇALO DO AMARANTE;15172,55;282;20,0;2025-01-24;;
Litoral Norte;20156,0;SÃO GONÇALO DO AMARANTE;15934,56;330;19,0;2025-01-25;;
Litoral Norte;20156,0;SÃO GONÇALO DO AMARANTE;13608,3;219;17,0;2025-01-27;;
Litoral Norte;20156,0;SÃO GONÇALO DO AMARANTE;18635,25;325;24,0;2025-01-29;;
Litoral Norte;20156,0;SÃO GONÇALO DO AMARANTE;14046,47;268;18,0;2025-01-30;;
Litoral Norte;20156,0;SÃO GONÇALO DO AMARANTE;18367,61;278;28,0;2025-01-31;;
Litoral Norte;20156,0;SÃO GONÇALO DO AMARANTE;22376,29;342;33,0;2025-02-01;;
Litoral Norte;20156,0;SÃO GONÇALO DO AMARANTE;10900,7;164;17,0;2025-02-03;;
Litoral Norte;20156,0;SÃO GONÇALO DO AMARANTE;18712,58;303;23,0;2025-02-04;;
Litoral Norte;20156,0;SÃO GONÇALO DO AMARANTE;15643,04;260;23,0;2025-02-05;;
Litoral Norte;20156,0;SÃO GONÇALO DO AMARANTE;20892,96;343;30,0;2025-02-06;;
Litoral Norte;20156,0;SÃO GONÇALO DO AMARANTE;14520,09;265;23,0;2025-02-07;;
Litoral Norte;20156,0;SÃO GONÇALO DO AMARANTE;25785,66;442;38,0;2025-02-08;;
Litoral Norte;20156,0;SÃO GONÇALO DO AMARANTE;27805,16;422;38,0;2025-02-10;;
Litoral Norte;20156,0;SÃO GONÇALO DO AMARANTE;19413,87;285;29,0;2025-02-11;;
Litoral Norte;20156,0;SÃO GONÇALO DO AMARANTE;16276,98;250;25,0;2025-02-12;;
Litoral Norte;20156,0;SÃO GONÇALO DO AMARANTE;19621,79;334;29,0;2025-02-13;;
Litoral Norte;20156,0;SÃO GONÇALO DO AMARANTE;20347,42;345;22,0;2025-02-14;;
Litoral Norte;20156,0;SÃO GONÇALO DO AMARANTE;20270,7;325;28,0;2025-02-15;;
Litoral Norte;20156,0;SÃO GONÇALO DO AMARANTE;8417,73;155;15,0;2025-02-17;;
Litoral Norte;20156,0;SÃO GONÇALO DO AMARANTE;7559,24;107;12,0;2025-02-18;;
Litoral Norte;20156,0;SÃO GONÇALO DO AMARANTE;12703,95;201;16,0;2025-02-19;;
Litoral Norte;20156,0;SÃO GONÇALO DO AMARANTE;5496,01;95;15,0;2025-02-20;;
Litoral Norte;20156,0;SÃO GONÇALO DO AMARANTE;31981,48;512;29,0;2025-02-21;;
Litoral Norte;20156,0;SÃO GONÇALO DO AMARANTE;15297,34;243;20,0;2025-02-22;;
Litoral Norte;20156,0;SÃO GONÇALO DO AMARANTE;4930,15;83;9,0;2025-02-24;;
Litoral Norte;20156,0;SÃO GONÇALO DO AMARANTE;8829,5;119;13,0;2025-02-25;;
Litoral Norte;20156,0;SÃO GONÇALO DO AMARANTE;15683,22;251;25,0;2025-02-26;;
Litoral Norte;20156,0;SÃO GONÇALO DO AMARANTE;29198,01;443;35,0;2025-02-27;;
Litoral Norte;20156,0;SÃO GONÇALO DO AMARANTE;16138,3;269;33,0;2025-02-28;;
Litoral Norte;20156,0;SÃO GONÇALO DO AMARANTE;9676,66;158;17,0;2025-03-01;;
Litoral Norte;20156,0;SÃO GONÇALO DO AMARANTE;4486,63;74;12,0;2025-03-05;;
Litoral Norte;20156,0;SÃO GONÇALO DO AMARANTE;21364,59;348;32,0;2025-03-06;;
Litoral Norte;20156,0;SÃO GONÇALO DO AMARANTE;20280,62;395;20,0;2025-03-07;;
Litoral Norte;20156,0;SÃO GONÇALO DO AMARANTE;21992,68;483;26,0;2025-03-08;;
Litoral Norte;20156,0;SÃO GONÇALO DO AMARANTE;29857,09;559;31,0;2025-03-10;;
Litoral Norte;20156,0;SÃO GONÇALO DO AMARANTE;30980,87;563;34,0;2025-03-11;;
Litoral Norte;20156,0;SÃO GONÇALO DO AMARANTE;14822,81;299;29,0;2025-03-12;;
Litoral Norte;20156,0;SÃO GONÇALO DO AMARANTE;20233,89;319;24,0;2025-03-13;;
Litoral Norte;20156,0;SÃO GONÇALO DO AMARANTE;98639,07;1086;53,0;2025-03-14;;
Litoral Norte;20156,0;SÃO GONÇALO DO AMARANTE;63870,99;820;56,0;2025-03-15;;
Litoral Norte;20156,0;SÃO GONÇALO DO AMARANTE;18861,3;237;18,0;2025-03-17;;
Litoral Norte;20156,0;SÃO GONÇALO DO AMARANTE;20373,79;286;27,0;2025-03-18;;
Litoral Norte;20156,0;SÃO GONÇALO DO AMARANTE;18503,43;255;20,0;2025-03-19;;
Litoral Norte;20156,0;SÃO GONÇALO DO AMARANTE;18751,76;249;25,0;2025-03-20;;
Litoral Norte;20156,0;SÃO GONÇALO DO AMARANTE;11503,3;151;20,0;2025-03-21;;
Litoral Norte;20156,0;SÃO GONÇALO DO AMARANTE;16276,35;232;22,0;2025-03-22;;
Litoral Norte;20156,0;SÃO GONÇALO DO AMARANTE;8827,01;91;12,0;2025-03-25;;
Litoral Norte;20156,0;SÃO GONÇALO DO AMARANTE;27352,99;378;25,0;2025-03-26;;
Litoral Norte;20156,0;SÃO GONÇALO DO AMARANTE;30617,78;562;31,0;2025-03-27;;
Litoral Norte;20156,0;SÃO GONÇALO DO AMARANTE;18856,67;337;22,0;2025-03-28;;
Litoral Norte;20156,0;SÃO GONÇALO DO AMARANTE;24981,08;456;34,0;2025-03-29;;
Litoral Norte;20156,0;SÃO GONÇALO DO AMARANTE;15745,26;273;19,0;2025-03-31;;
Litoral Norte;20156,0;SÃO GONÇALO DO AMARANTE;22669,82;423;22,0;2025-04-01;;
Litoral Norte;20156,0;SÃO GONÇALO DO AMARANTE;12483,92;227;15,0;2025-04-02;;
Litoral Norte;20156,0;SÃO GONÇALO DO AMARANTE;17678,35;303;23,0;2025-04-03;;
Litoral Norte;20156,0;SÃO GONÇALO DO AMARANTE;27564,97;446;31,0;2025-04-04;;
Litoral Norte;20156,0;SÃO GONÇALO DO AMARANTE;20487,09;380;26,0;2025-04-05;;
Litoral Norte;20156,0;SÃO GONÇALO DO AMARANTE;17248,9;247;22,0;2025-04-07;;
Litoral Norte;20156,0;SÃO GONÇALO DO AMARANTE;21963,44;313;28,0;2025-04-08;;
Litoral Norte;20156,0;SÃO GONÇALO DO AMARANTE;20913,4;319;26,0;2025-04-09;;
Litoral Norte;20156,0;SÃO GONÇALO DO AMARANTE;21660,74;417;24,0;2025-04-10;;
Litoral Norte;20156,0;SÃO GONÇALO DO AMARANTE;17323,76;327;28,0;2025-04-11;;
Litoral Norte;20156,0;SÃO GONÇALO DO AMARANTE;19281,46;329;25,0;2025-04-12;;
Litoral Norte;20156,0;SÃO GONÇALO DO AMARANTE;33873,09;576;36,0;2025-04-14;;
Litoral Norte;20156,0;SÃO GONÇALO DO AMARANTE;27715,26;490;40,0;2025-04-15;;
Litoral Norte;20156,0;SÃO GONÇALO DO AMARANTE;11165,77;210;13,0;2025-04-16;;
Litoral Norte;20156,0;SÃO GONÇALO DO AMARANTE;23598,64;365;25,0;2025-04-17;;
Litoral Norte;20156,0;SÃO GONÇALO DO AMARANTE;13026,84;251;20,0;2025-04-19;;
Litoral Norte;20156,0;SÃO GONÇALO DO AMARANTE;3068,8;57;5,0;2025-04-21;;
Litoral Norte;20156,0;SÃO GONÇALO DO AMARANTE;13418,6;276;20,0;2025-04-22;;
Litoral Norte;20156,0;SÃO GONÇALO DO AMARANTE;11454,35;218;18,0;2025-04-23;;
Litoral Norte;20156,0;SÃO GONÇALO DO AMARANTE;13836,43;246;21,0;2025-04-24;;
Litoral Norte;20156,0;SÃO GONÇALO DO AMARANTE;10251,9;174;12,0;2025-04-25;;
Litoral Norte;20156,0;SÃO GONÇALO DO AMARANTE;28548,04;570;30,0;2025-04-26;;
Litoral Norte;20156,0;SÃO GONÇALO DO AMARANTE;8667,29;198;15,0;2025-04-28;;
Litoral Norte;20156,0;SÃO GONÇALO DO AMARANTE;11079,06;170;15,0;2025-04-29;;
Litoral Norte;20156,0;SÃO GONÇALO DO AMARANTE;21785,42;334;23,0;2025-04-30;;
Litoral Norte;20156,0;SÃO GONÇALO DO AMARANTE;22183,78;386;24,0;2025-05-02;;
Litoral Norte;20156,0;SÃO GONÇALO DO AMARANTE;14464,71;167;18,0;2025-05-03;;
Litoral Norte;20156,0;SÃO GONÇALO DO AMARANTE;23576,2;323;32,0;2025-05-05;;
Litoral Norte;20156,0;SÃO GONÇALO DO AMARANTE;11332,76;177;16,0;2025-05-06;;
Litoral Norte;20156,0;SÃO GONÇALO DO AMARANTE;31469,6;472;38,0;2025-05-07;;
Litoral Norte;20156,0;SÃO GONÇALO DO AMARANTE;36688,98;525;44,0;2025-05-08;;
Litoral Norte;20156,0;SÃO GONÇALO DO AMARANTE;38968,31;476;56,0;2025-05-09;;
Litoral Norte;20156,0;SÃO GONÇALO DO AMARANTE;48891,8;698;58,0;2025-05-10;;
Litoral Norte;20156,0;SÃO GONÇALO DO AMARANTE;6528,06;96;10,0;2025-05-11;;
Litoral Norte;20156,0;SÃO GONÇALO DO AMARANTE;18406,13;355;27,0;2025-05-12;;
Litoral Norte;20156,0;SÃO GONÇALO DO AMARANTE;24925,98;434;30,0;2025-05-13;;
Litoral Norte;20156,0;SÃO GONÇALO DO AMARANTE;27440,56;444;24,0;2025-05-14;;
Litoral Norte;20156,0;SÃO GONÇALO DO AMARANTE;9092,48;142;10,0;2025-05-15;;
Litoral Norte;20156,0;SÃO GONÇALO DO AMARANTE;11279,32;178;19,0;2025-05-16;;
Litoral Norte;20156,0;SÃO GONÇALO DO AMARANTE;30590,29;507;29,0;2025-05-17;;
Litoral Norte;20156,0;SÃO GONÇALO DO AMARANTE;27081,8;414;18,0;2025-05-19;;
Litoral Norte;20156,0;SÃO GONÇALO DO AMARANTE;31306,16;545;29,0;2025-05-20;;
Litoral Norte;20156,0;SÃO GONÇALO DO AMARANTE;36139,32;726;36,0;2025-05-21;;
Litoral Norte;20156,0;SÃO GONÇALO DO AMARANTE;31158,39;600;29,0;2025-05-22;;
Litoral Norte;20156,0;SÃO GONÇALO DO AMARANTE;32562,49;598;36,0;2025-05-23;;
Litoral Norte;20156,0;SÃO GONÇALO DO AMARANTE;35266,96;623;41,0;2025-05-24;;
Litoral Norte;20156,0;SÃO GONÇALO DO AMARANTE;20431,88;367;30,0;2025-05-26;;
Litoral Norte;20156,0;SÃO GONÇALO DO AMARANTE;20287,0;341;28,0;2025-05-27;;
Litoral Norte;20156,0;SÃO GONÇALO DO AMARANTE;14298,65;270;24,0;2025-05-28;;
Litoral Norte;20156,0;SÃO GONÇALO DO AMARANTE;10509,82;194;16,0;2025-05-29;;
Litoral Norte;20156,0;SÃO GONÇALO DO AMARANTE;20192,82;304;18,0;2025-05-30;;
Litoral Norte;20156,0;SÃO GONÇALO DO AMARANTE;44583,79;836;46,0;2025-05-31;;
Litoral Norte;20156,0;SÃO GONÇALO DO AMARANTE;5935,18;137;15,0;2025-06-02;;
Litoral Norte;20156,0;SÃO GONÇALO DO AMARANTE;14217,28;246;25,0;2025-06-03;;
Litoral Norte;20156,0;SÃO GONÇALO DO AMARANTE;12426,02;222;18,0;2025-06-04;;
Litoral Norte;20156,0;SÃO GONÇALO DO AMARANTE;21359,97;360;34,0;2025-06-05;;
Litoral Norte;20156,0;SÃO GONÇALO DO AMARANTE;20255,39;375;24,0;2025-06-06;;
Litoral Norte;20156,0;SÃO GONÇALO DO AMARANTE;31488,87;543;46,0;2025-06-07;;
Litoral Norte;20156,0;SÃO GONÇALO DO AMARANTE;15432,13;235;28,0;2025-06-09;;
Litoral Norte;20156,0;SÃO GONÇALO DO AMARANTE;16764,26;272;27,0;2025-06-10;;
Litoral Norte;20156,0;SÃO GONÇALO DO AMARANTE;26661,97;435;38,0;2025-06-11;;
Litoral Norte;20156,0;SÃO GONÇALO DO AMARANTE;22829,36;362;38,0;2025-06-12;;
Litoral Norte;20156,0;SÃO GONÇALO DO AMARANTE;59399,73;987;53,0;2025-06-13;;
Litoral Norte;20156,0;SÃO GONÇALO DO AMARANTE;43825,79;728;47,0;2025-06-14;;
Litoral Norte;20156,0;SÃO GONÇALO DO AMARANTE;22759,86;420;30,0;2025-06-16;;
Litoral Norte;20156,0;SÃO GONÇALO DO AMARANTE;15981,66;292;23,0;2025-06-17;;
Litoral Norte;20156,0;SÃO GONÇALO DO AMARANTE;19819,39;308;23,0;2025-06-18;;
Litoral Norte;20156,0;SÃO GONÇALO DO AMARANTE;8130,94;153;11,0;2025-06-19;;
Litoral Norte;20156,0;SÃO GONÇALO DO AMARANTE;12501,38;196;16,0;2025-06-20;;
Litoral Norte;20156,0;SÃO GONÇALO DO AMARANTE;24988,85;493;32,0;2025-06-21;;
Litoral Norte;20156,0;SÃO GONÇALO DO AMARANTE;34064,41;373;25,0;2025-06-23;;
Litoral Norte;20156,0;SÃO GONÇALO DO AMARANTE;32590,69;423;34,0;2025-06-24;;
Litoral Norte;20156,0;SÃO GONÇALO DO AMARANTE;23199,08;338;26,0;2025-06-25;;
Litoral Norte;20156,0;SÃO GONÇALO DO AMARANTE;22786,85;335;32,0;2025-06-26;;
Litoral Norte;20156,0;SÃO GONÇALO DO AMARANTE;20835,66;282;25,0;2025-06-27;;
Litoral Norte;20156,0;SÃO GONÇALO DO AMARANTE;36466,06;552;53,0;2025-06-28;;
Litoral Norte;20156,0;SÃO GONÇALO DO AMARANTE;36961,46;612;47,0;2025-06-30;;
Litoral Norte;20156,0;SÃO GONÇALO DO AMARANTE;41792,8;674;37,0;2025-07-01;;
Litoral Norte;20156,0;SÃO GONÇALO DO AMARANTE;20398,68;345;26,0;2025-07-02;;
Litoral Norte;20156,0;SÃO GONÇALO DO AMARANTE;23395,25;436;25,0;2025-07-03;;
Litoral Norte;20156,0;SÃO GONÇALO DO AMARANTE;23205,02;378;30,0;2025-07-04;;
Litoral Norte;20156,0;SÃO GONÇALO DO AMARANTE;23114,07;408;26,0;2025-07-05;;
Litoral Norte;20156,0;SÃO GONÇALO DO AMARANTE;13637,16;198;18,0;2025-07-07;;
Litoral Norte;20156,0;SÃO GONÇALO DO AMARANTE;21272,59;303;19,0;2025-07-08;;
Litoral Norte;20156,0;SÃO GONÇALO DO AMARANTE;10956,08;188;15,0;2025-07-09;;
Litoral Norte;20156,0;SÃO GONÇALO DO AMARANTE;13308,4;237;17,0;2025-07-10;;
Litoral Norte;20156,0;SÃO GONÇALO DO AMARANTE;11915,95;200;22,0;2025-07-11;;
Litoral Norte;20156,0;SÃO GONÇALO DO AMARANTE;17625,59;303;26,0;2025-07-12;;
Litoral Norte;20156,0;SÃO GONÇALO DO AMARANTE;11037,68;166;11,0;2025-07-14;;
Litoral Norte;20156,0;SÃO GONÇALO DO AMARANTE;10339,82;173;17,0;2025-07-15;;
Litoral Norte;20156,0;SÃO GONÇALO DO AMARANTE;71288,01;1687;64,0;2025-07-16;;
Litoral Norte;20156,0;SÃO GONÇALO DO AMARANTE;38715,43;664;35,0;2025-07-17;;
Litoral Norte;20156,0;SÃO GONÇALO DO AMARANTE;34785,88;730;41,0;2025-07-18;;
Litoral Norte;20156,0;SÃO GONÇALO DO AMARANTE;20605,96;435;30,0;2025-07-19;;
Litoral Norte;20156,0;SÃO GONÇALO DO AMARANTE;55004,0;1124;53,0;2025-07-21;;
Litoral Norte;20156,0;SÃO GONÇALO DO AMARANTE;22929,49;432;28,0;2025-07-22;;
Litoral Norte;20156,0;SÃO GONÇALO DO AMARANTE;33113,25;765;34,0;2025-07-23;;
Litoral Norte;20156,0;SÃO GONÇALO DO AMARANTE;21754,22;379;29,0;2025-07-24;;
Litoral Norte;20156,0;SÃO GONÇALO DO AMARANTE;19981,07;364;32,0;2025-07-25;;
Litoral Norte;20156,0;SÃO GONÇALO DO AMARANTE;42633,27;869;48,0;2025-07-26;;
Litoral Norte;20156,0;SÃO GONÇALO DO AMARANTE;12734,32;267;11,0;2025-07-28;;
Litoral Norte;20156,0;SÃO GONÇALO DO AMARANTE;13518,04;311;23,0;2025-07-29;;
Litoral Norte;20156,0;SÃO GONÇALO DO AMARANTE;12263,91;290;20,0;2025-07-30;;
Litoral Norte;20156,0;SÃO GONÇALO DO AMARANTE;39716,92;714;40,0;2025-07-31;;
Litoral Norte;20156,0;SÃO GONÇALO DO AMARANTE;15075,85;268;21,0;2025-08-01;;
Litoral Norte;20156,0;SÃO GONÇALO DO AMARANTE;30341,35;560;38,0;2025-08-02;;
Litoral Norte;20156,0;SÃO GONÇALO DO AMARANTE;12416,75;237;21,0;2025-08-04;;
Litoral Norte;20156,0;SÃO GONÇALO DO AMARANTE;27718,81;495;34,0;2025-08-05;;
Litoral Norte;20156,0;SÃO GONÇALO DO AMARANTE;32729,72;735;40,0;2025-08-06;;
Litoral Norte;20156,0;SÃO GONÇALO DO AMARANTE;39624,45;701;43,0;2025-08-07;;
Litoral Norte;20156,0;SÃO GONÇALO DO AMARANTE;33423,27;571;46,0;2025-08-08;;
Litoral Norte;20156,0;SÃO GONÇALO DO AMARANTE;32220,24;619;51,0;2025-08-09;;
Litoral Norte;20156,0;SÃO GONÇALO DO AMARANTE;26323,03;553;32,0;2025-08-11;;
Litoral Norte;20156,0;SÃO GONÇALO DO AMARANTE;22912,0;431;33,0;2025-08-12;;
Litoral Norte;20156,0;SÃO GONÇALO DO AMARANTE;25167,67;502;26,0;2025-08-13;;
Litoral Norte;20156,0;SÃO GONÇALO DO AMARANTE;14651,68;359;24,0;2025-08-14;;
Litoral Norte;20156,0;SÃO GONÇALO DO AMARANTE;15108,45;363;29,0;2025-08-15;;
Litoral Norte;20156,0;SÃO GONÇALO DO AMARANTE;20796,71;418;26,0;2025-08-16;;
Litoral Norte;20156,0;SÃO GONÇALO DO AMARANTE;15707,59;281;16,0;2025-08-18;;
Litoral Norte;20156,0;SÃO GONÇALO DO AMARANTE;21919,42;431;28,0;2025-08-19;;
Litoral Norte;20156,0;SÃO GONÇALO DO AMARANTE;26871,71;497;33,0;2025-08-20;;
Litoral Norte;20156,0;SÃO GONÇALO DO AMARANTE;17801,89;360;32,0;2025-08-21;;
Litoral Norte;20156,0;SÃO GONÇALO DO AMARANTE;20819,09;393;28,0;2025-08-22;;
Litoral Norte;20156,0;SÃO GONÇALO DO AMARANTE;28424,8;529;30,0;2025-08-23;;
Litoral Norte;20156,0;SÃO GONÇALO DO AMARANTE;9398,58;176;15,0;2025-08-25;;
Litoral Norte;20156,0;SÃO GONÇALO DO AMARANTE;16286,4;301;24,0;2025-08-26;;
Litoral Norte;20156,0;SÃO GONÇALO DO AMARANTE;47375,37;981;45,0;2025-08-27;;
Litoral Norte;20156,0;SÃO GONÇALO DO AMARANTE;23279,28;442;26,0;2025-08-28;;
Litoral Norte;20156,0;SÃO GONÇALO DO AMARANTE;15732,64;277;21,0;2025-08-29;;
Litoral Norte;20156,0;SÃO GONÇALO DO AMARANTE;19536,35;361;37,0;2025-08-30;;
Litoral Norte;20156,0;SÃO GONÇALO DO AMARANTE;38915,57;765;38,0;2025-09-01;;
Litoral Norte;20156,0;SÃO GONÇALO DO AMARANTE;20011,06;426;30,0;2025-09-02;;
Litoral Norte;20156,0;SÃO GONÇALO DO AMARANTE;16700,31;393;26,0;2025-09-03;;
Litoral Norte;20156,0;SÃO GONÇALO DO AMARANTE;14605,09;335;21,0;2025-09-04;;
Litoral Norte;20156,0;SÃO GONÇALO DO AMARANTE;56008,57;865;46,0;2025-09-05;;
Litoral Norte;20156,0;SÃO GONÇALO DO AMARANTE;42773,32;756;44,0;2025-09-06;;
Litoral Norte;20156,0;SÃO GONÇALO DO AMARANTE;35185,98;542;34,0;2025-09-08;;
Litoral Norte;20156,0;SÃO GONÇALO DO AMARANTE;19229,0;307;23,0;2025-09-09;;
Litoral Norte;20156,0;SÃO GONÇALO DO AMARANTE;29015,38;501;19,0;2025-09-10;;
Litoral Norte;20156,0;SÃO GONÇALO DO AMARANTE;15491,25;333;25,0;2025-09-11;;
Litoral Norte;20156,0;SÃO GONÇALO DO AMARANTE;21456,33;395;29,0;2025-09-12;;
Litoral Norte;20156,0;SÃO GONÇALO DO AMARANTE;25055,22;467;34,0;2025-09-13;;
Litoral Norte;20156,0;SÃO GONÇALO DO AMARANTE;11827,76;172;14,0;2025-09-14;;
Litoral Norte;20156,0;SÃO GONÇALO DO AMARANTE;12943,05;231;21,0;2025-09-15;;
Litoral Norte;20156,0;SÃO GONÇALO DO AMARANTE;22850,17;389;28,0;2025-09-16;;
Litoral Norte;20156,0;SÃO GONÇALO DO AMARANTE;20666,46;505;19,0;2025-09-17;;
Litoral Norte;20156,0;SÃO GONÇALO DO AMARANTE;14344,36;298;26,0;2025-09-18;;
Litoral Norte;20156,0;SÃO GONÇALO DO AMARANTE;14841,52;279;29,0;2025-09-19;;
Litoral Norte;20156,0;SÃO GONÇALO DO AMARANTE;21100,1;421;38,0;2025-09-20;;
Litoral Norte;20156,0;SÃO GONÇALO DO AMARANTE;34086,4;732;27,0;2025-09-22;;
Litoral Norte;20156,0;SÃO GONÇALO DO AMARANTE;28766,07;575;40,0;2025-09-23;;
Litoral Norte;20156,0;SÃO GONÇALO DO AMARANTE;17742,29;505;22,0;2025-09-24;;
Litoral Norte;20156,0;SÃO GONÇALO DO AMARANTE;9603,66;305;14,0;2025-09-25;;
Litoral Norte;20156,0;SÃO GONÇALO DO AMARANTE;42202,21;852;27,0;2025-09-26;;
Litoral Norte;20156,0;SÃO GONÇALO DO AMARANTE;30950,99;721;34,0;2025-09-27;;
Litoral Norte;20156,0;SÃO GONÇALO DO AMARANTE;8710,97;200;10,0;2025-09-28;;
Litoral Norte;20156,0;SÃO GONÇALO DO AMARANTE;14704,15;348;20,0;2025-09-29;;
Litoral Norte;20156,0;SÃO GONÇALO DO AMARANTE;11598,28;231;19,0;2025-09-30;;
Litoral Norte;20156,0;SÃO GONÇALO DO AMARANTE;14566,85;283;21,0;2025-10-01;;
Litoral Norte;20156,0;SÃO GONÇALO DO AMARANTE;22069,04;434;31,0;2025-10-02;;
Litoral Norte;20156,0;SÃO GONÇALO DO AMARANTE;68199,32;837;32,0;2025-10-03;;
Litoral Norte;20156,0;SÃO GONÇALO DO AMARANTE;49810,5;765;47,0;2025-10-04;;
Litoral Norte;20156,0;SÃO GONÇALO DO AMARANTE;25779,65;428;29,0;2025-10-06;;
Litoral Norte;20156,0;SÃO GONÇALO DO AMARANTE;20842,32;255;20,0;2025-10-07;;
Litoral Norte;20156,0;SÃO GONÇALO DO AMARANTE;39634,11;788;37,0;2025-10-08;;
Litoral Norte;20156,0;SÃO GONÇALO DO AMARANTE;26655,74;475;38,0;2025-10-09;;
Litoral Norte;20156,0;SÃO GONÇALO DO AMARANTE;28510,99;487;37,0;2025-10-10;;
Litoral Norte;20156,0;SÃO GONÇALO DO AMARANTE;33328,16;623;48,0;2025-10-11;;
Litoral Norte;20156,0;SÃO GONÇALO DO AMARANTE;36635,92;673;37,0;2025-10-13;;
Litoral Norte;20156,0;SÃO GONÇALO DO AMARANTE;18706,36;407;29,0;2025-10-14;;
Litoral Norte;20156,0;SÃO GONÇALO DO AMARANTE;13731,73;330;19,0;2025-10-15;;
Litoral Norte;20156,0;SÃO GONÇALO DO AMARANTE;23287,86;462;18,0;2025-10-16;;
Litoral Norte;20156,0;SÃO GONÇALO DO AMARANTE;17051,46;402;21,0;2025-10-17;;
Litoral Norte;20156,0;SÃO GONÇALO DO AMARANTE;24278,77;599;27,0;2025-10-18;;
Litoral Norte;20156,0;SÃO GONÇALO DO AMARANTE;13011,31;298;22,0;2025-10-20;;
Litoral Norte;20156,0;SÃO GONÇALO DO AMARANTE;27260,71;558;36,0;2025-10-21;;
Litoral Norte;20156,0;SÃO GONÇALO DO AMARANTE;23289,24;438;35,0;2025-10-22;;
Litoral Norte;20156,0;SÃO GONÇALO DO AMARANTE;13806,82;319;27,0;2025-10-23;;
Litoral Norte;20156,0;SÃO GONÇALO DO AMARANTE;15323,78;346;22,0;2025-10-24;;
Litoral Norte;20156,0;SÃO GONÇALO DO AMARANTE;22816,87;423;32,0;2025-10-25;;
Litoral Norte;20156,0;SÃO GONÇALO DO AMARANTE;19123,62;312;24,0;2025-10-27;;
Litoral Norte;20156,0;SÃO GONÇALO DO AMARANTE;20934,96;306;26,0;2025-10-28;;
Litoral Norte;20156,0;SÃO GONÇALO DO AMARANTE;28040,6;681;14,0;2025-10-29;;
Litoral Norte;20156,0;SÃO GONÇALO DO AMARANTE;31406,69;499;37,0;2025-10-30;;
Litoral Norte;20156,0;SÃO GONÇALO DO AMARANTE;35817,88;534;44,0;2025-10-31;;
Litoral Norte;20156,0;SÃO GONÇALO DO AMARANTE;39243,46;728;55,0;2025-11-01;;
Litoral Norte;20156,0;SÃO GONÇALO DO AMARANTE;72804,13;1474;72,0;2025-11-03;;
Litoral Norte;20156,0;SÃO GONÇALO DO AMARANTE;44539,54;837;49,0;2025-11-04;;
Litoral Norte;20156,0;SÃO GONÇALO DO AMARANTE;28737,21;547;34,0;2025-11-05;;
Litoral Norte;20156,0;SÃO GONÇALO DO AMARANTE;46262,51;849;52,0;2025-11-06;;
Litoral Norte;20156,0;SÃO GONÇALO DO AMARANTE;34848,1;709;46,0;2025-11-07;;
Litoral Norte;20156,0;SÃO GONÇALO DO AMARANTE;19965,24;384;27,0;2025-11-08;;
Litoral Norte;20156,0;SÃO GONÇALO DO AMARANTE;18363,09;352;24,0;2025-11-10;;
Litoral Norte;20156,0;SÃO GONÇALO DO AMARANTE;20051,68;464;29,0;2025-11-11;;
Litoral Norte;20156,0;SÃO GONÇALO DO AMARANTE;25278,89;478;37,0;2025-11-12;;
Litoral Norte;20156,0;SÃO GONÇALO DO AMARANTE;18970,67;353;32,0;2025-11-13;;
Litoral Norte;20156,0;SÃO GONÇALO DO AMARANTE;23657,3;341;31,0;2025-11-14;;
Litoral Norte;20156,0;SÃO GONÇALO DO AMARANTE;15790,17;275;24,0;2025-11-15;;
Litoral Norte;20156,0;SÃO GONÇALO DO AMARANTE;21315,72;456;28,0;2025-11-17;;
Litoral Norte;20156,0;SÃO GONÇALO DO AMARANTE;23818,56;375;29,0;2025-11-18;;
Litoral Norte;20156,0;SÃO GONÇALO DO AMARANTE;42682,91;681;44,0;2025-11-19;;
Litoral Norte;20156,0;SÃO GONÇALO DO AMARANTE;36540,33;505;34,0;2025-11-20;;
Litoral Norte;20156,0;SÃO GONÇALO DO AMARANTE;30112,1;473;42,0;2025-11-21;;
Litoral Norte;20156,0;SÃO GONÇALO DO AMARANTE;22629,65;349;31,0;2025-11-22;;
Litoral Norte;20156,0;SÃO GONÇALO DO AMARANTE;12078,17;177;11,0;2025-11-23;;
Litoral Norte;20156,0;SÃO GONÇALO DO AMARANTE;28109,35;437;30,0;2025-11-24;;
Litoral Norte;20156,0;SÃO GONÇALO DO AMARANTE;26212,68;458;37,0;2025-11-25;;
Litoral Norte;20156,0;SÃO GONÇALO DO AMARANTE;22245,66;511;34,0;2025-11-26;;
Litoral Norte;20156,0;SÃO GONÇALO DO AMARANTE;59902,81;1248;57,0;2025-11-27;;
Litoral Norte;20156,0;SÃO GONÇALO DO AMARANTE;50196,81;871;51,0;2025-11-28;;
Litoral Norte;20156,0;SÃO GONÇALO DO AMARANTE;42136,22;726;54,0;2025-11-29;;
Litoral Norte;20156,0;SÃO GONÇALO DO AMARANTE;14871,82;233;20,0;2025-11-30;;
Litoral Norte;20156,0;SÃO GONÇALO DO AMARANTE;17687,04;378;33,0;2025-12-01;;
Litoral Norte;20156,0;SÃO GONÇALO DO AMARANTE;26698,05;612;36,0;2025-12-02;;
Litoral Norte;20156,0;SÃO GONÇALO DO AMARANTE;18574,97;485;31,0;2025-12-03;;
Litoral Norte;20156,0;SÃO GONÇALO DO AMARANTE;25003,88;470;32,0;2025-12-04;;
Litoral Norte;20156,0;SÃO GONÇALO DO AMARANTE;14691,05;401;24,0;2025-12-05;;
Litoral Norte;20156,0;SÃO GONÇALO DO AMARANTE;19986,36;428;26,0;2025-12-06;;
Litoral Norte;20156,0;SÃO GONÇALO DO AMARANTE;15628,14;465;24,0;2025-12-08;;
Litoral Norte;20156,0;SÃO GONÇALO DO AMARANTE;9439,5;240;19,0;2025-12-09;;
Litoral Norte;20156,0;SÃO GONÇALO DO AMARANTE;16297,36;400;30,0;2025-12-10;;
Litoral Norte;20156,0;SÃO GONÇALO DO AMARANTE;19098,94;336;17,0;2025-12-11;;
Litoral Norte;20156,0;SÃO GONÇALO DO AMARANTE;38803,24;751;38,0;2025-12-12;;
Litoral Norte;20156,0;SÃO GONÇALO DO AMARANTE;25993,43;571;43,0;2025-12-13;;
Litoral Norte;20156,0;SÃO GONÇALO DO AMARANTE;27259,72;448;42,0;2025-12-15;;
Litoral Norte;20156,0;SÃO GONÇALO DO AMARANTE;18001,87;358;32,0;2025-12-16;;
Litoral Norte;20156,0;SÃO GONÇALO DO AMARANTE;27885,8;639;31,0;2025-12-17;;
Litoral Norte;20156,0;SÃO GONÇALO DO AMARANTE;16911,53;400;22,0;2025-12-18;;
Litoral Norte;20156,0;SÃO GONÇALO DO AMARANTE;20414,86;523;38,0;2025-12-19;;
Litoral Norte;20156,0;SÃO GONÇALO DO AMARANTE;25113,09;522;39,0;2025-12-20;;
Litoral Norte;20156,0;SÃO GONÇALO DO AMARANTE;20086,26;292;22,0;2025-12-21;;
Litoral Norte;20156,0;SÃO GONÇALO DO AMARANTE;20489,25;352;29,0;2025-12-22;;
Litoral Norte;20156,0;SÃO GONÇALO DO AMARANTE;40907,75;719;56,0;2025-12-23;;
Litoral Norte;20156,0;SÃO GONÇALO DO AMARANTE;14424,98;322;28,0;2025-12-24;;
Litoral Norte;20156,0;SÃO GONÇALO DO AMARANTE;48740,76;935;41,0;2025-12-26;;
Litoral Norte;20156,0;SÃO GONÇALO DO AMARANTE;39258,72;647;38,0;2025-12-27;;
Litoral Norte;20156,0;SÃO GONÇALO DO AMARANTE;13150,49;305;26,0;2025-12-29;;
Litoral Norte;20156,0;SÃO GONÇALO DO AMARANTE;28959,99;578;41,0;2025-12-30;;
Litoral Norte;20156,0;SÃO GONÇALO DO AMARANTE;6457,04;124;11,0;2025-12-31;;
Litoral Norte;23716,0;SÃO PAULO DO POTENGI;16461,57;330;18,0;2025-08-02;;
Litoral Norte;23716,0;SÃO PAULO DO POTENGI;5082,48;91;7,0;2025-08-04;;
Litoral Norte;23716,0;SÃO PAULO DO POTENGI;10416,91;188;9,0;2025-08-05;;
Litoral Norte;23716,0;SÃO PAULO DO POTENGI;10826,99;194;9,0;2025-08-06;;
Litoral Norte;23716,0;SÃO PAULO DO POTENGI;7372,71;95;5,0;2025-08-07;;
Litoral Norte;23716,0;SÃO PAULO DO POTENGI;9166,89;172;14,0;2025-08-08;;
Litoral Norte;23716,0;SÃO PAULO DO POTENGI;17505,3;342;25,0;2025-08-09;;
Litoral Norte;23716,0;SÃO PAULO DO POTENGI;533,34;12;2,0;2025-08-11;;
Litoral Norte;23716,0;SÃO PAULO DO POTENGI;3375,62;58;2,0;2025-08-12;;
Litoral Norte;23716,0;SÃO PAULO DO POTENGI;11185,54;187;10,0;2025-08-14;;
Litoral Norte;23716,0;SÃO PAULO DO POTENGI;5327,25;106;7,0;2025-08-15;;
Litoral Norte;23716,0;SÃO PAULO DO POTENGI;8571,26;181;15,0;2025-08-16;;
Litoral Norte;23716,0;SÃO PAULO DO POTENGI;2911,2;29;3,0;2025-08-18;;
Litoral Norte;23716,0;SÃO PAULO DO POTENGI;2314,28;48;4,0;2025-08-19;;
Litoral Norte;23716,0;SÃO PAULO DO POTENGI;3564,25;60;5,0;2025-08-20;;
Litoral Norte;23716,0;SÃO PAULO DO POTENGI;1937,05;43;4,0;2025-08-21;;
Litoral Norte;23716,0;SÃO PAULO DO POTENGI;6179,16;123;10,0;2025-08-22;;
Litoral Norte;23716,0;SÃO PAULO DO POTENGI;19762,29;378;21,0;2025-08-23;;
Litoral Norte;23716,0;SÃO PAULO DO POTENGI;3671,59;71;5,0;2025-08-25;;
Litoral Norte;23716,0;SÃO PAULO DO POTENGI;2526,47;47;7,0;2025-08-26;;
Litoral Norte;23716,0;SÃO PAULO DO POTENGI;2675,22;42;4,0;2025-08-27;;
Litoral Norte;23716,0;SÃO PAULO DO POTENGI;2390,19;61;4,0;2025-08-28;;
Litoral Norte;23716,0;SÃO PAULO DO POTENGI;18722,93;358;17,0;2025-08-29;;
Litoral Norte;23716,0;SÃO PAULO DO POTENGI;16731,85;268;16,0;2025-08-30;;
Litoral Norte;23716,0;SÃO PAULO DO POTENGI;4737,98;104;9,0;2025-09-01;;
Litoral Norte;23716,0;SÃO PAULO DO POTENGI;8388,52;173;7,0;2025-09-02;;
Litoral Norte;23716,0;SÃO PAULO DO POTENGI;4284,73;84;8,0;2025-09-03;;
Litoral Norte;23716,0;SÃO PAULO DO POTENGI;5115,34;109;10,0;2025-09-04;;
Litoral Norte;23716,0;SÃO PAULO DO POTENGI;11780,39;244;16,0;2025-09-05;;
Litoral Norte;23716,0;SÃO PAULO DO POTENGI;16642,86;287;17,0;2025-09-06;;
Litoral Norte;23716,0;SÃO PAULO DO POTENGI;5594,85;97;6,0;2025-09-08;;
Litoral Norte;23716,0;SÃO PAULO DO POTENGI;3037,19;51;3,0;2025-09-09;;
Litoral Norte;23716,0;SÃO PAULO DO POTENGI;6503,44;104;9,0;2025-09-10;;
Litoral Norte;23716,0;SÃO PAULO DO POTENGI;5478,61;85;5,0;2025-09-11;;
Litoral Norte;23716,0;SÃO PAULO DO POTENGI;14409,2;232;11,0;2025-09-12;;
Litoral Norte;23716,0;SÃO PAULO DO POTENGI;6470,07;113;12,0;2025-09-13;;
Litoral Norte;23716,0;SÃO PAULO DO POTENGI;380,24;13;1,0;2025-09-14;;
Litoral Norte;23716,0;SÃO PAULO DO POTENGI;4373,5;67;7,0;2025-09-15;;
Litoral Norte;23716,0;SÃO PAULO DO POTENGI;7990,88;138;13,0;2025-09-16;;
Litoral Norte;23716,0;SÃO PAULO DO POTENGI;14450,25;158;7,0;2025-09-17;;
Litoral Norte;23716,0;SÃO PAULO DO POTENGI;3404,24;60;5,0;2025-09-18;;
Litoral Norte;23716,0;SÃO PAULO DO POTENGI;3204,78;84;6,0;2025-09-19;;
Litoral Norte;23716,0;SÃO PAULO DO POTENGI;10117,23;210;16,0;2025-09-20;;
Litoral Norte;23716,0;SÃO PAULO DO POTENGI;10326,21;223;8,0;2025-09-22;;
Litoral Norte;23716,0;SÃO PAULO DO POTENGI;3629,54;58;6,0;2025-09-23;;
Litoral Norte;23716,0;SÃO PAULO DO POTENGI;18025,99;338;8,0;2025-09-24;;
Litoral Norte;23716,0;SÃO PAULO DO POTENGI;2359,08;51;4,0;2025-09-25;;
Litoral Norte;23716,0;SÃO PAULO DO POTENGI;8783,01;126;4,0;2025-09-26;;
Litoral Norte;23716,0;SÃO PAULO DO POTENGI;17232,51;303;12,0;2025-09-27;;
Litoral Norte;23716,0;SÃO PAULO DO POTENGI;8316,88;167;7,0;2025-09-29;;
Litoral Norte;23716,0;SÃO PAULO DO POTENGI;13530,76;184;4,0;2025-09-30;;
Litoral Norte;23716,0;SÃO PAULO DO POTENGI;2894,45;75;5,0;2025-10-01;;
Litoral Norte;23716,0;SÃO PAULO DO POTENGI;7097,03;164;10,0;2025-10-02;;
Litoral Norte;23716,0;SÃO PAULO DO POTENGI;16820,54;261;10,0;2025-10-03;;
Litoral Norte;23716,0;SÃO PAULO DO POTENGI;8806,28;139;9,0;2025-10-04;;
Litoral Norte;23716,0;SÃO PAULO DO POTENGI;8917,51;160;10,0;2025-10-06;;
Litoral Norte;23716,0;SÃO PAULO DO POTENGI;1397,31;21;3,0;2025-10-07;;
Litoral Norte;23716,0;SÃO PAULO DO POTENGI;5451,69;89;11,0;2025-10-08;;
Litoral Norte;23716,0;SÃO PAULO DO POTENGI;7883,23;128;5,0;2025-10-09;;
Litoral Norte;23716,0;SÃO PAULO DO POTENGI;10903,64;186;9,0;2025-10-10;;
Litoral Norte;23716,0;SÃO PAULO DO POTENGI;8162,7;203;16,0;2025-10-11;;
Litoral Norte;23716,0;SÃO PAULO DO POTENGI;2777,64;73;7,0;2025-10-13;;
Litoral Norte;23716,0;SÃO PAULO DO POTENGI;11600,42;269;12,0;2025-10-14;;
Litoral Norte;23716,0;SÃO PAULO DO POTENGI;4048,03;78;4,0;2025-10-15;;
Litoral Norte;23716,0;SÃO PAULO DO POTENGI;1267,39;32;3,0;2025-10-16;;
Litoral Norte;23716,0;SÃO PAULO DO POTENGI;10471,98;186;8,0;2025-10-17;;
Litoral Norte;23716,0;SÃO PAULO DO POTENGI;5593,56;88;8,0;2025-10-18;;
Litoral Norte;23716,0;SÃO PAULO DO POTENGI;5257,03;79;6,0;2025-10-20;;
Litoral Norte;23716,0;SÃO PAULO DO POTENGI;1947,82;35;4,0;2025-10-21;;
Litoral Norte;23716,0;SÃO PAULO DO POTENGI;6352,84;120;9,0;2025-10-22;;
Litoral Norte;23716,0;SÃO PAULO DO POTENGI;4195,56;74;7,0;2025-10-23;;
Litoral Norte;23716,0;SÃO PAULO DO POTENGI;3855,6;57;8,0;2025-10-24;;
Litoral Norte;23716,0;SÃO PAULO DO POTENGI;5922,09;120;9,0;2025-10-25;;
Litoral Norte;23716,0;SÃO PAULO DO POTENGI;8253,49;139;5,0;2025-10-27;;
Litoral Norte;23716,0;SÃO PAULO DO POTENGI;3673,68;53;6,0;2025-10-28;;
Litoral Norte;23716,0;SÃO PAULO DO POTENGI;3540,99;53;6,0;2025-10-29;;
Litoral Norte;23716,0;SÃO PAULO DO POTENGI;13266,77;272;13,0;2025-10-30;;
Litoral Norte;23716,0;SÃO PAULO DO POTENGI;22150,62;423;12,0;2025-10-31;;
Litoral Norte;23716,0;SÃO PAULO DO POTENGI;9024,67;142;12,0;2025-11-01;;
Litoral Norte;23716,0;SÃO PAULO DO POTENGI;11455,22;245;14,0;2025-11-03;;
Litoral Norte;23716,0;SÃO PAULO DO POTENGI;8668,17;166;12,0;2025-11-04;;
Litoral Norte;23716,0;SÃO PAULO DO POTENGI;4472,23;107;8,0;2025-11-05;;
Litoral Norte;23716,0;SÃO PAULO DO POTENGI;14154,07;184;12,0;2025-11-06;;
Litoral Norte;23716,0;SÃO PAULO DO POTENGI;7517,9;106;9,0;2025-11-07;;
Litoral Norte;23716,0;SÃO PAULO DO POTENGI;25804,97;372;16,0;2025-11-08;;
Litoral Norte;23716,0;SÃO PAULO DO POTENGI;2693,57;40;5,0;2025-11-10;;
Litoral Norte;23716,0;SÃO PAULO DO POTENGI;10340,86;234;12,0;2025-11-11;;
Litoral Norte;23716,0;SÃO PAULO DO POTENGI;7565,71;173;12,0;2025-11-12;;
Litoral Norte;23716,0;SÃO PAULO DO POTENGI;6521,43;135;12,0;2025-11-13;;
Litoral Norte;23716,0;SÃO PAULO DO POTENGI;11967,05;232;15,0;2025-11-14;;
Litoral Norte;23716,0;SÃO PAULO DO POTENGI;5973,1;107;8,0;2025-11-15;;
Litoral Norte;23716,0;SÃO PAULO DO POTENGI;6051,08;92;4,0;2025-11-17;;
Litoral Norte;23716,0;SÃO PAULO DO POTENGI;6726,75;127;10,0;2025-11-18;;
Litoral Norte;23716,0;SÃO PAULO DO POTENGI;5971,47;90;8,0;2025-11-19;;
Litoral Norte;23716,0;SÃO PAULO DO POTENGI;13634,97;209;10,0;2025-11-20;;
Litoral Norte;23716,0;SÃO PAULO DO POTENGI;20477,94;304;24,0;2025-11-21;;
Litoral Norte;23716,0;SÃO PAULO DO POTENGI;11977,43;176;13,0;2025-11-22;;
Litoral Norte;23716,0;SÃO PAULO DO POTENGI;14098,96;212;17,0;2025-11-24;;
Litoral Norte;23716,0;SÃO PAULO DO POTENGI;6737,17;115;12,0;2025-11-25;;
Litoral Norte;23716,0;SÃO PAULO DO POTENGI;3899,19;81;7,0;2025-11-26;;
Litoral Norte;23716,0;SÃO PAULO DO POTENGI;12605,07;276;17,0;2025-11-27;;
Litoral Norte;23716,0;SÃO PAULO DO POTENGI;14545,3;277;20,0;2025-11-28;;
Litoral Norte;23716,0;SÃO PAULO DO POTENGI;27578,98;343;17,0;2025-11-29;;
Litoral Norte;23716,0;SÃO PAULO DO POTENGI;2677,47;34;3,0;2025-11-30;;
Litoral Norte;23716,0;SÃO PAULO DO POTENGI;2726,96;65;5,0;2025-12-01;;
Litoral Norte;23716,0;SÃO PAULO DO POTENGI;8274,23;132;9,0;2025-12-02;;
Litoral Norte;23716,0;SÃO PAULO DO POTENGI;5665,6;120;7,0;2025-12-03;;
Litoral Norte;23716,0;SÃO PAULO DO POTENGI;9305,47;169;12,0;2025-12-04;;
Litoral Norte;23716,0;SÃO PAULO DO POTENGI;10934,35;202;11,0;2025-12-05;;
Litoral Norte;23716,0;SÃO PAULO DO POTENGI;5288,7;137;10,0;2025-12-06;;
Litoral Norte;23716,0;SÃO PAULO DO POTENGI;5170,07;105;3,0;2025-12-08;;
Litoral Norte;23716,0;SÃO PAULO DO POTENGI;3382,61;110;5,0;2025-12-09;;
Litoral Norte;23716,0;SÃO PAULO DO POTENGI;1475,13;47;4,0;2025-12-10;;
Litoral Norte;23716,0;SÃO PAULO DO POTENGI;11716,52;201;7,0;2025-12-11;;
Litoral Norte;23716,0;SÃO PAULO DO POTENGI;5859,49;126;9,0;2025-12-12;;
Litoral Norte;23716,0;SÃO PAULO DO POTENGI;13257,25;215;17,0;2025-12-13;;
Litoral Norte;23716,0;SÃO PAULO DO POTENGI;9344,16;136;9,0;2025-12-15;;
Litoral Norte;23716,0;SÃO PAULO DO POTENGI;11854,9;212;12,0;2025-12-16;;
Litoral Norte;23716,0;SÃO PAULO DO POTENGI;3874,01;96;8,0;2025-12-17;;
Litoral Norte;23716,0;SÃO PAULO DO POTENGI;5924,78;96;8,0;2025-12-18;;
Litoral Norte;23716,0;SÃO PAULO DO POTENGI;10681,61;135;9,0;2025-12-19;;
Litoral Norte;23716,0;SÃO PAULO DO POTENGI;7767,16;147;10,0;2025-12-20;;
Litoral Norte;23716,0;SÃO PAULO DO POTENGI;2518,81;32;1,0;2025-12-21;;
Litoral Norte;23716,0;SÃO PAULO DO POTENGI;8020,68;181;8,0;2025-12-22;;
Litoral Norte;23716,0;SÃO PAULO DO POTENGI;6713,97;173;13,0;2025-12-23;;
Litoral Norte;23716,0;SÃO PAULO DO POTENGI;7016,74;152;15,0;2025-12-24;;
Litoral Norte;23716,0;SÃO PAULO DO POTENGI;14856,66;317;12,0;2025-12-26;;
Litoral Norte;23716,0;SÃO PAULO DO POTENGI;18525,25;387;18,0;2025-12-27;;
Litoral Norte;23716,0;SÃO PAULO DO POTENGI;10426,07;199;9,0;2025-12-29;;
Litoral Norte;23716,0;SÃO PAULO DO POTENGI;9311,45;189;13,0;2025-12-30;;
Litoral Norte;23716,0;SÃO PAULO DO POTENGI;6116,97;121;9,0;2025-12-31;;
RN Sul;23776,0;TANGARÁ HÍBRIDA;9781,11;151;11,0;2025-04-04;;
RN Sul;23776,0;TANGARÁ HÍBRIDA;6489,4;104;9,0;2025-04-05;;
RN Sul;23776,0;TANGARÁ HÍBRIDA;2672,36;50;4,0;2025-04-07;;
RN Sul;23776,0;TANGARÁ HÍBRIDA;7805,67;110;11,0;2025-04-08;;
RN Sul;23776,0;TANGARÁ HÍBRIDA;12919,3;165;12,0;2025-04-09;;
RN Sul;23776,0;TANGARÁ HÍBRIDA;3590,51;50;4,0;2025-04-10;;
RN Sul;23776,0;TANGARÁ HÍBRIDA;1791,04;27;4,0;2025-04-11;;
RN Sul;23776,0;TANGARÁ HÍBRIDA;8064,34;114;11,0;2025-04-12;;
RN Sul;23776,0;TANGARÁ HÍBRIDA;6263,55;69;5,0;2025-04-14;;
RN Sul;23776,0;TANGARÁ HÍBRIDA;2433,8;44;5,0;2025-04-15;;
RN Sul;23776,0;TANGARÁ HÍBRIDA;1663,58;17;1,0;2025-04-16;;
RN Sul;23776,0;TANGARÁ HÍBRIDA;12847,33;156;11,0;2025-04-17;;
RN Sul;23776,0;TANGARÁ HÍBRIDA;2994,53;32;4,0;2025-04-18;;
RN Sul;23776,0;TANGARÁ HÍBRIDA;7993,41;102;7,0;2025-04-19;;
RN Sul;23776,0;TANGARÁ HÍBRIDA;7631,38;87;9,0;2025-04-22;;
RN Sul;23776,0;TANGARÁ HÍBRIDA;1906,49;24;4,0;2025-04-23;;
RN Sul;23776,0;TANGARÁ HÍBRIDA;5220,97;58;7,0;2025-04-24;;
RN Sul;23776,0;TANGARÁ HÍBRIDA;761,97;10;1,0;2025-04-25;;
RN Sul;23776,0;TANGARÁ HÍBRIDA;1370,79;33;3,0;2025-04-26;;
RN Sul;23776,0;TANGARÁ HÍBRIDA;5125,84;78;6,0;2025-04-28;;
RN Sul;23776,0;TANGARÁ HÍBRIDA;3634,21;77;7,0;2025-04-29;;
RN Sul;23776,0;TANGARÁ HÍBRIDA;6435,09;82;12,0;2025-04-30;;
RN Sul;23776,0;TANGARÁ HÍBRIDA;6770,12;94;11,0;2025-05-02;;
RN Sul;23776,0;TANGARÁ HÍBRIDA;6104,88;88;11,0;2025-05-03;;
RN Sul;23776,0;TANGARÁ HÍBRIDA;3015,88;35;4,0;2025-05-05;;
RN Sul;23776,0;TANGARÁ HÍBRIDA;1543,61;18;4,0;2025-05-06;;
RN Sul;23776,0;TANGARÁ HÍBRIDA;4200,67;74;9,0;2025-05-07;;
RN Sul;23776,0;TANGARÁ HÍBRIDA;4642,44;49;5,0;2025-05-08;;
RN Sul;23776,0;TANGARÁ HÍBRIDA;2404,11;33;6,0;2025-05-09;;
RN Sul;23776,0;TANGARÁ HÍBRIDA;10575,26;130;19,0;2025-05-10;;
RN Sul;23776,0;TANGARÁ HÍBRIDA;1446,54;20;4,0;2025-05-11;;
RN Sul;23776,0;TANGARÁ HÍBRIDA;5888,69;89;9,0;2025-05-12;;
RN Sul;23776,0;TANGARÁ HÍBRIDA;2219,71;37;4,0;2025-05-13;;
RN Sul;23776,0;TANGARÁ HÍBRIDA;385,54;8;2,0;2025-05-14;;
RN Sul;23776,0;TANGARÁ HÍBRIDA;8108,51;127;9,0;2025-05-15;;
RN Sul;23776,0;TANGARÁ HÍBRIDA;955,83;17;2,0;2025-05-16;;
RN Sul;23776,0;TANGARÁ HÍBRIDA;584,53;12;2,0;2025-05-17;;
RN Sul;23776,0;TANGARÁ HÍBRIDA;16620,06;246;13,0;2025-05-19;;
RN Sul;23776,0;TANGARÁ HÍBRIDA;5176,17;72;8,0;2025-05-20;;
RN Sul;23776,0;TANGARÁ HÍBRIDA;3298,93;54;8,0;2025-05-21;;
RN Sul;23776,0;TANGARÁ HÍBRIDA;8855,13;126;15,0;2025-05-22;;
RN Sul;23776,0;TANGARÁ HÍBRIDA;5325,14;87;13,0;2025-05-23;;
RN Sul;23776,0;TANGARÁ HÍBRIDA;12764,67;216;17,0;2025-05-24;;
RN Sul;23776,0;TANGARÁ HÍBRIDA;3310,24;47;5,0;2025-05-26;;
RN Sul;23776,0;TANGARÁ HÍBRIDA;4581,77;72;9,0;2025-05-27;;
RN Sul;23776,0;TANGARÁ HÍBRIDA;2649,48;42;6,0;2025-05-28;;
RN Sul;23776,0;TANGARÁ HÍBRIDA;4134,29;76;12,0;2025-05-29;;
RN Sul;23776,0;TANGARÁ HÍBRIDA;8610,31;119;18,0;2025-05-30;;
RN Sul;23776,0;TANGARÁ HÍBRIDA;5762,93;80;12,0;2025-05-31;;
RN Sul;23776,0;TANGARÁ HÍBRIDA;1481,72;22;6,0;2025-06-02;;
RN Sul;23776,0;TANGARÁ HÍBRIDA;3074,02;51;9,0;2025-06-03;;
RN Sul;23776,0;TANGARÁ HÍBRIDA;1770,51;28;4,0;2025-06-04;;
RN Sul;23776,0;TANGARÁ HÍBRIDA;6991,7;107;11,0;2025-06-05;;
RN Sul;23776,0;TANGARÁ HÍBRIDA;2211,66;33;6,0;2025-06-06;;
RN Sul;23776,0;TANGARÁ HÍBRIDA;1356,43;27;4,0;2025-06-07;;
RN Sul;23776,0;TANGARÁ HÍBRIDA;2114,23;48;4,0;2025-06-09;;
RN Sul;23776,0;TANGARÁ HÍBRIDA;3022,44;56;7,0;2025-06-10;;
RN Sul;23776,0;TANGARÁ HÍBRIDA;4396,78;53;9,0;2025-06-11;;
RN Sul;23776,0;TANGARÁ HÍBRIDA;3418,24;51;13,0;2025-06-12;;
RN Sul;23776,0;TANGARÁ HÍBRIDA;26428,89;401;27,0;2025-06-13;;
RN Sul;23776,0;TANGARÁ HÍBRIDA;9733,75;139;11,0;2025-06-14;;
RN Sul;23776,0;TANGARÁ HÍBRIDA;3964,95;56;9,0;2025-06-16;;
RN Sul;23776,0;TANGARÁ HÍBRIDA;6032,21;97;10,0;2025-06-17;;
RN Sul;23776,0;TANGARÁ HÍBRIDA;4784,89;70;11,0;2025-06-18;;
RN Sul;23776,0;TANGARÁ HÍBRIDA;1296,75;15;4,0;2025-06-19;;
RN Sul;23776,0;TANGARÁ HÍBRIDA;4508,05;72;6,0;2025-06-20;;
RN Sul;23776,0;TANGARÁ HÍBRIDA;4603,74;80;10,0;2025-06-21;;
RN Sul;23776,0;TANGARÁ HÍBRIDA;22592,11;227;14,0;2025-06-23;;
RN Sul;23776,0;TANGARÁ HÍBRIDA;4244,24;55;5,0;2025-06-24;;
RN Sul;23776,0;TANGARÁ HÍBRIDA;9944,85;106;8,0;2025-06-25;;
RN Sul;23776,0;TANGARÁ HÍBRIDA;7601,55;79;10,0;2025-06-26;;
RN Sul;23776,0;TANGARÁ HÍBRIDA;14322,68;169;18,0;2025-06-27;;
RN Sul;23776,0;TANGARÁ HÍBRIDA;8725,87;123;20,0;2025-06-28;;
RN Sul;23776,0;TANGARÁ HÍBRIDA;12800,37;192;18,0;2025-06-30;;
RN Sul;23776,0;TANGARÁ HÍBRIDA;19288,86;384;87,0;2025-07-01;;
RN Sul;23776,0;TANGARÁ HÍBRIDA;5210,22;79;9,0;2025-07-02;;
RN Sul;23776,0;TANGARÁ HÍBRIDA;1884,95;29;4,0;2025-07-03;;
RN Sul;23776,0;TANGARÁ HÍBRIDA;2725,97;46;5,0;2025-07-04;;
RN Sul;23776,0;TANGARÁ HÍBRIDA;5122,46;85;14,0;2025-07-05;;
RN Sul;23776,0;TANGARÁ HÍBRIDA;2745,94;41;6,0;2025-07-07;;
RN Sul;23776,0;TANGARÁ HÍBRIDA;3347,37;64;6,0;2025-07-08;;
RN Sul;23776,0;TANGARÁ HÍBRIDA;1633,72;22;3,0;2025-07-09;;
RN Sul;23776,0;TANGARÁ HÍBRIDA;1978,9;28;5,0;2025-07-10;;
RN Sul;23776,0;TANGARÁ HÍBRIDA;3070,2;39;5,0;2025-07-11;;
RN Sul;23776,0;TANGARÁ HÍBRIDA;3099,51;52;5,0;2025-07-12;;
RN Sul;23776,0;TANGARÁ HÍBRIDA;2190,25;25;5,0;2025-07-14;;
RN Sul;23776,0;TANGARÁ HÍBRIDA;2907,43;38;4,0;2025-07-15;;
RN Sul;23776,0;TANGARÁ HÍBRIDA;14936,63;321;18,0;2025-07-16;;
RN Sul;23776,0;TANGARÁ HÍBRIDA;4357,1;96;6,0;2025-07-17;;
RN Sul;23776,0;TANGARÁ HÍBRIDA;6878,46;158;8,0;2025-07-18;;
RN Sul;23776,0;TANGARÁ HÍBRIDA;5794,3;90;11,0;2025-07-19;;
RN Sul;23776,0;TANGARÁ HÍBRIDA;7953,65;137;7,0;2025-07-21;;
RN Sul;23776,0;TANGARÁ HÍBRIDA;4799,09;90;6,0;2025-07-22;;
RN Sul;23776,0;TANGARÁ HÍBRIDA;8855,23;163;10,0;2025-07-23;;
RN Sul;23776,0;TANGARÁ HÍBRIDA;3298,66;54;6,0;2025-07-24;;
RN Sul;23776,0;TANGARÁ HÍBRIDA;4824,65;90;8,0;2025-07-25;;
RN Sul;23776,0;TANGARÁ HÍBRIDA;6175,47;133;10,0;2025-07-26;;
RN Sul;23776,0;TANGARÁ HÍBRIDA;2981,15;61;4,0;2025-07-28;;
RN Sul;23776,0;TANGARÁ HÍBRIDA;5598,65;83;5,0;2025-07-29;;
RN Sul;23776,0;TANGARÁ HÍBRIDA;5728,79;110;8,0;2025-07-30;;
RN Sul;23776,0;TANGARÁ HÍBRIDA;8353,7;140;10,0;2025-07-31;;
RN Sul;23776,0;TANGARÁ HÍBRIDA;6403,41;132;11,0;2025-08-01;;
RN Sul;23776,0;TANGARÁ HÍBRIDA;1147,35;25;3,0;2025-08-02;;
RN Sul;23776,0;TANGARÁ HÍBRIDA;3137,22;70;7,0;2025-08-04;;
RN Sul;23776,0;TANGARÁ HÍBRIDA;9078,36;146;17,0;2025-08-05;;
RN Sul;23776,0;TANGARÁ HÍBRIDA;11285,94;222;24,0;2025-08-06;;
RN Sul;23776,0;TANGARÁ HÍBRIDA;18111,59;309;30,0;2025-08-07;;
RN Sul;23776,0;TANGARÁ HÍBRIDA;15163,04;248;32,0;2025-08-08;;
RN Sul;23776,0;TANGARÁ HÍBRIDA;11843,27;204;26,0;2025-08-09;;
RN Sul;23776,0;TANGARÁ HÍBRIDA;988,74;15;3,0;2025-08-10;;
RN Sul;23776,0;TANGARÁ HÍBRIDA;8960,02;192;12,0;2025-08-11;;
RN Sul;23776,0;TANGARÁ HÍBRIDA;3493,19;75;8,0;2025-08-12;;
RN Sul;23776,0;TANGARÁ HÍBRIDA;3237,89;78;7,0;2025-08-13;;
RN Sul;23776,0;TANGARÁ HÍBRIDA;5370,68;112;8,0;2025-08-14;;
RN Sul;23776,0;TANGARÁ HÍBRIDA;3689,23;82;8,0;2025-08-15;;
RN Sul;23776,0;TANGARÁ HÍBRIDA;758,76;16;4,0;2025-08-16;;
RN Sul;23776,0;TANGARÁ HÍBRIDA;3022,44;79;7,0;2025-08-18;;
RN Sul;23776,0;TANGARÁ HÍBRIDA;4965,29;84;6,0;2025-08-19;;
RN Sul;23776,0;TANGARÁ HÍBRIDA;6991,63;133;15,0;2025-08-20;;
RN Sul;23776,0;TANGARÁ HÍBRIDA;5014,17;110;9,0;2025-08-21;;
RN Sul;23776,0;TANGARÁ HÍBRIDA;3217,54;43;7,0;2025-08-22;;
RN Sul;23776,0;TANGARÁ HÍBRIDA;6430,08;106;9,0;2025-08-23;;
RN Sul;23776,0;TANGARÁ HÍBRIDA;3822,44;77;6,0;2025-08-25;;
RN Sul;23776,0;TANGARÁ HÍBRIDA;3543,76;74;5,0;2025-08-26;;
RN Sul;23776,0;TANGARÁ HÍBRIDA;7203,13;132;8,0;2025-08-27;;
RN Sul;23776,0;TANGARÁ HÍBRIDA;5821,21;129;7,0;2025-08-28;;
RN Sul;23776,0;TANGARÁ HÍBRIDA;4726,32;85;9,0;2025-08-29;;
RN Sul;23776,0;TANGARÁ HÍBRIDA;6441,18;143;10,0;2025-08-30;;
RN Sul;23776,0;TANGARÁ HÍBRIDA;11875,72;233;14,0;2025-09-01;;
RN Sul;23776,0;TANGARÁ HÍBRIDA;9667,98;182;16,0;2025-09-02;;
RN Sul;23776,0;TANGARÁ HÍBRIDA;3975,57;81;7,0;2025-09-03;;
RN Sul;23776,0;TANGARÁ HÍBRIDA;6708,69;122;10,0;2025-09-04;;
RN Sul;23776,0;TANGARÁ HÍBRIDA;15661,92;236;17,0;2025-09-05;;
RN Sul;23776,0;TANGARÁ HÍBRIDA;6652,53;139;12,0;2025-09-06;;
RN Sul;23776,0;TANGARÁ HÍBRIDA;4301,65;71;8,0;2025-09-08;;
RN Sul;23776,0;TANGARÁ HÍBRIDA;4264,2;65;9,0;2025-09-09;;
RN Sul;23776,0;TANGARÁ HÍBRIDA;4943,62;77;9,0;2025-09-10;;
RN Sul;23776,0;TANGARÁ HÍBRIDA;12258,01;175;11,0;2025-09-11;;
RN Sul;23776,0;TANGARÁ HÍBRIDA;6487,75;91;13,0;2025-09-12;;
RN Sul;23776,0;TANGARÁ HÍBRIDA;5746,09;73;12,0;2025-09-13;;
RN Sul;23776,0;TANGARÁ HÍBRIDA;1277,97;17;2,0;2025-09-14;;
RN Sul;23776,0;TANGARÁ HÍBRIDA;1955,06;48;10,0;2025-09-15;;
RN Sul;23776,0;TANGARÁ HÍBRIDA;6153,02;91;13,0;2025-09-16;;
RN Sul;23776,0;TANGARÁ HÍBRIDA;6297,29;158;9,0;2025-09-17;;
RN Sul;23776,0;TANGARÁ HÍBRIDA;4964,51;58;5,0;2025-09-18;;
RN Sul;23776,0;TANGARÁ HÍBRIDA;3210,95;59;6,0;2025-09-19;;
RN Sul;23776,0;TANGARÁ HÍBRIDA;3801,45;63;9,0;2025-09-20;;
RN Sul;23776,0;TANGARÁ HÍBRIDA;6822,42;147;7,0;2025-09-22;;
RN Sul;23776,0;TANGARÁ HÍBRIDA;10065,71;192;20,0;2025-09-23;;
RN Sul;23776,0;TANGARÁ HÍBRIDA;5378,65;139;12,0;2025-09-24;;
RN Sul;23776,0;TANGARÁ HÍBRIDA;4216,61;104;11,0;2025-09-25;;
RN Sul;23776,0;TANGARÁ HÍBRIDA;28647,36;367;20,0;2025-09-26;;
RN Sul;23776,0;TANGARÁ HÍBRIDA;5677,05;112;12,0;2025-09-27;;
RN Sul;23776,0;TANGARÁ HÍBRIDA;6824,07;120;8,0;2025-09-29;;
RN Sul;23776,0;TANGARÁ HÍBRIDA;3236,95;64;6,0;2025-09-30;;
RN Sul;23776,0;TANGARÁ HÍBRIDA;1146,95;25;2,0;2025-10-01;;
RN Sul;23776,0;TANGARÁ HÍBRIDA;4400,81;111;7,0;2025-10-02;;
RN Sul;23776,0;TANGARÁ HÍBRIDA;19495,6;248;7,0;2025-10-03;;
RN Sul;23776,0;TANGARÁ HÍBRIDA;8108,89;189;15,0;2025-10-04;;
RN Sul;23776,0;TANGARÁ HÍBRIDA;11723,74;188;9,0;2025-10-06;;
RN Sul;23776,0;TANGARÁ HÍBRIDA;5780,49;119;10,0;2025-10-07;;
RN Sul;23776,0;TANGARÁ HÍBRIDA;4185,27;70;6,0;2025-10-08;;
RN Sul;23776,0;TANGARÁ HÍBRIDA;7347,17;173;12,0;2025-10-09;;
RN Sul;23776,0;TANGARÁ HÍBRIDA;6247,13;125;11,0;2025-10-10;;
RN Sul;23776,0;TANGARÁ HÍBRIDA;6454,59;113;10,0;2025-10-11;;
RN Sul;23776,0;TANGARÁ HÍBRIDA;5551,25;149;11,0;2025-10-13;;
RN Sul;23776,0;TANGARÁ HÍBRIDA;11406,41;212;16,0;2025-10-14;;
RN Sul;23776,0;TANGARÁ HÍBRIDA;5687,34;100;7,0;2025-10-15;;
RN Sul;23776,0;TANGARÁ HÍBRIDA;4870,7;80;8,0;2025-10-16;;
RN Sul;23776,0;TANGARÁ HÍBRIDA;5172,73;114;9,0;2025-10-17;;
RN Sul;23776,0;TANGARÁ HÍBRIDA;5602,05;99;8,0;2025-10-18;;
RN Sul;23776,0;TANGARÁ HÍBRIDA;5301,31;80;6,0;2025-10-20;;
RN Sul;23776,0;TANGARÁ HÍBRIDA;4567,85;93;8,0;2025-10-21;;
RN Sul;23776,0;TANGARÁ HÍBRIDA;4741,62;83;7,0;2025-10-22;;
RN Sul;23776,0;TANGARÁ HÍBRIDA;9410,63;217;16,0;2025-10-23;;
RN Sul;23776,0;TANGARÁ HÍBRIDA;10033,87;155;12,0;2025-10-24;;
RN Sul;23776,0;TANGARÁ HÍBRIDA;5846,18;88;8,0;2025-10-25;;
RN Sul;23776,0;TANGARÁ HÍBRIDA;6368,06;101;9,0;2025-10-27;;
RN Sul;23776,0;TANGARÁ HÍBRIDA;5002,92;79;7,0;2025-10-28;;
RN Sul;23776,0;TANGARÁ HÍBRIDA;3671,52;73;4,0;2025-10-29;;
RN Sul;23776,0;TANGARÁ HÍBRIDA;9915,63;193;11,0;2025-10-30;;
RN Sul;23776,0;TANGARÁ HÍBRIDA;10550,57;185;15,0;2025-10-31;;
RN Sul;23776,0;TANGARÁ HÍBRIDA;5210,42;86;14,0;2025-11-01;;
RN Sul;23776,0;TANGARÁ HÍBRIDA;11385,71;268;12,0;2025-11-03;;
RN Sul;23776,0;TANGARÁ HÍBRIDA;6433,67;151;11,0;2025-11-04;;
RN Sul;23776,0;TANGARÁ HÍBRIDA;6793,39;119;9,0;2025-11-05;;
RN Sul;23776,0;TANGARÁ HÍBRIDA;6500,49;116;10,0;2025-11-06;;
RN Sul;23776,0;TANGARÁ HÍBRIDA;6551,47;162;11,0;2025-11-07;;
RN Sul;23776,0;TANGARÁ HÍBRIDA;7359,94;147;12,0;2025-11-08;;
RN Sul;23776,0;TANGARÁ HÍBRIDA;4903,23;120;10,0;2025-11-10;;
RN Sul;23776,0;TANGARÁ HÍBRIDA;9551,49;190;11,0;2025-11-11;;
RN Sul;23776,0;TANGARÁ HÍBRIDA;8967,13;185;15,0;2025-11-12;;
RN Sul;23776,0;TANGARÁ HÍBRIDA;4346,92;100;6,0;2025-11-13;;
RN Sul;23776,0;TANGARÁ HÍBRIDA;1439,66;20;4,0;2025-11-14;;
RN Sul;23776,0;TANGARÁ HÍBRIDA;3492,54;47;7,0;2025-11-15;;
RN Sul;23776,0;TANGARÁ HÍBRIDA;9193,77;157;12,0;2025-11-17;;
RN Sul;23776,0;TANGARÁ HÍBRIDA;5915,63;123;10,0;2025-11-18;;
RN Sul;23776,0;TANGARÁ HÍBRIDA;11657,07;143;14,0;2025-11-19;;
RN Sul;23776,0;TANGARÁ HÍBRIDA;14348,71;184;16,0;2025-11-20;;
RN Sul;23776,0;TANGARÁ HÍBRIDA;11262,24;160;18,0;2025-11-21;;
RN Sul;23776,0;TANGARÁ HÍBRIDA;6073,93;85;10,0;2025-11-22;;
RN Sul;23776,0;TANGARÁ HÍBRIDA;6458,63;84;9,0;2025-11-24;;
RN Sul;23776,0;TANGARÁ HÍBRIDA;5587,95;102;10,0;2025-11-25;;
RN Sul;23776,0;TANGARÁ HÍBRIDA;7266,86;159;11,0;2025-11-26;;
RN Sul;23776,0;TANGARÁ HÍBRIDA;22709,47;400;20,0;2025-11-27;;
RN Sul;23776,0;TANGARÁ HÍBRIDA;14036,11;247;19,0;2025-11-28;;
RN Sul;23776,0;TANGARÁ HÍBRIDA;20135,31;283;20,0;2025-11-29;;
RN Sul;23776,0;TANGARÁ HÍBRIDA;4745,28;85;8,0;2025-11-30;;
RN Sul;23776,0;TANGARÁ HÍBRIDA;7356,5;148;11,0;2025-12-01;;
RN Sul;23776,0;TANGARÁ HÍBRIDA;2360,28;62;5,0;2025-12-02;;
RN Sul;23776,0;TANGARÁ HÍBRIDA;5370,78;118;11,0;2025-12-03;;
RN Sul;23776,0;TANGARÁ HÍBRIDA;6818,3;130;11,0;2025-12-04;;
RN Sul;23776,0;TANGARÁ HÍBRIDA;3032,0;129;8,0;2025-12-05;;
RN Sul;23776,0;TANGARÁ HÍBRIDA;6587,95;121;8,0;2025-12-06;;
RN Sul;23776,0;TANGARÁ HÍBRIDA;4073,17;67;4,0;2025-12-08;;
RN Sul;23776,0;TANGARÁ HÍBRIDA;6768,75;176;12,0;2025-12-09;;
RN Sul;23776,0;TANGARÁ HÍBRIDA;4769,18;128;11,0;2025-12-10;;
RN Sul;23776,0;TANGARÁ HÍBRIDA;3850,3;84;7,0;2025-12-11;;
RN Sul;23776,0;TANGARÁ HÍBRIDA;10194,62;186;9,0;2025-12-12;;
RN Sul;23776,0;TANGARÁ HÍBRIDA;6880,77;196;16,0;2025-12-13;;
RN Sul;23776,0;TANGARÁ HÍBRIDA;2962,23;58;6,0;2025-12-15;;
RN Sul;23776,0;TANGARÁ HÍBRIDA;1611,99;44;4,0;2025-12-16;;
RN Sul;23776,0;TANGARÁ HÍBRIDA;12875,03;268;16,0;2025-12-17;;
RN Sul;23776,0;TANGARÁ HÍBRIDA;3955,85;84;7,0;2025-12-18;;
RN Sul;23776,0;TANGARÁ HÍBRIDA;8015,87;117;8,0;2025-12-19;;
RN Sul;23776,0;TANGARÁ HÍBRIDA;2846,51;86;8,0;2025-12-20;;
RN Sul;23776,0;TANGARÁ HÍBRIDA;998,48;34;3,0;2025-12-21;;
RN Sul;23776,0;TANGARÁ HÍBRIDA;6951,99;181;12,0;2025-12-22;;
RN Sul;23776,0;TANGARÁ HÍBRIDA;3795,1;86;7,0;2025-12-23;;
RN Sul;23776,0;TANGARÁ HÍBRIDA;6966,48;112;12,0;2025-12-24;;
RN Sul;23776,0;TANGARÁ HÍBRIDA;14390,17;270;14,0;2025-12-26;;
RN Sul;23776,0;TANGARÁ HÍBRIDA;9422,89;219;14,0;2025-12-27;;
RN Sul;23776,0;TANGARÁ HÍBRIDA;1709,96;34;2,0;2025-12-28;;
RN Sul;23776,0;TANGARÁ HÍBRIDA;12481,93;275;21,0;2025-12-29;;
RN Sul;23776,0;TANGARÁ HÍBRIDA;11396,21;197;23,0;2025-12-30;;
RN Sul;23776,0;TANGARÁ HÍBRIDA;11841,57;243;18,0;2025-12-31;;
Litoral Norte;21376,0;TOUROS;4830,83;82;10,0;2025-01-03;;
Litoral Norte;21376,0;TOUROS;1448,2;28;3,0;2025-01-04;;
Litoral Norte;21376,0;TOUROS;5181,98;77;10,0;2025-01-06;;
Litoral Norte;21376,0;TOUROS;11715,49;169;9,0;2025-01-07;;
Litoral Norte;21376,0;TOUROS;14410,89;214;11,0;2025-01-08;;
Litoral Norte;21376,0;TOUROS;10330,55;161;13,0;2025-01-09;;
Litoral Norte;21376,0;TOUROS;9699,95;177;17,0;2025-01-10;;
Litoral Norte;21376,0;TOUROS;4499,28;71;7,0;2025-01-11;;
Litoral Norte;21376,0;TOUROS;6495,03;104;7,0;2025-01-13;;
Litoral Norte;21376,0;TOUROS;7588,14;117;9,0;2025-01-14;;
Litoral Norte;21376,0;TOUROS;2328,89;47;8,0;2025-01-15;;
Litoral Norte;21376,0;TOUROS;10886,1;161;16,0;2025-01-16;;
Litoral Norte;21376,0;TOUROS;11511,5;154;12,0;2025-01-17;;
Litoral Norte;21376,0;TOUROS;11032,88;142;11,0;2025-01-18;;
Litoral Norte;21376,0;TOUROS;8799,13;142;16,0;2025-01-20;;
Litoral Norte;21376,0;TOUROS;10159,08;168;14,0;2025-01-21;;
Litoral Norte;21376,0;TOUROS;6920,39;135;8,0;2025-01-22;;
Litoral Norte;21376,0;TOUROS;10513,6;174;13,0;2025-01-23;;
Litoral Norte;21376,0;TOUROS;12544,0;184;21,0;2025-01-24;;
Litoral Norte;21376,0;TOUROS;8262,81;130;8,0;2025-01-25;;
Litoral Norte;21376,0;TOUROS;7986,05;156;12,0;2025-01-27;;
Litoral Norte;21376,0;TOUROS;5712,75;91;7,0;2025-01-28;;
Litoral Norte;21376,0;TOUROS;9501,77;177;15,0;2025-01-29;;
Litoral Norte;21376,0;TOUROS;10041,69;200;13,0;2025-01-30;;
Litoral Norte;21376,0;TOUROS;11978,3;150;12,0;2025-01-31;;
Litoral Norte;21376,0;TOUROS;5845,91;84;6,0;2025-02-01;;
Litoral Norte;21376,0;TOUROS;1966,75;35;2,0;2025-02-03;;
Litoral Norte;21376,0;TOUROS;11855,11;162;14,0;2025-02-04;;
Litoral Norte;21376,0;TOUROS;11045,31;165;17,0;2025-02-05;;
Litoral Norte;21376,0;TOUROS;8246,13;148;21,0;2025-02-06;;
Litoral Norte;21376,0;TOUROS;12864,05;193;20,0;2025-02-07;;
Litoral Norte;21376,0;TOUROS;10048,11;146;12,0;2025-02-08;;
Litoral Norte;21376,0;TOUROS;7526,34;103;13,0;2025-02-10;;
Litoral Norte;21376,0;TOUROS;6366,44;74;9,0;2025-02-11;;
Litoral Norte;21376,0;TOUROS;9037,8;151;16,0;2025-02-12;;
Litoral Norte;21376,0;TOUROS;6734,9;114;14,0;2025-02-13;;
Litoral Norte;21376,0;TOUROS;5227,88;92;7,0;2025-02-14;;
Litoral Norte;21376,0;TOUROS;1219,62;19;4,0;2025-02-15;;
Litoral Norte;21376,0;TOUROS;2910,36;52;5,0;2025-02-17;;
Litoral Norte;21376,0;TOUROS;13198,55;216;14,0;2025-02-18;;
Litoral Norte;21376,0;TOUROS;3741,78;74;6,0;2025-02-19;;
Litoral Norte;21376,0;TOUROS;8340,45;136;10,0;2025-02-20;;
Litoral Norte;21376,0;TOUROS;20154,2;299;18,0;2025-02-21;;
Litoral Norte;21376,0;TOUROS;11704,67;193;16,0;2025-02-22;;
Litoral Norte;21376,0;TOUROS;696,63;14;3,0;2025-02-24;;
Litoral Norte;21376,0;TOUROS;5918,98;98;8,0;2025-02-25;;
Litoral Norte;21376,0;TOUROS;3719,5;47;5,0;2025-02-26;;
Litoral Norte;21376,0;TOUROS;7339,74;120;13,0;2025-02-27;;
Litoral Norte;21376,0;TOUROS;6307,84;122;11,0;2025-02-28;;
Litoral Norte;21376,0;TOUROS;2948,79;61;7,0;2025-03-01;;
Litoral Norte;21376,0;TOUROS;2523,04;30;4,0;2025-03-05;;
Litoral Norte;21376,0;TOUROS;7083,97;142;15,0;2025-03-06;;
Litoral Norte;21376,0;TOUROS;6315,25;153;11,0;2025-03-07;;
Litoral Norte;21376,0;TOUROS;3748,5;77;6,0;2025-03-08;;
Litoral Norte;21376,0;TOUROS;20875,83;355;15,0;2025-03-10;;
Litoral Norte;21376,0;TOUROS;13155,71;239;20,0;2025-03-11;;
Litoral Norte;21376,0;TOUROS;8707,16;163;16,0;2025-03-12;;
Litoral Norte;21376,0;TOUROS;3246,1;60;6,0;2025-03-13;;
Litoral Norte;21376,0;TOUROS;17131,98;239;17,0;2025-03-14;;
Litoral Norte;21376,0;TOUROS;6239,72;104;10,0;2025-03-15;;
Litoral Norte;21376,0;TOUROS;10129,4;157;14,0;2025-03-17;;
Litoral Norte;21376,0;TOUROS;18642,36;296;18,0;2025-03-18;;
Litoral Norte;21376,0;TOUROS;12000,29;179;12,0;2025-03-19;;
Litoral Norte;21376,0;TOUROS;8987,28;142;15,0;2025-03-20;;
Litoral Norte;21376,0;TOUROS;17612,7;232;19,0;2025-03-21;;
Litoral Norte;21376,0;TOUROS;6152,05;105;12,0;2025-03-22;;
Litoral Norte;21376,0;TOUROS;8563,18;141;11,0;2025-03-24;;
Litoral Norte;21376,0;TOUROS;13845,26;262;25,0;2025-03-25;;
Litoral Norte;21376,0;TOUROS;3563,05;80;7,0;2025-03-26;;
Litoral Norte;21376,0;TOUROS;7684,31;147;5,0;2025-03-27;;
Litoral Norte;21376,0;TOUROS;11687,85;191;17,0;2025-03-28;;
Litoral Norte;21376,0;TOUROS;14514,32;231;17,0;2025-03-29;;
Litoral Norte;21376,0;TOUROS;12334,59;249;15,0;2025-03-31;;
Litoral Norte;21376,0;TOUROS;10072,93;218;13,0;2025-04-01;;
Litoral Norte;21376,0;TOUROS;8950,39;177;10,0;2025-04-02;;
Litoral Norte;21376,0;TOUROS;7934,33;174;12,0;2025-04-03;;
Litoral Norte;21376,0;TOUROS;5734,74;119;12,0;2025-04-04;;
Litoral Norte;21376,0;TOUROS;4302,2;91;7,0;2025-04-05;;
Litoral Norte;21376,0;TOUROS;8810,83;163;14,0;2025-04-07;;
Litoral Norte;21376,0;TOUROS;10442,1;174;14,0;2025-04-08;;
Litoral Norte;21376,0;TOUROS;7855,81;135;10,0;2025-04-09;;
Litoral Norte;21376,0;TOUROS;8896,74;186;14,0;2025-04-10;;
Litoral Norte;21376,0;TOUROS;17333,39;319;26,0;2025-04-11;;
Litoral Norte;21376,0;TOUROS;7085,22;122;12,0;2025-04-12;;
Litoral Norte;21376,0;TOUROS;11584,88;227;18,0;2025-04-14;;
Litoral Norte;21376,0;TOUROS;11645,06;208;18,0;2025-04-15;;
Litoral Norte;21376,0;TOUROS;14518,09;256;17,0;2025-04-16;;
Litoral Norte;21376,0;TOUROS;13272,29;212;22,0;2025-04-17;;
Litoral Norte;21376,0;TOUROS;3758,55;89;7,0;2025-04-19;;
Litoral Norte;21376,0;TOUROS;13723,38;209;13,0;2025-04-22;;
Litoral Norte;21376,0;TOUROS;14747,66;241;17,0;2025-04-23;;
Litoral Norte;21376,0;TOUROS;20012,84;383;20,0;2025-04-24;;
Litoral Norte;21376,0;TOUROS;7428,39;132;13,0;2025-04-25;;
Litoral Norte;21376,0;TOUROS;16213,92;278;18,0;2025-04-26;;
Litoral Norte;21376,0;TOUROS;7535,77;150;11,0;2025-04-28;;
Litoral Norte;21376,0;TOUROS;12530,41;164;17,0;2025-04-29;;
Litoral Norte;21376,0;TOUROS;9617,85;165;16,0;2025-04-30;;
Litoral Norte;21376,0;TOUROS;11313,61;159;17,0;2025-05-02;;
Litoral Norte;21376,0;TOUROS;9227,67;137;12,0;2025-05-03;;
Litoral Norte;21376,0;TOUROS;7485,38;117;15,0;2025-05-05;;
Litoral Norte;21376,0;TOUROS;13945,97;168;19,0;2025-05-06;;
Litoral Norte;21376,0;TOUROS;13763,38;193;21,0;2025-05-07;;
Litoral Norte;21376,0;TOUROS;18936,2;289;21,0;2025-05-08;;
Litoral Norte;21376,0;TOUROS;25246,07;385;37,0;2025-05-09;;
Litoral Norte;21376,0;TOUROS;21455,8;267;35,0;2025-05-10;;
Litoral Norte;21376,0;TOUROS;5318,5;56;12,0;2025-05-11;;
Litoral Norte;21376,0;TOUROS;11685,03;172;11,0;2025-05-12;;
Litoral Norte;21376,0;TOUROS;13383,36;191;14,0;2025-05-13;;
Litoral Norte;21376,0;TOUROS;10811,46;182;16,0;2025-05-14;;
Litoral Norte;21376,0;TOUROS;8729,67;130;12,0;2025-05-15;;
Litoral Norte;21376,0;TOUROS;7892,26;130;11,0;2025-05-16;;
Litoral Norte;21376,0;TOUROS;4640,05;67;9,0;2025-05-17;;
Litoral Norte;21376,0;TOUROS;9904,14;152;11,0;2025-05-19;;
Litoral Norte;21376,0;TOUROS;14313,37;247;18,0;2025-05-20;;
Litoral Norte;21376,0;TOUROS;4961,34;106;8,0;2025-05-21;;
Litoral Norte;21376,0;TOUROS;17782,95;306;21,0;2025-05-22;;
Litoral Norte;21376,0;TOUROS;19123,72;349;26,0;2025-05-23;;
Litoral Norte;21376,0;TOUROS;13715,83;248;19,0;2025-05-24;;
Litoral Norte;21376,0;TOUROS;11773,51;203;24,0;2025-05-26;;
Litoral Norte;21376,0;TOUROS;12785,18;198;21,0;2025-05-27;;
Litoral Norte;21376,0;TOUROS;7747,53;140;17,0;2025-05-28;;
Litoral Norte;21376,0;TOUROS;3739,77;56;4,0;2025-05-29;;
Litoral Norte;21376,0;TOUROS;5840,42;142;11,0;2025-05-30;;
Litoral Norte;21376,0;TOUROS;11581,02;188;12,0;2025-05-31;;
Litoral Norte;21376,0;TOUROS;8425,8;114;10,0;2025-06-02;;
Litoral Norte;21376,0;TOUROS;15945,88;264;22,0;2025-06-03;;
Litoral Norte;21376,0;TOUROS;8510,55;112;13,0;2025-06-04;;
Litoral Norte;21376,0;TOUROS;6022,4;109;15,0;2025-06-05;;
Litoral Norte;21376,0;TOUROS;12830,59;221;18,0;2025-06-06;;
Litoral Norte;21376,0;TOUROS;11347,47;164;15,0;2025-06-07;;
Litoral Norte;21376,0;TOUROS;8140,4;127;16,0;2025-06-09;;
Litoral Norte;21376,0;TOUROS;429,42;8;1,0;2025-06-16;;
Litoral Norte;21376,0;TOUROS;2699,75;28;3,0;2025-06-20;;
Litoral Norte;21376,0;TOUROS;206,7;4;1,0;2025-06-21;;
Litoral Norte;21376,0;TOUROS;448,73;3;1,0;2025-06-23;;
Litoral Norte;21376,0;TOUROS;2013,08;32;2,0;2025-06-25;;
Litoral Norte;21376,0;TOUROS;4828,85;59;6,0;2025-06-27;;
Litoral Norte;21376,0;TOUROS;208,07;2;1,0;2025-06-28;;
Litoral Norte;21376,0;TOUROS;390,2;4;1,0;2025-07-01;;
Litoral Norte;21376,0;TOUROS;267,58;4;1,0;2025-07-02;;
Litoral Norte;21376,0;TOUROS;602,15;12;3,0;2025-07-07;;
Litoral Norte;21376,0;TOUROS;8273,87;137;12,0;2025-07-14;;
Litoral Norte;21376,0;TOUROS;5959,63;128;9,0;2025-07-15;;
Litoral Norte;21376,0;TOUROS;38643,75;849;48,0;2025-07-16;;
Litoral Norte;21376,0;TOUROS;15753,66;340;22,0;2025-07-17;;
Litoral Norte;21376,0;TOUROS;20647,13;446;28,0;2025-07-18;;
Litoral Norte;21376,0;TOUROS;9805,93;256;18,0;2025-07-19;;
Litoral Norte;21376,0;TOUROS;16008,81;342;26,0;2025-07-21;;
Litoral Norte;21376,0;TOUROS;22047,6;439;35,0;2025-07-22;;
Litoral Norte;21376,0;TOUROS;10783,86;244;15,0;2025-07-23;;
Litoral Norte;21376,0;TOUROS;22193,55;509;30,0;2025-07-24;;
Litoral Norte;21376,0;TOUROS;9717,2;237;15,0;2025-07-25;;
Litoral Norte;21376,0;TOUROS;8572,66;181;12,0;2025-07-26;;
Litoral Norte;21376,0;TOUROS;5269,85;114;10,0;2025-07-28;;
Litoral Norte;21376,0;TOUROS;7637,92;125;9,0;2025-07-29;;
Litoral Norte;21376,0;TOUROS;13009,9;221;17,0;2025-07-30;;
Litoral Norte;21376,0;TOUROS;13178,72;225;15,0;2025-07-31;;
Litoral Norte;21376,0;TOUROS;8551,6;129;13,0;2025-08-01;;
Litoral Norte;21376,0;TOUROS;6362,57;112;8,0;2025-08-02;;
Litoral Norte;21376,0;TOUROS;12907,44;203;18,0;2025-08-04;;
Litoral Norte;21376,0;TOUROS;8857,56;140;15,0;2025-08-05;;
Litoral Norte;21376,0;TOUROS;11228,77;215;15,0;2025-08-06;;
Litoral Norte;21376,0;TOUROS;15882,61;261;23,0;2025-08-07;;
Litoral Norte;21376,0;TOUROS;15728,17;338;35,0;2025-08-08;;
Litoral Norte;21376,0;TOUROS;22409,86;405;35,0;2025-08-09;;
Litoral Norte;21376,0;TOUROS;8649,28;185;14,0;2025-08-11;;
Litoral Norte;21376,0;TOUROS;17629,01;375;22,0;2025-08-12;;
Litoral Norte;21376,0;TOUROS;7714,73;200;11,0;2025-08-13;;
Litoral Norte;21376,0;TOUROS;9908,88;212;16,0;2025-08-14;;
Litoral Norte;21376,0;TOUROS;9775,71;239;13,0;2025-08-15;;
Litoral Norte;21376,0;TOUROS;4871,26;129;7,0;2025-08-16;;
Litoral Norte;21376,0;TOUROS;6566,25;122;11,0;2025-08-18;;
Litoral Norte;21376,0;TOUROS;8949,12;193;12,0;2025-08-19;;
Litoral Norte;21376,0;TOUROS;14691,39;297;17,0;2025-08-20;;
Litoral Norte;21376,0;TOUROS;8289,87;140;12,0;2025-08-21;;
Litoral Norte;21376,0;TOUROS;10748,38;180;18,0;2025-08-22;;
Litoral Norte;21376,0;TOUROS;7680,72;141;8,0;2025-08-23;;
Litoral Norte;21376,0;TOUROS;8160,81;179;15,0;2025-08-25;;
Litoral Norte;21376,0;TOUROS;18682,75;324;23,0;2025-08-26;;
Litoral Norte;21376,0;TOUROS;9773,11;226;14,0;2025-08-27;;
Litoral Norte;21376,0;TOUROS;7982,03;162;14,0;2025-08-28;;
Litoral Norte;21376,0;TOUROS;12674,69;214;16,0;2025-08-29;;
Litoral Norte;21376,0;TOUROS;4807,35;98;9,0;2025-08-30;;
Litoral Norte;21376,0;TOUROS;13446,15;274;19,0;2025-09-01;;
Litoral Norte;21376,0;TOUROS;23263,68;526;33,0;2025-09-02;;
Litoral Norte;21376,0;TOUROS;8817,42;232;16,0;2025-09-03;;
Litoral Norte;21376,0;TOUROS;10133,93;245;16,0;2025-09-04;;
Litoral Norte;21376,0;TOUROS;31480,35;527;23,0;2025-09-05;;
Litoral Norte;21376,0;TOUROS;12995,45;219;16,0;2025-09-06;;
Litoral Norte;21376,0;TOUROS;28021,49;474;26,0;2025-09-08;;
Litoral Norte;21376,0;TOUROS;13442,86;241;21,0;2025-09-09;;
Litoral Norte;21376,0;TOUROS;5379,57;112;11,0;2025-09-10;;
Litoral Norte;21376,0;TOUROS;10123,86;190;16,0;2025-09-11;;
Litoral Norte;21376,0;TOUROS;15262,83;235;15,0;2025-09-12;;
Litoral Norte;21376,0;TOUROS;9133,74;191;14,0;2025-09-13;;
Litoral Norte;21376,0;TOUROS;11129,74;175;16,0;2025-09-15;;
Litoral Norte;21376,0;TOUROS;8670,87;170;19,0;2025-09-16;;
Litoral Norte;21376,0;TOUROS;5218,75;117;8,0;2025-09-17;;
Litoral Norte;21376,0;TOUROS;10921,56;220;18,0;2025-09-18;;
Litoral Norte;21376,0;TOUROS;12259,56;218;16,0;2025-09-19;;
Litoral Norte;21376,0;TOUROS;6970,73;125;14,0;2025-09-20;;
Litoral Norte;21376,0;TOUROS;12706,32;270;24,0;2025-09-22;;
Litoral Norte;21376,0;TOUROS;15536,87;347;22,0;2025-09-23;;
Litoral Norte;21376,0;TOUROS;5142,64;153;7,0;2025-09-24;;
Litoral Norte;21376,0;TOUROS;8801,83;261;12,0;2025-09-25;;
Litoral Norte;21376,0;TOUROS;10929,18;270;13,0;2025-09-26;;
Litoral Norte;21376,0;TOUROS;4716,96;122;8,0;2025-09-27;;
Litoral Norte;21376,0;TOUROS;12772,91;286;15,0;2025-09-29;;
Litoral Norte;21376,0;TOUROS;14795,07;313;22,0;2025-09-30;;
Litoral Norte;21376,0;TOUROS;11727,5;244;14,0;2025-10-01;;
Litoral Norte;21376,0;TOUROS;11755,72;254;15,0;2025-10-02;;
Litoral Norte;21376,0;TOUROS;26917,48;378;17,0;2025-10-03;;
Litoral Norte;21376,0;TOUROS;17431,27;308;18,0;2025-10-04;;
Litoral Norte;21376,0;TOUROS;10290,43;183;15,0;2025-10-06;;
Litoral Norte;21376,0;TOUROS;16243,27;307;23,0;2025-10-07;;
Litoral Norte;21376,0;TOUROS;18138,45;288;20,0;2025-10-08;;
Litoral Norte;21376,0;TOUROS;10355,92;192;13,0;2025-10-09;;
Litoral Norte;21376,0;TOUROS;11883,01;266;22,0;2025-10-10;;
Litoral Norte;21376,0;TOUROS;13902,45;271;15,0;2025-10-11;;
Litoral Norte;21376,0;TOUROS;6495,07;116;10,0;2025-10-13;;
Litoral Norte;21376,0;TOUROS;14692,15;342;26,0;2025-10-14;;
Litoral Norte;21376,0;TOUROS;11533,76;233;12,0;2025-10-15;;
Litoral Norte;21376,0;TOUROS;6841,51;217;12,0;2025-10-16;;
Litoral Norte;21376,0;TOUROS;11026,41;245;16,0;2025-10-17;;
Litoral Norte;21376,0;TOUROS;4678,76;118;11,0;2025-10-18;;
Litoral Norte;21376,0;TOUROS;1978,83;35;4,0;2025-10-20;;
Litoral Norte;21376,0;TOUROS;9943,14;206;15,0;2025-10-21;;
Litoral Norte;21376,0;TOUROS;11278,75;268;20,0;2025-10-22;;
Litoral Norte;21376,0;TOUROS;11539,74;222;15,0;2025-10-23;;
Litoral Norte;21376,0;TOUROS;7576,18;160;10,0;2025-10-24;;
Litoral Norte;21376,0;TOUROS;8013,58;168;14,0;2025-10-25;;
Litoral Norte;21376,0;TOUROS;9827,06;130;14,0;2025-10-27;;
Litoral Norte;21376,0;TOUROS;6003,03;98;11,0;2025-10-28;;
Litoral Norte;21376,0;TOUROS;2576,93;36;7,0;2025-10-29;;
Litoral Norte;21376,0;TOUROS;14292,43;230;22,0;2025-10-30;;
Litoral Norte;21376,0;TOUROS;8690,83;110;12,0;2025-10-31;;
Litoral Norte;21376,0;TOUROS;16110,66;272;18,0;2025-11-01;;
Litoral Norte;21376,0;TOUROS;17487,54;332;23,0;2025-11-03;;
Litoral Norte;21376,0;TOUROS;18055,75;334;25,0;2025-11-04;;
Litoral Norte;21376,0;TOUROS;9140,91;222;16,0;2025-11-05;;
Litoral Norte;21376,0;TOUROS;16416,3;381;21,0;2025-11-06;;
Litoral Norte;21376,0;TOUROS;12039,59;275;20,0;2025-11-07;;
Litoral Norte;21376,0;TOUROS;9190,54;200;17,0;2025-11-08;;
Litoral Norte;21376,0;TOUROS;5448,43;86;7,0;2025-11-10;;
Litoral Norte;21376,0;TOUROS;6645,55;150;12,0;2025-11-11;;
Litoral Norte;21376,0;TOUROS;7987,94;261;17,0;2025-11-12;;
Litoral Norte;21376,0;TOUROS;11951,09;208;14,0;2025-11-13;;
Litoral Norte;21376,0;TOUROS;13973,07;290;19,0;2025-11-14;;
Litoral Norte;21376,0;TOUROS;9736,76;147;15,0;2025-11-15;;
Litoral Norte;21376,0;TOUROS;11683,96;184;15,0;2025-11-17;;
Litoral Norte;21376,0;TOUROS;7301,98;116;12,0;2025-11-18;;
Litoral Norte;21376,0;TOUROS;14603,14;247;16,0;2025-11-19;;
Litoral Norte;21376,0;TOUROS;12490,35;266;15,0;2025-11-20;;
Litoral Norte;21376,0;TOUROS;23350,6;365;28,0;2025-11-21;;
Litoral Norte;21376,0;TOUROS;9753,35;140;16,0;2025-11-22;;
Litoral Norte;21376,0;TOUROS;6058,02;82;11,0;2025-11-24;;
Litoral Norte;21376,0;TOUROS;8781,3;128;13,0;2025-11-25;;
Litoral Norte;21376,0;TOUROS;13488,26;238;18,0;2025-11-26;;
Litoral Norte;21376,0;TOUROS;25026,07;444;27,0;2025-11-27;;
Litoral Norte;21376,0;TOUROS;25956,68;384;29,0;2025-11-28;;
Litoral Norte;21376,0;TOUROS;21195,99;331;34,0;2025-11-29;;
Litoral Norte;21376,0;TOUROS;5658,44;110;7,0;2025-11-30;;
Litoral Norte;21376,0;TOUROS;11047,73;152;17,0;2025-12-01;;
Litoral Norte;21376,0;TOUROS;11857,92;250;14,0;2025-12-02;;
Litoral Norte;21376,0;TOUROS;13233,19;242;21,0;2025-12-03;;
Litoral Norte;21376,0;TOUROS;12586,6;262;22,0;2025-12-04;;
Litoral Norte;21376,0;TOUROS;13167,81;294;18,0;2025-12-05;;
Litoral Norte;21376,0;TOUROS;11775,58;260;13,0;2025-12-06;;
Litoral Norte;21376,0;TOUROS;10073,18;212;12,0;2025-12-08;;
Litoral Norte;21376,0;TOUROS;12258,39;283;17,0;2025-12-09;;
Litoral Norte;21376,0;TOUROS;16811,52;335;22,0;2025-12-10;;
Litoral Norte;21376,0;TOUROS;19794,34;385;19,0;2025-12-11;;
Litoral Norte;21376,0;TOUROS;14880,23;290;13,0;2025-12-12;;
Litoral Norte;21376,0;TOUROS;12399,38;299;24,0;2025-12-13;;
Litoral Norte;21376,0;TOUROS;15789,98;260;17,0;2025-12-15;;
Litoral Norte;21376,0;TOUROS;10565,27;200;16,0;2025-12-16;;
Litoral Norte;21376,0;TOUROS;9271,66;229;15,0;2025-12-17;;
Litoral Norte;21376,0;TOUROS;18440,48;365;19,0;2025-12-18;;
Litoral Norte;21376,0;TOUROS;10675,96;231;15,0;2025-12-19;;
Litoral Norte;21376,0;TOUROS;15639,11;293;19,0;2025-12-20;;
Litoral Norte;21376,0;TOUROS;7020,05;108;10,0;2025-12-21;;
Litoral Norte;21376,0;TOUROS;7268,48;143;10,0;2025-12-22;;
Litoral Norte;21376,0;TOUROS;17448,39;303;24,0;2025-12-23;;
Litoral Norte;21376,0;TOUROS;16692,68;327;24,0;2025-12-24;;
Litoral Norte;21376,0;TOUROS;8992,88;171;10,0;2025-12-26;;
Litoral Norte;21376,0;TOUROS;9205,52;208;16,0;2025-12-27;;
Litoral Norte;21376,0;TOUROS;20679,33;419;24,0;2025-12-29;;
Litoral Norte;21376,0;TOUROS;12439,28;268;17,0;2025-12-30;;
Litoral Norte;21376,0;TOUROS;4789,67;85;7,0;2025-12-31;;
Oeste do Ceará;21412,0;TRAIRI;5991,8;125;16,0;2025-01-02;;
Oeste do Ceará;21412,0;TRAIRI;7639,74;133;18,0;2025-01-03;;
Oeste do Ceará;21412,0;TRAIRI;6021,08;112;22,0;2025-01-04;;
Oeste do Ceará;21412,0;TRAIRI;6347,83;133;15,0;2025-01-06;;
Oeste do Ceará;21412,0;TRAIRI;17448,96;343;33,0;2025-01-07;;
Oeste do Ceará;21412,0;TRAIRI;8806,34;170;20,0;2025-01-08;;
Oeste do Ceará;21412,0;TRAIRI;11557,74;204;33,0;2025-01-09;;
Oeste do Ceará;21412,0;TRAIRI;8448,76;167;25,0;2025-01-10;;
Oeste do Ceará;21412,0;TRAIRI;7464,37;141;18,0;2025-01-11;;
Oeste do Ceará;21412,0;TRAIRI;7340,5;135;22,0;2025-01-13;;
Oeste do Ceará;21412,0;TRAIRI;8808,74;159;20,0;2025-01-14;;
Oeste do Ceará;21412,0;TRAIRI;12616,29;247;25,0;2025-01-15;;
Oeste do Ceará;21412,0;TRAIRI;49356,76;635;57,0;2025-01-16;;
Oeste do Ceará;21412,0;TRAIRI;20163,48;259;29,0;2025-01-17;;
Oeste do Ceará;21412,0;TRAIRI;6950,64;112;18,0;2025-01-18;;
Oeste do Ceará;21412,0;TRAIRI;26389,15;464;45,0;2025-01-20;;
Oeste do Ceará;21412,0;TRAIRI;21302,6;391;58,0;2025-01-21;;
Oeste do Ceará;21412,0;TRAIRI;9463,09;170;22,0;2025-01-22;;
Oeste do Ceará;21412,0;TRAIRI;17977,01;308;31,0;2025-01-23;;
Oeste do Ceará;21412,0;TRAIRI;9260,11;160;17,0;2025-01-24;;
Oeste do Ceará;21412,0;TRAIRI;9411,28;176;24,0;2025-01-25;;
Oeste do Ceará;21412,0;TRAIRI;154,22;4;1,0;2025-01-26;;
Oeste do Ceará;21412,0;TRAIRI;10284,06;170;18,0;2025-01-27;;
Oeste do Ceará;21412,0;TRAIRI;9804,62;176;22,0;2025-01-28;;
Oeste do Ceará;21412,0;TRAIRI;10390,11;175;20,0;2025-01-29;;
Oeste do Ceará;21412,0;TRAIRI;11746,14;235;24,0;2025-01-30;;
Oeste do Ceará;21412,0;TRAIRI;14748,94;228;28,0;2025-01-31;;
Oeste do Ceará;21412,0;TRAIRI;10944,59;194;22,0;2025-02-01;;
Oeste do Ceará;21412,0;TRAIRI;21646,33;298;64,0;2025-02-03;;
Oeste do Ceará;21412,0;TRAIRI;29414,14;488;65,0;2025-02-04;;
Oeste do Ceará;21412,0;TRAIRI;18141,79;316;44,0;2025-02-05;;
Oeste do Ceará;21412,0;TRAIRI;12592,33;214;33,0;2025-02-06;;
Oeste do Ceará;21412,0;TRAIRI;17104,74;284;42,0;2025-02-07;;
Oeste do Ceará;21412,0;TRAIRI;18850,6;346;47,0;2025-02-08;;
Oeste do Ceará;21412,0;TRAIRI;19378,88;308;43,0;2025-02-10;;
Oeste do Ceará;21412,0;TRAIRI;36342,35;562;64,0;2025-02-11;;
Oeste do Ceará;21412,0;TRAIRI;15097,16;279;34,0;2025-02-12;;
Oeste do Ceará;21412,0;TRAIRI;22297,28;416;64,0;2025-02-13;;
Oeste do Ceará;21412,0;TRAIRI;11507,76;217;30,0;2025-02-14;;
Oeste do Ceará;21412,0;TRAIRI;13383,99;227;28,0;2025-02-15;;
Oeste do Ceará;21412,0;TRAIRI;17253,6;292;35,0;2025-02-17;;
Oeste do Ceará;21412,0;TRAIRI;9310,93;165;21,0;2025-02-18;;
Oeste do Ceará;21412,0;TRAIRI;10035,73;200;14,0;2025-02-19;;
Oeste do Ceará;21412,0;TRAIRI;5968,51;120;21,0;2025-02-20;;
Oeste do Ceará;21412,0;TRAIRI;15411,28;341;39,0;2025-02-21;;
Oeste do Ceará;21412,0;TRAIRI;15431,09;273;28,0;2025-02-22;;
Oeste do Ceará;21412,0;TRAIRI;3025,23;70;8,0;2025-02-23;;
Oeste do Ceará;21412,0;TRAIRI;13472,2;295;30,0;2025-02-24;;
Oeste do Ceará;21412,0;TRAIRI;15433,35;230;29,0;2025-02-25;;
Oeste do Ceará;21412,0;TRAIRI;16317,85;305;45,0;2025-02-26;;
Oeste do Ceará;21412,0;TRAIRI;11281,76;224;28,0;2025-02-27;;
Oeste do Ceará;21412,0;TRAIRI;21310,15;375;42,0;2025-02-28;;
Oeste do Ceará;21412,0;TRAIRI;8242,77;119;26,0;2025-03-01;;
Oeste do Ceará;21412,0;TRAIRI;19336,87;368;36,0;2025-03-05;;
Oeste do Ceará;21412,0;TRAIRI;7366,1;152;25,0;2025-03-06;;
Oeste do Ceará;21412,0;TRAIRI;4318,17;77;16,0;2025-03-07;;
Oeste do Ceará;21412,0;TRAIRI;9505,47;153;22,0;2025-03-08;;
Oeste do Ceará;21412,0;TRAIRI;25824,55;448;43,0;2025-03-10;;
Oeste do Ceará;21412,0;TRAIRI;10907,68;214;25,0;2025-03-11;;
Oeste do Ceará;21412,0;TRAIRI;14178,78;268;32,0;2025-03-12;;
Oeste do Ceará;21412,0;TRAIRI;23005,15;380;42,0;2025-03-13;;
Oeste do Ceará;21412,0;TRAIRI;30422,36;409;41,0;2025-03-14;;
Oeste do Ceará;21412,0;TRAIRI;20962,69;354;34,0;2025-03-15;;
Oeste do Ceará;21412,0;TRAIRI;13429,91;237;29,0;2025-03-17;;
Oeste do Ceará;21412,0;TRAIRI;15497,54;237;31,0;2025-03-18;;
Oeste do Ceará;21412,0;TRAIRI;3832,21;66;10,0;2025-03-19;;
Oeste do Ceará;21412,0;TRAIRI;16466,0;257;29,0;2025-03-20;;
Oeste do Ceará;21412,0;TRAIRI;18369,48;300;32,0;2025-03-21;;
Oeste do Ceará;21412,0;TRAIRI;15499,08;263;31,0;2025-03-22;;
Oeste do Ceará;21412,0;TRAIRI;26371,69;429;40,0;2025-03-24;;
Oeste do Ceará;21412,0;TRAIRI;4491,86;89;8,0;2025-03-25;;
Oeste do Ceará;21412,0;TRAIRI;21125,73;365;38,0;2025-03-26;;
Oeste do Ceará;21412,0;TRAIRI;13800,73;219;24,0;2025-03-27;;
Oeste do Ceará;21412,0;TRAIRI;15934,29;289;31,0;2025-03-28;;
Oeste do Ceará;21412,0;TRAIRI;12569,35;223;38,0;2025-03-29;;
Oeste do Ceará;21412,0;TRAIRI;12765,93;211;31,0;2025-03-31;;
Oeste do Ceará;21412,0;TRAIRI;10126,48;186;26,0;2025-04-01;;
Oeste do Ceará;21412,0;TRAIRI;17480,89;290;33,0;2025-04-02;;
Oeste do Ceará;21412,0;TRAIRI;14136,05;281;40,0;2025-04-03;;
Oeste do Ceará;21412,0;TRAIRI;11161,41;191;27,0;2025-04-04;;
Oeste do Ceará;21412,0;TRAIRI;14611,03;251;25,0;2025-04-05;;
Oeste do Ceará;21412,0;TRAIRI;25721,17;397;40,0;2025-04-07;;
Oeste do Ceará;21412,0;TRAIRI;22183,86;323;35,0;2025-04-08;;
Oeste do Ceará;21412,0;TRAIRI;14737,4;239;36,0;2025-04-09;;
Oeste do Ceará;21412,0;TRAIRI;18280,56;259;32,0;2025-04-10;;
Oeste do Ceará;21412,0;TRAIRI;17414,12;246;31,0;2025-04-11;;
Oeste do Ceará;21412,0;TRAIRI;22054,44;336;36,0;2025-04-12;;
Oeste do Ceará;21412,0;TRAIRI;18586,64;302;44,0;2025-04-14;;
Oeste do Ceará;21412,0;TRAIRI;22620,78;351;41,0;2025-04-15;;
Oeste do Ceará;21412,0;TRAIRI;10211,57;148;22,0;2025-04-16;;
Oeste do Ceará;21412,0;TRAIRI;12618,76;194;26,0;2025-04-17;;
Oeste do Ceará;21412,0;TRAIRI;7720,82;105;20,0;2025-04-19;;
Oeste do Ceará;21412,0;TRAIRI;12962,62;218;21,0;2025-04-21;;
Oeste do Ceará;21412,0;TRAIRI;13760,77;211;24,0;2025-04-22;;
Oeste do Ceará;21412,0;TRAIRI;13966,06;233;27,0;2025-04-23;;
Oeste do Ceará;21412,0;TRAIRI;16963,01;263;30,0;2025-04-24;;
Oeste do Ceará;21412,0;TRAIRI;16792,34;240;39,0;2025-04-25;;
Oeste do Ceará;21412,0;TRAIRI;22356,38;346;38,0;2025-04-26;;
Oeste do Ceará;21412,0;TRAIRI;11328,21;176;23,0;2025-04-28;;
Oeste do Ceará;21412,0;TRAIRI;20522,04;353;40,0;2025-04-29;;
Oeste do Ceará;21412,0;TRAIRI;16434,82;255;32,0;2025-04-30;;
Oeste do Ceará;21412,0;TRAIRI;9995,05;160;23,0;2025-05-01;;
Oeste do Ceará;21412,0;TRAIRI;17537,85;290;37,0;2025-05-02;;
Oeste do Ceará;21412,0;TRAIRI;22617,32;314;43,0;2025-05-03;;
Oeste do Ceará;21412,0;TRAIRI;1100,81;14;3,0;2025-05-04;;
Oeste do Ceará;21412,0;TRAIRI;14165,99;219;32,0;2025-05-05;;
Oeste do Ceará;21412,0;TRAIRI;18294,8;248;33,0;2025-05-06;;
Oeste do Ceará;21412,0;TRAIRI;23110,63;356;50,0;2025-05-07;;
Oeste do Ceará;21412,0;TRAIRI;24762,74;365;55,0;2025-05-08;;
Oeste do Ceará;21412,0;TRAIRI;29845,57;453;70,0;2025-05-09;;
Oeste do Ceará;21412,0;TRAIRI;28221,59;410;78,0;2025-05-10;;
Oeste do Ceará;21412,0;TRAIRI;4521,27;55;17,0;2025-05-11;;
Oeste do Ceará;21412,0;TRAIRI;31087,34;555;45,0;2025-05-12;;
Oeste do Ceará;21412,0;TRAIRI;15985,7;287;38,0;2025-05-13;;
Oeste do Ceará;21412,0;TRAIRI;8379,13;180;18,0;2025-05-14;;
Oeste do Ceará;21412,0;TRAIRI;15635,64;299;31,0;2025-05-15;;
Oeste do Ceará;21412,0;TRAIRI;20442,37;386;39,0;2025-05-16;;
Oeste do Ceará;21412,0;TRAIRI;16253,86;242;26,0;2025-05-17;;
Oeste do Ceará;21412,0;TRAIRI;37414,24;557;44,0;2025-05-19;;
Oeste do Ceará;21412,0;TRAIRI;20663,52;345;43,0;2025-05-20;;
Oeste do Ceará;21412,0;TRAIRI;15747,8;288;29,0;2025-05-21;;
Oeste do Ceará;21412,0;TRAIRI;36498,7;566;57,0;2025-05-22;;
Oeste do Ceará;21412,0;TRAIRI;20744,1;376;36,0;2025-05-23;;
Oeste do Ceará;21412,0;TRAIRI;23263,27;415;46,0;2025-05-24;;
Oeste do Ceará;21412,0;TRAIRI;20829,77;325;43,0;2025-05-26;;
Oeste do Ceará;21412,0;TRAIRI;12158,08;202;32,0;2025-05-27;;
Oeste do Ceará;21412,0;TRAIRI;21820,55;350;45,0;2025-05-28;;
Oeste do Ceará;21412,0;TRAIRI;11171,06;176;22,0;2025-05-29;;
Oeste do Ceará;21412,0;TRAIRI;16151,64;260;37,0;2025-05-30;;
Oeste do Ceará;21412,0;TRAIRI;12798,69;247;38,0;2025-05-31;;
Oeste do Ceará;21412,0;TRAIRI;13970,79;245;33,0;2025-06-02;;
Oeste do Ceará;21412,0;TRAIRI;15845,59;263;38,0;2025-06-03;;
Oeste do Ceará;21412,0;TRAIRI;11078,39;182;28,0;2025-06-04;;
Oeste do Ceará;21412,0;TRAIRI;15783,86;335;38,0;2025-06-05;;
Oeste do Ceará;21412,0;TRAIRI;18282,42;342;40,0;2025-06-06;;
Oeste do Ceará;21412,0;TRAIRI;13397,22;302;34,0;2025-06-07;;
Oeste do Ceará;21412,0;TRAIRI;12157,39;210;30,0;2025-06-09;;
Oeste do Ceará;21412,0;TRAIRI;16984,59;295;36,0;2025-06-10;;
Oeste do Ceará;21412,0;TRAIRI;23349,44;404;48,0;2025-06-11;;
Oeste do Ceará;21412,0;TRAIRI;22097,36;439;60,0;2025-06-12;;
Oeste do Ceará;21412,0;TRAIRI;50810,49;896;71,0;2025-06-13;;
Oeste do Ceará;21412,0;TRAIRI;19237,99;374;43,0;2025-06-14;;
Oeste do Ceará;21412,0;TRAIRI;18727,52;336;39,0;2025-06-16;;
Oeste do Ceará;21412,0;TRAIRI;8062,97;113;18,0;2025-06-17;;
Oeste do Ceará;21412,0;TRAIRI;15908,42;229;34,0;2025-06-18;;
Oeste do Ceará;21412,0;TRAIRI;12655,53;202;23,0;2025-06-19;;
Oeste do Ceará;21412,0;TRAIRI;16500,74;325;35,0;2025-06-20;;
Oeste do Ceará;21412,0;TRAIRI;11879,79;216;32,0;2025-06-21;;
Oeste do Ceará;21412,0;TRAIRI;27265,5;288;34,0;2025-06-23;;
Oeste do Ceará;21412,0;TRAIRI;9549,05;146;20,0;2025-06-24;;
Oeste do Ceará;21412,0;TRAIRI;21450,91;269;35,0;2025-06-25;;
Oeste do Ceará;21412,0;TRAIRI;14223,76;202;27,0;2025-06-26;;
Oeste do Ceará;21412,0;TRAIRI;25349,52;348;49,0;2025-06-27;;
Oeste do Ceará;21412,0;TRAIRI;10578,92;139;23,0;2025-06-28;;
Oeste do Ceará;21412,0;TRAIRI;29577,22;459;46,0;2025-06-30;;
Oeste do Ceará;21412,0;TRAIRI;19181,58;403;46,0;2025-07-01;;
Oeste do Ceará;21412,0;TRAIRI;19974,26;447;43,0;2025-07-02;;
Oeste do Ceará;21412,0;TRAIRI;21826,91;399;46,0;2025-07-03;;
Oeste do Ceará;21412,0;TRAIRI;15095,82;301;34,0;2025-07-04;;
Oeste do Ceará;21412,0;TRAIRI;19431,61;364;33,0;2025-07-05;;
Oeste do Ceará;21412,0;TRAIRI;12250,42;278;36,0;2025-07-07;;
Oeste do Ceará;21412,0;TRAIRI;16670,99;330;28,0;2025-07-08;;
Oeste do Ceará;21412,0;TRAIRI;10057,99;221;30,0;2025-07-09;;
Oeste do Ceará;21412,0;TRAIRI;8402,36;176;20,0;2025-07-10;;
Oeste do Ceará;21412,0;TRAIRI;14019,61;277;32,0;2025-07-11;;
Oeste do Ceará;21412,0;TRAIRI;12230,3;270;24,0;2025-07-12;;
Oeste do Ceará;21412,0;TRAIRI;8901,65;192;26,0;2025-07-14;;
Oeste do Ceará;21412,0;TRAIRI;16372,21;268;32,0;2025-07-15;;
Oeste do Ceará;21412,0;TRAIRI;11188,76;217;27,0;2025-07-16;;
Oeste do Ceará;21412,0;TRAIRI;24101,49;477;55,0;2025-07-17;;
Oeste do Ceará;21412,0;TRAIRI;18212,61;284;32,0;2025-07-18;;
Oeste do Ceará;21412,0;TRAIRI;11577,19;181;24,0;2025-07-19;;
Oeste do Ceará;21412,0;TRAIRI;16933,63;416;29,0;2025-07-21;;
Oeste do Ceará;21412,0;TRAIRI;25293,79;395;42,0;2025-07-22;;
Oeste do Ceará;21412,0;TRAIRI;22766,1;506;44,0;2025-07-23;;
Oeste do Ceará;21412,0;TRAIRI;12251,27;243;30,0;2025-07-24;;
Oeste do Ceará;21412,0;TRAIRI;18273,48;433;28,0;2025-07-25;;
Oeste do Ceará;21412,0;TRAIRI;9465,75;209;20,0;2025-07-26;;
Oeste do Ceará;21412,0;TRAIRI;13747,53;188;21,0;2025-07-28;;
Oeste do Ceará;21412,0;TRAIRI;9545,14;168;24,0;2025-07-29;;
Oeste do Ceará;21412,0;TRAIRI;18353,12;365;38,0;2025-07-30;;
Oeste do Ceará;21412,0;TRAIRI;8644,51;162;22,0;2025-07-31;;
Oeste do Ceará;21412,0;TRAIRI;13835,32;243;25,0;2025-08-01;;
Oeste do Ceará;21412,0;TRAIRI;16140,11;326;30,0;2025-08-02;;
Oeste do Ceará;21412,0;TRAIRI;20377,91;399;41,0;2025-08-04;;
Oeste do Ceará;21412,0;TRAIRI;21193,62;472;42,0;2025-08-05;;
Oeste do Ceará;21412,0;TRAIRI;21045,88;541;47,0;2025-08-06;;
Oeste do Ceará;21412,0;TRAIRI;21776,42;480;49,0;2025-08-07;;
Oeste do Ceará;21412,0;TRAIRI;24220,66;490;45,0;2025-08-08;;
Oeste do Ceará;21412,0;TRAIRI;25759,83;423;57,0;2025-08-09;;
Oeste do Ceará;21412,0;TRAIRI;10393,38;166;26,0;2025-08-10;;
Oeste do Ceará;21412,0;TRAIRI;29919,18;754;42,0;2025-08-11;;
Oeste do Ceará;21412,0;TRAIRI;19469,57;435;45,0;2025-08-12;;
Oeste do Ceará;21412,0;TRAIRI;15343,36;307;27,0;2025-08-13;;
Oeste do Ceará;21412,0;TRAIRI;11755,74;232;22,0;2025-08-14;;
Oeste do Ceará;21412,0;TRAIRI;14810,11;331;34,0;2025-08-15;;
Oeste do Ceará;21412,0;TRAIRI;16196,33;320;37,0;2025-08-16;;
Oeste do Ceará;21412,0;TRAIRI;11890,24;239;31,0;2025-08-18;;
Oeste do Ceará;21412,0;TRAIRI;10886,23;228;27,0;2025-08-19;;
Oeste do Ceará;21412,0;TRAIRI;25521,9;473;51,0;2025-08-20;;
Oeste do Ceará;21412,0;TRAIRI;24404,92;418;42,0;2025-08-21;;
Oeste do Ceará;21412,0;TRAIRI;19063,31;326;36,0;2025-08-22;;
Oeste do Ceará;21412,0;TRAIRI;12306,34;184;24,0;2025-08-23;;
Oeste do Ceará;21412,0;TRAIRI;7884,73;147;17,0;2025-08-25;;
Oeste do Ceará;21412,0;TRAIRI;15327,57;272;41,0;2025-08-26;;
Oeste do Ceará;21412,0;TRAIRI;28739,07;460;45,0;2025-08-27;;
Oeste do Ceará;21412,0;TRAIRI;14882,8;249;37,0;2025-08-28;;
Oeste do Ceará;21412,0;TRAIRI;17399,22;295;42,0;2025-08-29;;
Oeste do Ceará;21412,0;TRAIRI;21999,71;406;44,0;2025-08-30;;
Oeste do Ceará;21412,0;TRAIRI;15759,22;246;23,0;2025-08-31;;
Oeste do Ceará;21412,0;TRAIRI;18795,17;394;37,0;2025-09-01;;
Oeste do Ceará;21412,0;TRAIRI;23890,79;492;43,0;2025-09-02;;
Oeste do Ceará;21412,0;TRAIRI;16074,0;270;29,0;2025-09-03;;
Oeste do Ceará;21412,0;TRAIRI;12049,41;217;25,0;2025-09-04;;
Oeste do Ceará;21412,0;TRAIRI;65007,14;980;86,0;2025-09-05;;
Oeste do Ceará;21412,0;TRAIRI;159211,64;2450;113,0;2025-09-06;;
Oeste do Ceará;21412,0;TRAIRI;86997,11;1285;142,0;2025-09-08;;
Oeste do Ceará;21412,0;TRAIRI;86342,84;1303;139,0;2025-09-09;;
Oeste do Ceará;21412,0;TRAIRI;93871,19;1305;135,0;2025-09-10;;
Oeste do Ceará;21412,0;TRAIRI;123190,37;1563;226,0;2025-09-11;;
Oeste do Ceará;21412,0;TRAIRI;103592,9;1315;174,0;2025-09-12;;
Oeste do Ceará;21412,0;TRAIRI;78392,11;1063;99,0;2025-09-13;;
Oeste do Ceará;21412,0;TRAIRI;151593,07;1694;224,0;2025-09-15;;
Oeste do Ceará;21412,0;TRAIRI;100240,42;1396;182,0;2025-09-16;;
Oeste do Ceará;21412,0;TRAIRI;66616,07;1271;140,0;2025-09-17;;
Oeste do Ceará;21412,0;TRAIRI;113251,29;2228;226,0;2025-09-18;;
Oeste do Ceará;21412,0;TRAIRI;137470,21;2441;258,0;2025-09-19;;
Oeste do Ceará;21412,0;TRAIRI;128545,21;2140;190,0;2025-09-20;;
Oeste do Ceará;21412,0;TRAIRI;60469,44;876;117,0;2025-09-21;;
Oeste do Ceará;21412,0;TRAIRI;154780,91;2347;289,0;2025-09-23;;
Oeste do Ceará;21412,0;TRAIRI;66335,64;1325;56,0;2025-09-24;;
Oeste do Ceará;21412,0;TRAIRI;147632,99;2675;154,0;2025-09-25;;
Oeste do Ceará;21412,0;TRAIRI;173972,25;2846;172,0;2025-09-26;;
Oeste do Ceará;21412,0;TRAIRI;207560,83;3484;319,0;2025-09-27;;
Oeste do Ceará;21412,0;TRAIRI;343619,44;5481;317,0;2025-09-28;;
Oeste do Ceará;21412,0;TRAIRI;10535,27;247;21,0;2025-09-29;;
Oeste do Ceará;21412,0;TRAIRI;12100,52;294;26,0;2025-09-30;;
Oeste do Ceará;21412,0;TRAIRI;11527,3;315;29,0;2025-10-01;;
Oeste do Ceará;21412,0;TRAIRI;11165,61;289;30,0;2025-10-02;;
Oeste do Ceará;21412,0;TRAIRI;23182,41;524;41,0;2025-10-03;;
Oeste do Ceará;21412,0;TRAIRI;26129,6;511;45,0;2025-10-04;;
Oeste do Ceará;21412,0;TRAIRI;21443,33;385;52,0;2025-10-06;;
Oeste do Ceará;21412,0;TRAIRI;23363,07;391;40,0;2025-10-07;;
Oeste do Ceará;21412,0;TRAIRI;26149,62;467;60,0;2025-10-08;;
Oeste do Ceará;21412,0;TRAIRI;30782,54;554;65,0;2025-10-09;;
Oeste do Ceará;21412,0;TRAIRI;20295,06;395;47,0;2025-10-10;;
Oeste do Ceará;21412,0;TRAIRI;23809,12;363;51,0;2025-10-11;;
Oeste do Ceará;21412,0;TRAIRI;3018,46;55;9,0;2025-10-12;;
Oeste do Ceará;21412,0;TRAIRI;19961,31;351;49,0;2025-10-13;;
Oeste do Ceará;21412,0;TRAIRI;27769,92;520;54,0;2025-10-14;;
Oeste do Ceará;21412,0;TRAIRI;17504,22;406;39,0;2025-10-15;;
Oeste do Ceará;21412,0;TRAIRI;12413,98;285;34,0;2025-10-16;;
Oeste do Ceará;21412,0;TRAIRI;19314,2;422;35,0;2025-10-17;;
Oeste do Ceará;21412,0;TRAIRI;20046,2;417;40,0;2025-10-18;;
Oeste do Ceará;21412,0;TRAIRI;18431,9;352;41,0;2025-10-20;;
Oeste do Ceará;21412,0;TRAIRI;13901,01;202;35,0;2025-10-21;;
Oeste do Ceará;21412,0;TRAIRI;21063,21;420;44,0;2025-10-22;;
Oeste do Ceará;21412,0;TRAIRI;14154,85;252;26,0;2025-10-23;;
Oeste do Ceará;21412,0;TRAIRI;15759,76;240;36,0;2025-10-24;;
Oeste do Ceará;21412,0;TRAIRI;16897,5;271;34,0;2025-10-25;;
Oeste do Ceará;21412,0;TRAIRI;16825,27;288;41,0;2025-10-27;;
Oeste do Ceará;21412,0;TRAIRI;16107,2;261;39,0;2025-10-28;;
Oeste do Ceará;21412,0;TRAIRI;28323,49;478;43,0;2025-10-29;;
Oeste do Ceará;21412,0;TRAIRI;30602,99;489;54,0;2025-10-30;;
Oeste do Ceará;21412,0;TRAIRI;27984,17;579;51,0;2025-10-31;;
Oeste do Ceará;21412,0;TRAIRI;25635,79;379;57,0;2025-11-01;;
Oeste do Ceará;21412,0;TRAIRI;36137,94;770;71,0;2025-11-03;;
Oeste do Ceará;21412,0;TRAIRI;27731,84;547;64,0;2025-11-04;;
Oeste do Ceará;21412,0;TRAIRI;28264,8;534;56,0;2025-11-05;;
Oeste do Ceará;21412,0;TRAIRI;17106,97;367;44,0;2025-11-06;;
Oeste do Ceará;21412,0;TRAIRI;21339,31;417;52,0;2025-11-07;;
Oeste do Ceará;21412,0;TRAIRI;14774,35;284;36,0;2025-11-08;;
Oeste do Ceará;21412,0;TRAIRI;17911,7;356;30,0;2025-11-10;;
Oeste do Ceará;21412,0;TRAIRI;23118,78;502;47,0;2025-11-11;;
Oeste do Ceará;21412,0;TRAIRI;27471,26;537;69,0;2025-11-12;;
Oeste do Ceará;21412,0;TRAIRI;20219,85;423;39,0;2025-11-13;;
Oeste do Ceará;21412,0;TRAIRI;12502,16;246;36,0;2025-11-14;;
Oeste do Ceará;21412,0;TRAIRI;10254,45;242;21,0;2025-11-15;;
Oeste do Ceará;21412,0;TRAIRI;20159,59;350;44,0;2025-11-17;;
Oeste do Ceará;21412,0;TRAIRI;18749,98;355;46,0;2025-11-18;;
Oeste do Ceará;21412,0;TRAIRI;29941,86;462;60,0;2025-11-19;;
Oeste do Ceará;21412,0;TRAIRI;30461,64;447;39,0;2025-11-20;;
Oeste do Ceará;21412,0;TRAIRI;28403,04;440;56,0;2025-11-21;;
Oeste do Ceará;21412,0;TRAIRI;6581,82;111;17,0;2025-11-22;;
Oeste do Ceará;21412,0;TRAIRI;30329,72;484;62,0;2025-11-24;;
Oeste do Ceará;21412,0;TRAIRI;21198,84;412;46,0;2025-11-25;;
Oeste do Ceará;21412,0;TRAIRI;18272,87;333;48,0;2025-11-26;;
Oeste do Ceará;21412,0;TRAIRI;58029,15;1029;82,0;2025-11-27;;
Oeste do Ceará;21412,0;TRAIRI;35136,08;658;72,0;2025-11-28;;
Oeste do Ceará;21412,0;TRAIRI;28129,49;560;65,0;2025-11-29;;
Oeste do Ceará;21412,0;TRAIRI;9467,14;136;21,0;2025-11-30;;
Oeste do Ceará;21412,0;TRAIRI;14950,68;249;37,0;2025-12-01;;
Oeste do Ceará;21412,0;TRAIRI;45742,72;714;70,0;2025-12-02;;
Oeste do Ceará;21412,0;TRAIRI;30392,32;609;70,0;2025-12-03;;
Oeste do Ceará;21412,0;TRAIRI;34203,57;575;62,0;2025-12-04;;
Oeste do Ceará;21412,0;TRAIRI;17419,97;580;41,0;2025-12-05;;
Oeste do Ceará;21412,0;TRAIRI;10981,69;295;34,0;2025-12-06;;
Oeste do Ceará;21412,0;TRAIRI;16487,31;389;54,0;2025-12-08;;
Oeste do Ceará;21412,0;TRAIRI;7001,29;201;25,0;2025-12-09;;
Oeste do Ceará;21412,0;TRAIRI;12354,21;397;40,0;2025-12-10;;
Oeste do Ceará;21412,0;TRAIRI;20578,2;486;41,0;2025-12-11;;
Oeste do Ceará;21412,0;TRAIRI;20292,33;484;38,0;2025-12-12;;
Oeste do Ceará;21412,0;TRAIRI;14844,83;313;39,0;2025-12-13;;
Oeste do Ceará;21412,0;TRAIRI;2976,55;60;7,0;2025-12-14;;
Oeste do Ceará;21412,0;TRAIRI;22570,55;408;67,0;2025-12-15;;
Oeste do Ceará;21412,0;TRAIRI;20234,02;365;52,0;2025-12-16;;
Oeste do Ceará;21412,0;TRAIRI;22947,15;452;51,0;2025-12-17;;
Oeste do Ceará;21412,0;TRAIRI;18503,77;353;43,0;2025-12-18;;
Oeste do Ceará;21412,0;TRAIRI;11888,49;278;33,0;2025-12-19;;
Oeste do Ceará;21412,0;TRAIRI;16656,53;376;47,0;2025-12-20;;
Oeste do Ceará;21412,0;TRAIRI;3079,54;48;8,0;2025-12-21;;
Oeste do Ceará;21412,0;TRAIRI;17372,85;360;47,0;2025-12-22;;
Oeste do Ceará;21412,0;TRAIRI;22160,28;487;59,0;2025-12-23;;
Oeste do Ceará;21412,0;TRAIRI;29827,29;568;64,0;2025-12-24;;
Oeste do Ceará;21412,0;TRAIRI;32025,62;595;59,0;2025-12-26;;
Oeste do Ceará;21412,0;TRAIRI;20976,16;441;43,0;2025-12-27;;
Oeste do Ceará;21412,0;TRAIRI;31094,0;580;59,0;2025-12-29;;
Oeste do Ceará;21412,0;TRAIRI;28172,27;542;51,0;2025-12-30;;
Oeste do Ceará;21412,0;TRAIRI;8158,64;158;26,0;2025-12-31;;
São Luís;21125,0;TURU;52204,95;990;124,0;2025-01-02;;
São Luís;21125,0;TURU;83175,86;1722;170,0;2025-01-03;;
São Luís;21125,0;TURU;68978,72;1395;134,0;2025-01-04;;
São Luís;21125,0;TURU;83183,4;1548;188,0;2025-01-06;;
São Luís;21125,0;TURU;104676,84;2013;219,0;2025-01-07;;
São Luís;21125,0;TURU;154116,21;3072;285,0;2025-01-08;;
São Luís;21125,0;TURU;106476,43;2031;211,0;2025-01-09;;
São Luís;21125,0;TURU;124775,55;2308;248,0;2025-01-10;;
São Luís;21125,0;TURU;126792,47;2276;220,0;2025-01-11;;
São Luís;21125,0;TURU;111399,45;1922;229,0;2025-01-13;;
São Luís;21125,0;TURU;118175,05;2202;192,0;2025-01-14;;
São Luís;21125,0;TURU;115608,37;1969;217,0;2025-01-15;;
São Luís;21125,0;TURU;160598,27;2456;268,0;2025-01-16;;
São Luís;21125,0;TURU;214670,19;3156;342,0;2025-01-17;;
São Luís;21125,0;TURU;140680,11;2153;213,0;2025-01-18;;
São Luís;21125,0;TURU;45812,32;672;73,0;2025-01-19;;
São Luís;21125,0;TURU;183073,13;3209;279,0;2025-01-20;;
São Luís;21125,0;TURU;212740,83;3758;343,0;2025-01-21;;
São Luís;21125,0;TURU;142137,31;2563;269,0;2025-01-22;;
São Luís;21125,0;TURU;139624,93;2386;244,0;2025-01-23;;
São Luís;21125,0;TURU;102760,55;1889;205,0;2025-01-24;;
São Luís;21125,0;TURU;96478,51;1723;185,0;2025-01-25;;
São Luís;21125,0;TURU;30533,17;610;50,0;2025-01-26;;
São Luís;21125,0;TURU;107903,84;1838;200,0;2025-01-27;;
São Luís;21125,0;TURU;149621,8;2751;249,0;2025-01-28;;
São Luís;21125,0;TURU;162072,99;2976;249,0;2025-01-29;;
São Luís;21125,0;TURU;117497,69;2167;240,0;2025-01-30;;
São Luís;21125,0;TURU;109708,15;1975;206,0;2025-01-31;;
São Luís;21125,0;TURU;102346,22;1831;178,0;2025-02-01;;
São Luís;21125,0;TURU;89966,57;1560;187,0;2025-02-03;;
São Luís;21125,0;TURU;123190,05;2058;216,0;2025-02-04;;
São Luís;21125,0;TURU;139748,58;2276;234,0;2025-02-05;;
São Luís;21125,0;TURU;163708,14;2924;269,0;2025-02-06;;
São Luís;21125,0;TURU;161689,06;2626;280,0;2025-02-07;;
São Luís;21125,0;TURU;189529,21;3219;316,0;2025-02-08;;
São Luís;21125,0;TURU;202440,25;3335;335,0;2025-02-10;;
São Luís;21125,0;TURU;181237,13;2946;314,0;2025-02-11;;
São Luís;21125,0;TURU;181684,91;3332;353,0;2025-02-12;;
São Luís;21125,0;TURU;202307,89;3552;341,0;2025-02-13;;
São Luís;21125,0;TURU;151878,96;2684;224,0;2025-02-14;;
São Luís;21125,0;TURU;129165,69;2344;202,0;2025-02-15;;
São Luís;21125,0;TURU;27427,42;458;36,0;2025-02-16;;
São Luís;21125,0;TURU;86794,51;1513;155,0;2025-02-17;;
São Luís;21125,0;TURU;68380,31;1344;137,0;2025-02-18;;
São Luís;21125,0;TURU;91927,16;1933;163,0;2025-02-19;;
São Luís;21125,0;TURU;106199,96;2197;166,0;2025-02-20;;
São Luís;21125,0;TURU;139519,31;2793;256,0;2025-02-21;;
São Luís;21125,0;TURU;166819,76;3219;255,0;2025-02-22;;
São Luís;21125,0;TURU;13909,92;278;26,0;2025-02-23;;
São Luís;21125,0;TURU;87317,1;1722;166,0;2025-02-24;;
São Luís;21125,0;TURU;163000,53;3030;244,0;2025-02-25;;
São Luís;21125,0;TURU;128935,51;2535;224,0;2025-02-26;;
São Luís;21125,0;TURU;113961,63;1975;231,0;2025-02-27;;
São Luís;21125,0;TURU;154933,39;2628;270,0;2025-02-28;;
São Luís;21125,0;TURU;115437,28;1993;216,0;2025-03-01;;
São Luís;21125,0;TURU;91934,68;1821;175,0;2025-03-05;;
São Luís;21125,0;TURU;175582,98;3116;314,0;2025-03-06;;
São Luís;21125,0;TURU;158027,3;2987;213,0;2025-03-07;;
São Luís;21125,0;TURU;135816,13;2676;229,0;2025-03-08;;
São Luís;21125,0;TURU;260933,38;4513;300,0;2025-03-10;;
São Luís;21125,0;TURU;228389,5;3820;269,0;2025-03-11;;
São Luís;21125,0;TURU;217557,96;4065;281,0;2025-03-12;;
São Luís;21125,0;TURU;171013,65;3067;244,0;2025-03-13;;
São Luís;21125,0;TURU;321240,26;4781;293,0;2025-03-14;;
São Luís;21125,0;TURU;290251,5;4683;342,0;2025-03-15;;
São Luís;21125,0;TURU;171630,56;2756;265,0;2025-03-17;;
São Luís;21125,0;TURU;191542,13;3072;278,0;2025-03-18;;
São Luís;21125,0;TURU;239696,09;3754;315,0;2025-03-19;;
São Luís;21125,0;TURU;155184,07;2535;240,0;2025-03-20;;
São Luís;21125,0;TURU;135574,69;2277;222,0;2025-03-21;;
São Luís;21125,0;TURU;213420,43;3431;338,0;2025-03-22;;
São Luís;21125,0;TURU;48815,23;753;70,0;2025-03-23;;
São Luís;21125,0;TURU;165319,01;2730;288,0;2025-03-24;;
São Luís;21125,0;TURU;181621,91;3149;298,0;2025-03-25;;
São Luís;21125,0;TURU;118765,68;2100;220,0;2025-03-26;;
São Luís;21125,0;TURU;126043,94;2431;218,0;2025-03-27;;
São Luís;21125,0;TURU;144524,18;2652;249,0;2025-03-28;;
São Luís;21125,0;TURU;155969,11;2682;223,0;2025-03-29;;
São Luís;21125,0;TURU;35496,39;672;50,0;2025-03-30;;
São Luís;21125,0;TURU;103763,32;1767;196,0;2025-03-31;;
São Luís;21125,0;TURU;96713,26;1905;155,0;2025-04-01;;
São Luís;21125,0;TURU;154502,82;2982;271,0;2025-04-02;;
São Luís;21125,0;TURU;145667,84;2683;224,0;2025-04-03;;
São Luís;21125,0;TURU;161600,47;3121;276,0;2025-04-04;;
São Luís;21125,0;TURU;171014,74;3742;274,0;2025-04-05;;
São Luís;21125,0;TURU;143490,01;2613;238,0;2025-04-07;;
São Luís;21125,0;TURU;157667,3;2729;250,0;2025-04-08;;
São Luís;21125,0;TURU;152964,55;2480;240,0;2025-04-09;;
São Luís;21125,0;TURU;214802,24;3557;321,0;2025-04-10;;
São Luís;21125,0;TURU;185543,73;3000;299,0;2025-04-11;;
São Luís;21125,0;TURU;204079,85;3189;292,0;2025-04-12;;
São Luís;21125,0;TURU;57734,8;892;85,0;2025-04-13;;
São Luís;21125,0;TURU;196210,9;3478;325,0;2025-04-14;;
São Luís;21125,0;TURU;212220,23;3748;346,0;2025-04-15;;
São Luís;21125,0;TURU;150770,54;2740;237,0;2025-04-16;;
São Luís;21125,0;TURU;143160,67;2740;213,0;2025-04-17;;
São Luís;21125,0;TURU;124911,57;2102;204,0;2025-04-19;;
São Luís;21125,0;TURU;32872,29;565;60,0;2025-04-21;;
São Luís;21125,0;TURU;98001,93;1676;167,0;2025-04-22;;
São Luís;21125,0;TURU;127672,7;2288;180,0;2025-04-23;;
São Luís;21125,0;TURU;118942,9;2119;206,0;2025-04-24;;
São Luís;21125,0;TURU;150848,06;2568;224,0;2025-04-25;;
São Luís;21125,0;TURU;166455,73;2732;257,0;2025-04-26;;
São Luís;21125,0;TURU;21535,06;345;41,0;2025-04-27;;
São Luís;21125,0;TURU;116451,46;1863;202,0;2025-04-28;;
São Luís;21125,0;TURU;151525,4;2429;257,0;2025-04-29;;
São Luís;21125,0;TURU;176913,73;2860;271,0;2025-04-30;;
São Luís;21125,0;TURU;207061,59;3389;298,0;2025-05-02;;
São Luís;21125,0;TURU;235034,64;3447;284,0;2025-05-03;;
São Luís;21125,0;TURU;259309,6;4122;374,0;2025-05-05;;
São Luís;21125,0;TURU;286951,96;4271;376,0;2025-05-06;;
São Luís;21125,0;TURU;302900,16;4315;405,0;2025-05-07;;
São Luís;21125,0;TURU;343574,77;5109;486,0;2025-05-08;;
São Luís;21125,0;TURU;318761,43;5125;491,0;2025-05-09;;
São Luís;21125,0;TURU;296792,83;4587;478,0;2025-05-10;;
São Luís;21125,0;TURU;49169,49;824;100,0;2025-05-11;;
São Luís;21125,0;TURU;139173,52;2305;237,0;2025-05-12;;
São Luís;21125,0;TURU;149453,31;2437;282,0;2025-05-13;;
São Luís;21125,0;TURU;135227,24;2315;191,0;2025-05-14;;
São Luís;21125,0;TURU;182343,76;3403;259,0;2025-05-15;;
São Luís;21125,0;TURU;187621,61;3357;269,0;2025-05-16;;
São Luís;21125,0;TURU;171086,37;3149;252,0;2025-05-17;;
São Luís;21125,0;TURU;263223,19;5084;303,0;2025-05-19;;
São Luís;21125,0;TURU;257941,51;4942;310,0;2025-05-20;;
São Luís;21125,0;TURU;253935,06;4592;383,0;2025-05-21;;
São Luís;21125,0;TURU;323467,64;5508;396,0;2025-05-22;;
São Luís;21125,0;TURU;244678,28;4032;356,0;2025-05-23;;
São Luís;21125,0;TURU;252633,72;4090;396,0;2025-05-24;;
São Luís;21125,0;TURU;73349,13;1127;82,0;2025-05-25;;
São Luís;21125,0;TURU;148093,25;2419;260,0;2025-05-26;;
São Luís;21125,0;TURU;196867,24;3377;320,0;2025-05-27;;
São Luís;21125,0;TURU;125520,31;2209;250,0;2025-05-28;;
São Luís;21125,0;TURU;100868,32;1812;177,0;2025-05-29;;
São Luís;21125,0;TURU;129482,27;2173;225,0;2025-05-30;;
São Luís;21125,0;TURU;123813,23;2260;232,0;2025-05-31;;
São Luís;21125,0;TURU;115181,39;2091;209,0;2025-06-02;;
São Luís;21125,0;TURU;132208,5;2473;195,0;2025-06-03;;
São Luís;21125,0;TURU;113598,76;2239;214,0;2025-06-04;;
São Luís;21125,0;TURU;141878,91;2637;256,0;2025-06-05;;
São Luís;21125,0;TURU;170456,06;3278;264,0;2025-06-06;;
São Luís;21125,0;TURU;209924,34;3598;333,0;2025-06-07;;
São Luís;21125,0;TURU;53516,74;955;71,0;2025-06-08;;
São Luís;21125,0;TURU;163931,44;2821;278,0;2025-06-09;;
São Luís;21125,0;TURU;217863,02;3524;346,0;2025-06-10;;
São Luís;21125,0;TURU;247558,72;3812;373,0;2025-06-11;;
São Luís;21125,0;TURU;214991,2;3286;402,0;2025-06-12;;
São Luís;21125,0;TURU;241146,41;4847;366,0;2025-06-13;;
São Luís;21125,0;TURU;245401,81;4388;391,0;2025-06-14;;
São Luís;21125,0;TURU;189852,01;2974;293,0;2025-06-16;;
São Luís;21125,0;TURU;211226,06;2847;309,0;2025-06-17;;
São Luís;21125,0;TURU;175700,56;2579;256,0;2025-06-18;;
São Luís;21125,0;TURU;96302,02;1575;137,0;2025-06-19;;
São Luís;21125,0;TURU;190476,57;2811;292,0;2025-06-20;;
São Luís;21125,0;TURU;93603,91;1754;206,0;2025-06-21;;
São Luís;21125,0;TURU;23158,63;478;45,0;2025-06-22;;
São Luís;21125,0;TURU;173759,21;2744;262,0;2025-06-23;;
São Luís;21125,0;TURU;157923,68;2354;281,0;2025-06-24;;
São Luís;21125,0;TURU;136474,98;2220;242,0;2025-06-25;;
São Luís;21125,0;TURU;171121,35;2597;272,0;2025-06-26;;
São Luís;21125,0;TURU;204440,57;3096;290,0;2025-06-27;;
São Luís;21125,0;TURU;203972,8;3025;322,0;2025-06-28;;
São Luís;21125,0;TURU;58290,11;782;82,0;2025-06-29;;
São Luís;21125,0;TURU;200056,97;3465;288,0;2025-06-30;;
São Luís;21125,0;TURU;178429,63;3242;299,0;2025-07-01;;
São Luís;21125,0;TURU;136744,79;2878;237,0;2025-07-02;;
São Luís;21125,0;TURU;160799,48;3201;258,0;2025-07-03;;
São Luís;21125,0;TURU;166962,1;3400;266,0;2025-07-04;;
São Luís;21125,0;TURU;149158,09;3033;243,0;2025-07-05;;
São Luís;21125,0;TURU;168912,34;3314;288,0;2025-07-07;;
São Luís;21125,0;TURU;151414,08;2764;267,0;2025-07-08;;
São Luís;21125,0;TURU;176158,83;3274;309,0;2025-07-09;;
São Luís;21125,0;TURU;139367,8;2556;251,0;2025-07-10;;
São Luís;21125,0;TURU;157861,32;2944;276,0;2025-07-11;;
São Luís;21125,0;TURU;144097,33;2773;234,0;2025-07-12;;
São Luís;21125,0;TURU;143723,3;2638;267,0;2025-07-14;;
São Luís;21125,0;TURU;125917,8;2383;255,0;2025-07-15;;
São Luís;21125,0;TURU;168709,36;3747;306,0;2025-07-16;;
São Luís;21125,0;TURU;185892,19;3252;294,0;2025-07-17;;
São Luís;21125,0;TURU;191885,34;3279;295,0;2025-07-18;;
São Luís;21125,0;TURU;174628,37;3051;292,0;2025-07-19;;
São Luís;21125,0;TURU;33206,38;587;62,0;2025-07-20;;
São Luís;21125,0;TURU;247067,65;4944;339,0;2025-07-21;;
São Luís;21125,0;TURU;183450,22;3355;263,0;2025-07-22;;
São Luís;21125,0;TURU;190870,08;3982;297,0;2025-07-23;;
São Luís;21125,0;TURU;175868,82;3394;401,0;2025-07-24;;
São Luís;21125,0;TURU;132406,43;2310;237,0;2025-07-25;;
São Luís;21125,0;TURU;132554,39;2160;212,0;2025-07-26;;
São Luís;21125,0;TURU;32071,03;640;42,0;2025-07-27;;
São Luís;21125,0;TURU;64952,59;1314;95,0;2025-07-28;;
São Luís;21125,0;TURU;111453,79;2124;209,0;2025-07-29;;
São Luís;21125,0;TURU;140530,54;2420;237,0;2025-07-30;;
São Luís;21125,0;TURU;217353,09;3935;316,0;2025-07-31;;
São Luís;21125,0;TURU;145672,19;2198;240,0;2025-08-01;;
São Luís;21125,0;TURU;122103,68;1775;185,0;2025-08-02;;
São Luís;21125,0;TURU;213177,19;3350;293,0;2025-08-04;;
São Luís;21125,0;TURU;209687,66;3172;301,0;2025-08-05;;
São Luís;21125,0;TURU;265585,56;4167;351,0;2025-08-06;;
São Luís;21125,0;TURU;314461,44;5006;415,0;2025-08-07;;
São Luís;21125,0;TURU;322295,84;4667;461,0;2025-08-08;;
São Luís;21125,0;TURU;266633,47;4116;419,0;2025-08-09;;
São Luís;21125,0;TURU;41298,9;609;70,0;2025-08-10;;
São Luís;21125,0;TURU;236218,5;4805;354,0;2025-08-11;;
São Luís;21125,0;TURU;226974,7;4703;363,0;2025-08-12;;
São Luís;21125,0;TURU;142983,76;2960;263,0;2025-08-13;;
São Luís;21125,0;TURU;142195,84;2836;238,0;2025-08-14;;
São Luís;21125,0;TURU;122857,11;2459;214,0;2025-08-15;;
São Luís;21125,0;TURU;136310,16;2641;250,0;2025-08-16;;
São Luís;21125,0;TURU;122117,99;2307;213,0;2025-08-18;;
São Luís;21125,0;TURU;132041,41;2515;228,0;2025-08-19;;
São Luís;21125,0;TURU;149779,94;2712;271,0;2025-08-20;;
São Luís;21125,0;TURU;114557,71;2077;217,0;2025-08-21;;
São Luís;21125,0;TURU;157143,29;2742;240,0;2025-08-22;;
São Luís;21125,0;TURU;138930,14;2635;244,0;2025-08-23;;
São Luís;21125,0;TURU;16880,18;300;38,0;2025-08-24;;
São Luís;21125,0;TURU;106908,81;1857;216,0;2025-08-25;;
São Luís;21125,0;TURU;157077,46;2823;269,0;2025-08-26;;
São Luís;21125,0;TURU;147837,71;2827;239,0;2025-08-27;;
São Luís;21125,0;TURU;155633,71;3206;363,0;2025-08-28;;
São Luís;21125,0;TURU;148491,3;2860;229,0;2025-08-29;;
São Luís;21125,0;TURU;207031,69;3979;340,0;2025-08-30;;
São Luís;21125,0;TURU;61284,75;1226;94,0;2025-08-31;;
São Luís;21125,0;TURU;158178,5;3560;253,0;2025-09-01;;
São Luís;21125,0;TURU;208333,37;4221;350,0;2025-09-02;;
São Luís;21125,0;TURU;131215,43;2644;249,0;2025-09-03;;
São Luís;21125,0;TURU;137975,6;2601;229,0;2025-09-04;;
São Luís;21125,0;TURU;306354,15;5056;356,0;2025-09-05;;
São Luís;21125,0;TURU;187424,07;3312;259,0;2025-09-06;;
São Luís;21125,0;TURU;88114,07;1494;118,0;2025-09-08;;
São Luís;21125,0;TURU;164431,83;2701;284,0;2025-09-09;;
São Luís;21125,0;TURU;196856,11;3298;361,0;2025-09-10;;
São Luís;21125,0;TURU;172080,16;2562;280,0;2025-09-11;;
São Luís;21125,0;TURU;213079,97;3571;338,0;2025-09-12;;
São Luís;21125,0;TURU;156205,52;2547;267,0;2025-09-13;;
São Luís;21125,0;TURU;143630,41;2360;262,0;2025-09-15;;
São Luís;21125,0;TURU;168293,19;2683;290,0;2025-09-16;;
São Luís;21125,0;TURU;190759,82;3212;303,0;2025-09-17;;
São Luís;21125,0;TURU;170682,79;2862;305,0;2025-09-18;;
São Luís;21125,0;TURU;158960,98;2710;291,0;2025-09-19;;
São Luís;21125,0;TURU;153774,75;2490;264,0;2025-09-20;;
São Luís;21125,0;TURU;38076,39;577;59,0;2025-09-21;;
São Luís;21125,0;TURU;286890,42;4931;304,0;2025-09-22;;
São Luís;21125,0;TURU;176743,67;3161;263,0;2025-09-23;;
São Luís;21125,0;TURU;119553,63;2166;195,0;2025-09-24;;
São Luís;21125,0;TURU;157835,2;2861;263,0;2025-09-25;;
São Luís;21125,0;TURU;242716,07;3805;284,0;2025-09-26;;
São Luís;21125,0;TURU;207349,93;3399;255,0;2025-09-27;;
São Luís;21125,0;TURU;33250,49;630;50,0;2025-09-28;;
São Luís;21125,0;TURU;141739,77;2197;204,0;2025-09-29;;
São Luís;21125,0;TURU;153306,2;2378;194,0;2025-09-30;;
São Luís;21125,0;TURU;126462,05;2185;235,0;2025-10-01;;
São Luís;21125,0;TURU;129280,09;2649;241,0;2025-10-02;;
São Luís;21125,0;TURU;264556,64;4103;258,0;2025-10-03;;
São Luís;21125,0;TURU;221314,13;3598;266,0;2025-10-04;;
São Luís;21125,0;TURU;173615,51;2692;245,0;2025-10-06;;
São Luís;21125,0;TURU;209045,37;3078;284,0;2025-10-07;;
São Luís;21125,0;TURU;218610,1;3346;270,0;2025-10-08;;
São Luís;21125,0;TURU;204905,87;3030;296,0;2025-10-09;;
São Luís;21125,0;TURU;184488,14;2812;282,0;2025-10-10;;
São Luís;21125,0;TURU;168361,13;2687;221,0;2025-10-11;;
São Luís;21125,0;TURU;193270,57;3300;320,0;2025-10-13;;
São Luís;21125,0;TURU;188113,24;3392;309,0;2025-10-14;;
São Luís;21125,0;TURU;132384,47;2540;212,0;2025-10-15;;
São Luís;21125,0;TURU;125737,78;2433;209,0;2025-10-16;;
São Luís;21125,0;TURU;108639,61;2248;195,0;2025-10-17;;
São Luís;21125,0;TURU;144861,85;2598;227,0;2025-10-18;;
São Luís;21125,0;TURU;43365,2;675;61,0;2025-10-19;;
São Luís;21125,0;TURU;134157,91;2309;220,0;2025-10-21;;
São Luís;21125,0;TURU;108301,1;1690;202,0;2025-10-22;;
São Luís;21125,0;TURU;121741,61;1873;201,0;2025-10-23;;
São Luís;21125,0;TURU;124285,53;2083;216,0;2025-10-24;;
São Luís;21125,0;TURU;105792,61;1982;175,0;2025-10-25;;
São Luís;21125,0;TURU;124228,36;1894;224,0;2025-10-27;;
São Luís;21125,0;TURU;103417,16;1501;204,0;2025-10-28;;
São Luís;21125,0;TURU;121511,87;1995;202,0;2025-10-29;;
São Luís;21125,0;TURU;209332,41;3201;324,0;2025-10-30;;
São Luís;21125,0;TURU;202409,49;2996;308,0;2025-10-31;;
São Luís;21125,0;TURU;219793,41;3329;322,0;2025-11-01;;
São Luís;21125,0;TURU;296913,99;5944;426,0;2025-11-03;;
São Luís;21125,0;TURU;268831,13;6009;344,0;2025-11-04;;
São Luís;21125,0;TURU;236779,31;4839;349,0;2025-11-05;;
São Luís;21125,0;TURU;243495,03;5163;365,0;2025-11-06;;
São Luís;21125,0;TURU;217491,13;5085;357,0;2025-11-07;;
São Luís;21125,0;TURU;196938,12;4179;306,0;2025-11-08;;
São Luís;21125,0;TURU;131859,25;2716;234,0;2025-11-10;;
São Luís;21125,0;TURU;197298,77;4060;285,0;2025-11-11;;
São Luís;21125,0;TURU;191015,68;3887;296,0;2025-11-12;;
São Luís;21125,0;TURU;207945,94;4054;347,0;2025-11-13;;
São Luís;21125,0;TURU;188394,63;3485;332,0;2025-11-14;;
São Luís;21125,0;TURU;173901,73;3207;257,0;2025-11-15;;
São Luís;21125,0;TURU;54301,85;855;74,0;2025-11-16;;
São Luís;21125,0;TURU;156583,41;2643;261,0;2025-11-17;;
São Luís;21125,0;TURU;175603,1;2741;255,0;2025-11-18;;
São Luís;21125,0;TURU;196567,95;3255;296,0;2025-11-19;;
São Luís;21125,0;TURU;141752,71;2238;212,0;2025-11-20;;
São Luís;21125,0;TURU;225913,95;3228;300,0;2025-11-21;;
São Luís;21125,0;TURU;158167,99;2374;272,0;2025-11-22;;
São Luís;21125,0;TURU;42167,8;687;55,0;2025-11-23;;
São Luís;21125,0;TURU;141627,49;2399;229,0;2025-11-24;;
São Luís;21125,0;TURU;155423,21;2328;245,0;2025-11-25;;
São Luís;21125,0;TURU;152335,28;2457;241,0;2025-11-26;;
São Luís;21125,0;TURU;334595,48;5759;400,0;2025-11-27;;
São Luís;21125,0;TURU;343318,67;5399;426,0;2025-11-28;;
São Luís;21125,0;TURU;253019,06;3888;372,0;2025-11-29;;
São Luís;21125,0;TURU;97804,68;1548;124,0;2025-11-30;;
São Luís;21125,0;TURU;171675,2;3143;250,0;2025-12-01;;
São Luís;21125,0;TURU;213121,11;3660;370,0;2025-12-02;;
São Luís;21125,0;TURU;180614,41;3027;280,0;2025-12-03;;
São Luís;21125,0;TURU;258296,65;4537;412,0;2025-12-04;;
São Luís;21125,0;TURU;149638,71;3136;244,0;2025-12-05;;
São Luís;21125,0;TURU;153403,58;3185;218,0;2025-12-06;;
São Luís;21125,0;TURU;79368,59;1498;123,0;2025-12-08;;
São Luís;21125,0;TURU;193798,35;3521;274,0;2025-12-09;;
São Luís;21125,0;TURU;212822,95;3494;308,0;2025-12-10;;
São Luís;21125,0;TURU;204356,03;3565;302,0;2025-12-11;;
São Luís;21125,0;TURU;207455,89;3367;274,0;2025-12-12;;
São Luís;21125,0;TURU;211438,08;3616;278,0;2025-12-13;;
São Luís;21125,0;TURU;234746,53;3866;326,0;2025-12-15;;
São Luís;21125,0;TURU;209573,23;3680;301,0;2025-12-16;;
São Luís;21125,0;TURU;236494,24;4403;320,0;2025-12-17;;
São Luís;21125,0;TURU;220012,93;3796;357,0;2025-12-18;;
São Luís;21125,0;TURU;170859,74;2878;283,0;2025-12-19;;
São Luís;21125,0;TURU;192796,29;3255;337,0;2025-12-20;;
São Luís;21125,0;TURU;76360,16;1250;80,0;2025-12-21;;
São Luís;21125,0;TURU;190685,52;3217;296,0;2025-12-22;;
São Luís;21125,0;TURU;195798,76;3361;320,0;2025-12-23;;
São Luís;21125,0;TURU;93967,36;1500;184,0;2025-12-24;;
São Luís;21125,0;TURU;240200,13;4420;316,0;2025-12-26;;
São Luís;21125,0;TURU;170603,95;3064;248,0;2025-12-27;;
São Luís;21125,0;TURU;81404,79;1361;91,0;2025-12-28;;
São Luís;21125,0;TURU;168143,14;2985;298,0;2025-12-29;;
São Luís;21125,0;TURU;169250,82;3040;219,0;2025-12-30;;
São Luís;21125,0;TURU;89499,93;1498;142,0;2025-12-31;;
Oeste do Maranhão;20932,0;ZÉ DOCA;6420,57;114;12,0;2025-01-02;;
Oeste do Maranhão;20932,0;ZÉ DOCA;8010,11;159;14,0;2025-01-03;;
Oeste do Maranhão;20932,0;ZÉ DOCA;4966,21;114;10,0;2025-01-04;;
Oeste do Maranhão;20932,0;ZÉ DOCA;13615,99;288;20,0;2025-01-06;;
Oeste do Maranhão;20932,0;ZÉ DOCA;20741,66;322;25,0;2025-01-07;;
Oeste do Maranhão;20932,0;ZÉ DOCA;16122,02;311;28,0;2025-01-08;;
Oeste do Maranhão;20932,0;ZÉ DOCA;8984,63;187;18,0;2025-01-09;;
Oeste do Maranhão;20932,0;ZÉ DOCA;8400,73;174;16,0;2025-01-10;;
Oeste do Maranhão;20932,0;ZÉ DOCA;6536,71;124;12,0;2025-01-11;;
Oeste do Maranhão;20932,0;ZÉ DOCA;22586,8;335;17,0;2025-01-13;;
Oeste do Maranhão;20932,0;ZÉ DOCA;18809,21;330;19,0;2025-01-14;;
Oeste do Maranhão;20932,0;ZÉ DOCA;4498,82;82;11,0;2025-01-15;;
Oeste do Maranhão;20932,0;ZÉ DOCA;28972,23;439;41,0;2025-01-16;;
Oeste do Maranhão;20932,0;ZÉ DOCA;10843,91;132;14,0;2025-01-17;;
Oeste do Maranhão;20932,0;ZÉ DOCA;17288,53;345;28,0;2025-01-18;;
Oeste do Maranhão;20932,0;ZÉ DOCA;48942,29;974;38,0;2025-01-20;;
Oeste do Maranhão;20932,0;ZÉ DOCA;20967,27;360;39,0;2025-01-21;;
Oeste do Maranhão;20932,0;ZÉ DOCA;10019,9;198;14,0;2025-01-22;;
Oeste do Maranhão;20932,0;ZÉ DOCA;21511,56;379;30,0;2025-01-23;;
Oeste do Maranhão;20932,0;ZÉ DOCA;18837,03;338;33,0;2025-01-24;;
Oeste do Maranhão;20932,0;ZÉ DOCA;3734,33;68;7,0;2025-01-25;;
Oeste do Maranhão;20932,0;ZÉ DOCA;19965,74;359;22,0;2025-01-27;;
Oeste do Maranhão;20932,0;ZÉ DOCA;24243,0;470;26,0;2025-01-28;;
Oeste do Maranhão;20932,0;ZÉ DOCA;23592,67;434;24,0;2025-01-29;;
Oeste do Maranhão;20932,0;ZÉ DOCA;12320,33;216;23,0;2025-01-30;;
Oeste do Maranhão;20932,0;ZÉ DOCA;10801,21;241;18,0;2025-01-31;;
Oeste do Maranhão;20932,0;ZÉ DOCA;3266,76;66;8,0;2025-02-01;;
Oeste do Maranhão;20932,0;ZÉ DOCA;10190,15;192;16,0;2025-02-03;;
Oeste do Maranhão;20932,0;ZÉ DOCA;15878,28;258;26,0;2025-02-04;;
Oeste do Maranhão;20932,0;ZÉ DOCA;9748,25;146;15,0;2025-02-05;;
Oeste do Maranhão;20932,0;ZÉ DOCA;13959,63;310;24,0;2025-02-06;;
Oeste do Maranhão;20932,0;ZÉ DOCA;15821,76;255;29,0;2025-02-07;;
Oeste do Maranhão;20932,0;ZÉ DOCA;5914,37;97;13,0;2025-02-08;;
Oeste do Maranhão;20932,0;ZÉ DOCA;33325,87;576;20,0;2025-02-10;;
Oeste do Maranhão;20932,0;ZÉ DOCA;7705,92;108;16,0;2025-02-11;;
Oeste do Maranhão;20932,0;ZÉ DOCA;7366,14;148;18,0;2025-02-12;;
Oeste do Maranhão;20932,0;ZÉ DOCA;10394,31;184;21,0;2025-02-13;;
Oeste do Maranhão;20932,0;ZÉ DOCA;9072,67;181;15,0;2025-02-14;;
Oeste do Maranhão;20932,0;ZÉ DOCA;17758,22;296;13,0;2025-02-15;;
Oeste do Maranhão;20932,0;ZÉ DOCA;9835,48;165;17,0;2025-02-17;;
Oeste do Maranhão;20932,0;ZÉ DOCA;12580,95;196;19,0;2025-02-18;;
Oeste do Maranhão;20932,0;ZÉ DOCA;7327,4;145;17,0;2025-02-19;;
Oeste do Maranhão;20932,0;ZÉ DOCA;10032,13;178;21,0;2025-02-20;;
Oeste do Maranhão;20932,0;ZÉ DOCA;39194,46;713;35,0;2025-02-21;;
Oeste do Maranhão;20932,0;ZÉ DOCA;15163,97;281;23,0;2025-02-22;;
Oeste do Maranhão;20932,0;ZÉ DOCA;5771,63;102;10,0;2025-02-24;;
Oeste do Maranhão;20932,0;ZÉ DOCA;9180,44;176;16,0;2025-02-25;;
Oeste do Maranhão;20932,0;ZÉ DOCA;13948,15;246;26,0;2025-02-26;;
Oeste do Maranhão;20932,0;ZÉ DOCA;9292,13;193;19,0;2025-02-27;;
Oeste do Maranhão;20932,0;ZÉ DOCA;20139,13;337;31,0;2025-02-28;;
Oeste do Maranhão;20932,0;ZÉ DOCA;8505,05;168;13,0;2025-03-01;;
Oeste do Maranhão;20932,0;ZÉ DOCA;4239,58;101;8,0;2025-03-03;;
Oeste do Maranhão;20932,0;ZÉ DOCA;8971,56;207;18,0;2025-03-05;;
Oeste do Maranhão;20932,0;ZÉ DOCA;13496,5;271;27,0;2025-03-06;;
Oeste do Maranhão;20932,0;ZÉ DOCA;3013,39;72;4,0;2025-03-07;;
Oeste do Maranhão;20932,0;ZÉ DOCA;16864,02;344;27,0;2025-03-08;;
Oeste do Maranhão;20932,0;ZÉ DOCA;99670,98;970;32,0;2025-03-10;;
Oeste do Maranhão;20932,0;ZÉ DOCA;56541,95;896;37,0;2025-03-11;;
Oeste do Maranhão;20932,0;ZÉ DOCA;49323,59;733;47,0;2025-03-12;;
Oeste do Maranhão;20932,0;ZÉ DOCA;30376,56;491;36,0;2025-03-13;;
Oeste do Maranhão;20932,0;ZÉ DOCA;54745,71;657;41,0;2025-03-14;;
Oeste do Maranhão;20932,0;ZÉ DOCA;15192,01;209;11,0;2025-03-15;;
Oeste do Maranhão;20932,0;ZÉ DOCA;18509,08;202;14,0;2025-03-17;;
Oeste do Maranhão;20932,0;ZÉ DOCA;10276,26;176;27,0;2025-03-18;;
Oeste do Maranhão;20932,0;ZÉ DOCA;10884,72;164;16,0;2025-03-19;;
Oeste do Maranhão;20932,0;ZÉ DOCA;22644,86;303;28,0;2025-03-20;;
Oeste do Maranhão;20932,0;ZÉ DOCA;18418,5;260;26,0;2025-03-21;;
Oeste do Maranhão;20932,0;ZÉ DOCA;12565,64;183;19,0;2025-03-22;;
Oeste do Maranhão;20932,0;ZÉ DOCA;31059,04;559;33,0;2025-03-24;;
Oeste do Maranhão;20932,0;ZÉ DOCA;27476,67;502;37,0;2025-03-25;;
Oeste do Maranhão;20932,0;ZÉ DOCA;20112,35;316;31,0;2025-03-26;;
Oeste do Maranhão;20932,0;ZÉ DOCA;21251,13;292;32,0;2025-03-27;;
Oeste do Maranhão;20932,0;ZÉ DOCA;21963,91;359;26,0;2025-03-28;;
Oeste do Maranhão;20932,0;ZÉ DOCA;7109,66;109;8,0;2025-03-29;;
Oeste do Maranhão;20932,0;ZÉ DOCA;6899,52;115;18,0;2025-03-31;;
Oeste do Maranhão;20932,0;ZÉ DOCA;9667,1;125;9,0;2025-04-01;;
Oeste do Maranhão;20932,0;ZÉ DOCA;19292,39;336;39,0;2025-04-02;;
Oeste do Maranhão;20932,0;ZÉ DOCA;10002,77;186;24,0;2025-04-03;;
Oeste do Maranhão;20932,0;ZÉ DOCA;22304,77;395;33,0;2025-04-04;;
Oeste do Maranhão;20932,0;ZÉ DOCA;8848,46;182;15,0;2025-04-05;;
Oeste do Maranhão;20932,0;ZÉ DOCA;13713,88;219;21,0;2025-04-07;;
Oeste do Maranhão;20932,0;ZÉ DOCA;33157,98;341;26,0;2025-04-08;;
Oeste do Maranhão;20932,0;ZÉ DOCA;11232,35;160;28,0;2025-04-09;;
Oeste do Maranhão;20932,0;ZÉ DOCA;8166,63;130;18,0;2025-04-10;;
Oeste do Maranhão;20932,0;ZÉ DOCA;21474,84;247;31,0;2025-04-11;;
Oeste do Maranhão;20932,0;ZÉ DOCA;4591,05;85;12,0;2025-04-12;;
Oeste do Maranhão;20932,0;ZÉ DOCA;15095,24;183;21,0;2025-04-14;;
Oeste do Maranhão;20932,0;ZÉ DOCA;18722,0;351;28,0;2025-04-15;;
Oeste do Maranhão;20932,0;ZÉ DOCA;24466,61;332;24,0;2025-04-16;;
Oeste do Maranhão;20932,0;ZÉ DOCA;31037,54;524;24,0;2025-04-17;;
Oeste do Maranhão;20932,0;ZÉ DOCA;9786,02;181;17,0;2025-04-19;;
Oeste do Maranhão;20932,0;ZÉ DOCA;7759,97;132;14,0;2025-04-21;;
Oeste do Maranhão;20932,0;ZÉ DOCA;19965,83;324;26,0;2025-04-22;;
Oeste do Maranhão;20932,0;ZÉ DOCA;31316,48;560;29,0;2025-04-23;;
Oeste do Maranhão;20932,0;ZÉ DOCA;27581,19;429;27,0;2025-04-24;;
Oeste do Maranhão;20932,0;ZÉ DOCA;17137,21;276;23,0;2025-04-25;;
Oeste do Maranhão;20932,0;ZÉ DOCA;9419,65;160;17,0;2025-04-26;;
Oeste do Maranhão;20932,0;ZÉ DOCA;16598,4;211;26,0;2025-04-28;;
Oeste do Maranhão;20932,0;ZÉ DOCA;22540,05;343;39,0;2025-04-29;;
Oeste do Maranhão;20932,0;ZÉ DOCA;17725,43;267;36,0;2025-04-30;;
Oeste do Maranhão;20932,0;ZÉ DOCA;32920,79;445;37,0;2025-05-02;;
Oeste do Maranhão;20932,0;ZÉ DOCA;13483,82;168;27,0;2025-05-03;;
Oeste do Maranhão;20932,0;ZÉ DOCA;48463,87;459;26,0;2025-05-05;;
Oeste do Maranhão;20932,0;ZÉ DOCA;40307,23;391;33,0;2025-05-06;;
Oeste do Maranhão;20932,0;ZÉ DOCA;24313,86;373;41,0;2025-05-07;;
Oeste do Maranhão;20932,0;ZÉ DOCA;19045,46;316;41,0;2025-05-08;;
Oeste do Maranhão;20932,0;ZÉ DOCA;24284,37;368;47,0;2025-05-09;;
Oeste do Maranhão;20932,0;ZÉ DOCA;16679,2;239;43,0;2025-05-10;;
Oeste do Maranhão;20932,0;ZÉ DOCA;6789,02;104;17,0;2025-05-11;;
Oeste do Maranhão;20932,0;ZÉ DOCA;29092,93;579;29,0;2025-05-12;;
Oeste do Maranhão;20932,0;ZÉ DOCA;35994,61;648;44,0;2025-05-13;;
Oeste do Maranhão;20932,0;ZÉ DOCA;36223,5;586;26,0;2025-05-14;;
Oeste do Maranhão;20932,0;ZÉ DOCA;19614,26;358;28,0;2025-05-15;;
Oeste do Maranhão;20932,0;ZÉ DOCA;10159,27;195;22,0;2025-05-16;;
Oeste do Maranhão;20932,0;ZÉ DOCA;11325,76;184;20,0;2025-05-17;;
Oeste do Maranhão;20932,0;ZÉ DOCA;57871,43;928;49,0;2025-05-19;;
Oeste do Maranhão;20932,0;ZÉ DOCA;8855,27;153;14,0;2025-05-20;;
Oeste do Maranhão;20932,0;ZÉ DOCA;11574,68;265;26,0;2025-05-21;;
Oeste do Maranhão;20932,0;ZÉ DOCA;31687,41;503;43,0;2025-05-22;;
Oeste do Maranhão;20932,0;ZÉ DOCA;47957,54;747;47,0;2025-05-23;;
Oeste do Maranhão;20932,0;ZÉ DOCA;15025,9;219;26,0;2025-05-24;;
Oeste do Maranhão;20932,0;ZÉ DOCA;21104,47;324;28,0;2025-05-26;;
Oeste do Maranhão;20932,0;ZÉ DOCA;20213,74;321;35,0;2025-05-27;;
Oeste do Maranhão;20932,0;ZÉ DOCA;25961,11;461;25,0;2025-05-28;;
Oeste do Maranhão;20932,0;ZÉ DOCA;14549,78;301;26,0;2025-05-29;;
Oeste do Maranhão;20932,0;ZÉ DOCA;17767,9;334;28,0;2025-05-30;;
Oeste do Maranhão;20932,0;ZÉ DOCA;7805,07;148;13,0;2025-05-31;;
Oeste do Maranhão;20932,0;ZÉ DOCA;9403,81;152;17,0;2025-06-02;;
Oeste do Maranhão;20932,0;ZÉ DOCA;15868,66;251;27,0;2025-06-03;;
Oeste do Maranhão;20932,0;ZÉ DOCA;12432,6;270;29,0;2025-06-04;;
Oeste do Maranhão;20932,0;ZÉ DOCA;20191,7;352;29,0;2025-06-05;;
Oeste do Maranhão;20932,0;ZÉ DOCA;17779,64;295;31,0;2025-06-06;;
Oeste do Maranhão;20932,0;ZÉ DOCA;5967,46;91;12,0;2025-06-07;;
Oeste do Maranhão;20932,0;ZÉ DOCA;14911,56;274;26,0;2025-06-09;;
Oeste do Maranhão;20932,0;ZÉ DOCA;11545,68;195;22,0;2025-06-10;;
Oeste do Maranhão;20932,0;ZÉ DOCA;20501,41;295;24,0;2025-06-11;;
Oeste do Maranhão;20932,0;ZÉ DOCA;25972,5;413;54,0;2025-06-12;;
Oeste do Maranhão;20932,0;ZÉ DOCA;36645,34;611;37,0;2025-06-14;;
Oeste do Maranhão;20932,0;ZÉ DOCA;26367,11;298;23,0;2025-06-16;;
Oeste do Maranhão;20932,0;ZÉ DOCA;37237,76;409;33,0;2025-06-17;;
Oeste do Maranhão;20932,0;ZÉ DOCA;20936,35;271;29,0;2025-06-18;;
Oeste do Maranhão;20932,0;ZÉ DOCA;3371,01;53;9,0;2025-06-19;;
Oeste do Maranhão;20932,0;ZÉ DOCA;24603,66;315;32,0;2025-06-20;;
Oeste do Maranhão;20932,0;ZÉ DOCA;8329,16;137;18,0;2025-06-21;;
Oeste do Maranhão;20932,0;ZÉ DOCA;10402,39;144;21,0;2025-06-23;;
Oeste do Maranhão;20932,0;ZÉ DOCA;14447,45;221;28,0;2025-06-24;;
Oeste do Maranhão;20932,0;ZÉ DOCA;30226,74;695;29,0;2025-06-25;;
Oeste do Maranhão;20932,0;ZÉ DOCA;11151,21;190;25,0;2025-06-26;;
Oeste do Maranhão;20932,0;ZÉ DOCA;7649,94;148;15,0;2025-06-27;;
Oeste do Maranhão;20932,0;ZÉ DOCA;8806,78;239;13,0;2025-06-28;;
Oeste do Maranhão;20932,0;ZÉ DOCA;13482,73;249;17,0;2025-06-30;;
Oeste do Maranhão;20932,0;ZÉ DOCA;23718,97;455;35,0;2025-07-01;;
Oeste do Maranhão;20932,0;ZÉ DOCA;9568,06;234;16,0;2025-07-02;;
Oeste do Maranhão;20932,0;ZÉ DOCA;10977,74;175;13,0;2025-07-03;;
Oeste do Maranhão;20932,0;ZÉ DOCA;18242,82;359;32,0;2025-07-04;;
Oeste do Maranhão;20932,0;ZÉ DOCA;13601,98;199;18,0;2025-07-05;;
Oeste do Maranhão;20932,0;ZÉ DOCA;8329,88;142;14,0;2025-07-07;;
Oeste do Maranhão;20932,0;ZÉ DOCA;25294,83;516;39,0;2025-07-08;;
Oeste do Maranhão;20932,0;ZÉ DOCA;14153,77;319;30,0;2025-07-09;;
Oeste do Maranhão;20932,0;ZÉ DOCA;12284,45;268;22,0;2025-07-10;;
Oeste do Maranhão;20932,0;ZÉ DOCA;12416,08;224;25,0;2025-07-11;;
Oeste do Maranhão;20932,0;ZÉ DOCA;7460,11;161;16,0;2025-07-12;;
Oeste do Maranhão;20932,0;ZÉ DOCA;9498,56;176;19,0;2025-07-14;;
Oeste do Maranhão;20932,0;ZÉ DOCA;8857,64;167;15,0;2025-07-15;;
Oeste do Maranhão;20932,0;ZÉ DOCA;17931,06;312;23,0;2025-07-16;;
Oeste do Maranhão;20932,0;ZÉ DOCA;27451,95;424;30,0;2025-07-17;;
Oeste do Maranhão;20932,0;ZÉ DOCA;25769,56;346;33,0;2025-07-18;;
Oeste do Maranhão;20932,0;ZÉ DOCA;6907,83;141;15,0;2025-07-19;;
Oeste do Maranhão;20932,0;ZÉ DOCA;33767,43;678;37,0;2025-07-21;;
Oeste do Maranhão;20932,0;ZÉ DOCA;18482,82;302;30,0;2025-07-22;;
Oeste do Maranhão;20932,0;ZÉ DOCA;14918,14;309;29,0;2025-07-23;;
Oeste do Maranhão;20932,0;ZÉ DOCA;14463,65;272;23,0;2025-07-24;;
Oeste do Maranhão;20932,0;ZÉ DOCA;10922,0;218;18,0;2025-07-25;;
Oeste do Maranhão;20932,0;ZÉ DOCA;10293,77;214;15,0;2025-07-26;;
Oeste do Maranhão;20932,0;ZÉ DOCA;10730,01;142;12,0;2025-07-28;;
Oeste do Maranhão;20932,0;ZÉ DOCA;9741,58;151;18,0;2025-07-29;;
Oeste do Maranhão;20932,0;ZÉ DOCA;17043,5;268;27,0;2025-07-30;;
Oeste do Maranhão;20932,0;ZÉ DOCA;21331,52;369;32,0;2025-07-31;;
Oeste do Maranhão;20932,0;ZÉ DOCA;23483,4;449;20,0;2025-08-01;;
Oeste do Maranhão;20932,0;ZÉ DOCA;28875,0;299;16,0;2025-08-02;;
Oeste do Maranhão;20932,0;ZÉ DOCA;11176,02;212;23,0;2025-08-04;;
Oeste do Maranhão;20932,0;ZÉ DOCA;9335,94;157;16,0;2025-08-05;;
Oeste do Maranhão;20932,0;ZÉ DOCA;18700,06;331;16,0;2025-08-06;;
Oeste do Maranhão;20932,0;ZÉ DOCA;19061,1;339;33,0;2025-08-07;;
Oeste do Maranhão;20932,0;ZÉ DOCA;17516,75;291;36,0;2025-08-08;;
Oeste do Maranhão;20932,0;ZÉ DOCA;20969,59;302;35,0;2025-08-09;;
Oeste do Maranhão;20932,0;ZÉ DOCA;2097,71;25;5,0;2025-08-10;;
Oeste do Maranhão;20932,0;ZÉ DOCA;36934,83;968;30,0;2025-08-11;;
Oeste do Maranhão;20932,0;ZÉ DOCA;15725,67;285;26,0;2025-08-12;;
Oeste do Maranhão;20932,0;ZÉ DOCA;19561,84;485;28,0;2025-08-13;;
Oeste do Maranhão;20932,0;ZÉ DOCA;16414,05;350;28,0;2025-08-14;;
Oeste do Maranhão;20932,0;ZÉ DOCA;8071,06;201;20,0;2025-08-15;;
Oeste do Maranhão;20932,0;ZÉ DOCA;6096,03;132;10,0;2025-08-16;;
Oeste do Maranhão;20932,0;ZÉ DOCA;9206,36;154;17,0;2025-08-18;;
Oeste do Maranhão;20932,0;ZÉ DOCA;18026,49;386;21,0;2025-08-19;;
Oeste do Maranhão;20932,0;ZÉ DOCA;21989,41;456;43,0;2025-08-20;;
Oeste do Maranhão;20932,0;ZÉ DOCA;13381,96;236;25,0;2025-08-21;;
Oeste do Maranhão;20932,0;ZÉ DOCA;23196,59;384;35,0;2025-08-22;;
Oeste do Maranhão;20932,0;ZÉ DOCA;8776,78;124;15,0;2025-08-23;;
Oeste do Maranhão;20932,0;ZÉ DOCA;10096,66;197;20,0;2025-08-25;;
Oeste do Maranhão;20932,0;ZÉ DOCA;7181,12;87;14,0;2025-08-26;;
Oeste do Maranhão;20932,0;ZÉ DOCA;11180,44;229;25,0;2025-08-27;;
Oeste do Maranhão;20932,0;ZÉ DOCA;18492,39;306;30,0;2025-08-28;;
Oeste do Maranhão;20932,0;ZÉ DOCA;13894,96;273;31,0;2025-08-29;;
Oeste do Maranhão;20932,0;ZÉ DOCA;4998,61;109;12,0;2025-08-30;;
Oeste do Maranhão;20932,0;ZÉ DOCA;17090,01;289;25,0;2025-09-01;;
Oeste do Maranhão;20932,0;ZÉ DOCA;28102,94;599;26,0;2025-09-02;;
Oeste do Maranhão;20932,0;ZÉ DOCA;9267,29;163;19,0;2025-09-03;;
Oeste do Maranhão;20932,0;ZÉ DOCA;7658,61;159;14,0;2025-09-04;;
Oeste do Maranhão;20932,0;ZÉ DOCA;26874,72;398;34,0;2025-09-05;;
Oeste do Maranhão;20932,0;ZÉ DOCA;6103,54;139;11,0;2025-09-06;;
Oeste do Maranhão;20932,0;ZÉ DOCA;12052,74;184;10,0;2025-09-08;;
Oeste do Maranhão;20932,0;ZÉ DOCA;18924,54;330;34,0;2025-09-09;;
Oeste do Maranhão;20932,0;ZÉ DOCA;14797,47;259;29,0;2025-09-10;;
Oeste do Maranhão;20932,0;ZÉ DOCA;10264,16;172;16,0;2025-09-11;;
Oeste do Maranhão;20932,0;ZÉ DOCA;7280,22;141;14,0;2025-09-12;;
Oeste do Maranhão;20932,0;ZÉ DOCA;7805,48;171;11,0;2025-09-13;;
Oeste do Maranhão;20932,0;ZÉ DOCA;9186,09;143;18,0;2025-09-15;;
Oeste do Maranhão;20932,0;ZÉ DOCA;20841,24;351;28,0;2025-09-16;;
Oeste do Maranhão;20932,0;ZÉ DOCA;14844,53;234;22,0;2025-09-17;;
Oeste do Maranhão;20932,0;ZÉ DOCA;6130,85;100;8,0;2025-09-18;;
Oeste do Maranhão;20932,0;ZÉ DOCA;7059,48;165;22,0;2025-09-19;;
Oeste do Maranhão;20932,0;ZÉ DOCA;4417,42;82;13,0;2025-09-20;;
Oeste do Maranhão;20932,0;ZÉ DOCA;85214,05;1116;13,0;2025-09-22;;
Oeste do Maranhão;20932,0;ZÉ DOCA;18195,65;383;25,0;2025-09-23;;
Oeste do Maranhão;20932,0;ZÉ DOCA;13426,91;301;27,0;2025-09-24;;
Oeste do Maranhão;20932,0;ZÉ DOCA;17411,45;331;24,0;2025-09-25;;
Oeste do Maranhão;20932,0;ZÉ DOCA;37940,13;608;31,0;2025-09-26;;
Oeste do Maranhão;20932,0;ZÉ DOCA;10482,47;178;13,0;2025-09-27;;
Oeste do Maranhão;20932,0;ZÉ DOCA;19673,3;277;20,0;2025-09-29;;
Oeste do Maranhão;20932,0;ZÉ DOCA;8385,57;148;13,0;2025-09-30;;
Oeste do Maranhão;20932,0;ZÉ DOCA;16139,17;336;34,0;2025-10-01;;
Oeste do Maranhão;20932,0;ZÉ DOCA;16933,0;376;24,0;2025-10-02;;
Oeste do Maranhão;20932,0;ZÉ DOCA;27431,92;490;28,0;2025-10-03;;
Oeste do Maranhão;20932,0;ZÉ DOCA;15142,79;330;26,0;2025-10-06;;
Oeste do Maranhão;20932,0;ZÉ DOCA;17184,25;335;29,0;2025-10-07;;
Oeste do Maranhão;20932,0;ZÉ DOCA;15317,2;262;26,0;2025-10-08;;
Oeste do Maranhão;20932,0;ZÉ DOCA;16059,51;314;24,0;2025-10-09;;
Oeste do Maranhão;20932,0;ZÉ DOCA;22227,75;362;36,0;2025-10-10;;
Oeste do Maranhão;20932,0;ZÉ DOCA;13422,46;263;12,0;2025-10-11;;
Oeste do Maranhão;20932,0;ZÉ DOCA;30443,48;469;25,0;2025-10-13;;
Oeste do Maranhão;20932,0;ZÉ DOCA;19021,76;346;31,0;2025-10-14;;
Oeste do Maranhão;20932,0;ZÉ DOCA;11225,85;198;19,0;2025-10-15;;
Oeste do Maranhão;20932,0;ZÉ DOCA;9175,28;207;22,0;2025-10-16;;
Oeste do Maranhão;20932,0;ZÉ DOCA;17184,07;317;27,0;2025-10-17;;
Oeste do Maranhão;20932,0;ZÉ DOCA;6023,87;107;10,0;2025-10-18;;
Oeste do Maranhão;20932,0;ZÉ DOCA;20382,16;339;21,0;2025-10-21;;
Oeste do Maranhão;20932,0;ZÉ DOCA;9841,32;249;16,0;2025-10-22;;
Oeste do Maranhão;20932,0;ZÉ DOCA;16600,34;309;23,0;2025-10-23;;
Oeste do Maranhão;20932,0;ZÉ DOCA;12561,81;242;23,0;2025-10-24;;
Oeste do Maranhão;20932,0;ZÉ DOCA;4706,37;91;11,0;2025-10-25;;
Oeste do Maranhão;20932,0;ZÉ DOCA;14564,01;224;26,0;2025-10-27;;
Oeste do Maranhão;20932,0;ZÉ DOCA;16967,98;308;23,0;2025-10-28;;
Oeste do Maranhão;20932,0;ZÉ DOCA;16988,39;292;17,0;2025-10-29;;
Oeste do Maranhão;20932,0;ZÉ DOCA;36970,52;579;34,0;2025-10-30;;
Oeste do Maranhão;20932,0;ZÉ DOCA;24365,67;433;37,0;2025-10-31;;
Oeste do Maranhão;20932,0;ZÉ DOCA;14357,74;243;15,0;2025-11-01;;
Oeste do Maranhão;20932,0;ZÉ DOCA;46998,73;773;49,0;2025-11-03;;
Oeste do Maranhão;20932,0;ZÉ DOCA;42554,42;817;46,0;2025-11-04;;
Oeste do Maranhão;20932,0;ZÉ DOCA;26500,7;359;39,0;2025-11-05;;
Oeste do Maranhão;20932,0;ZÉ DOCA;16221,73;268;27,0;2025-11-06;;
Oeste do Maranhão;20932,0;ZÉ DOCA;7628,29;296;17,0;2025-11-07;;
Oeste do Maranhão;20932,0;ZÉ DOCA;11460,05;170;19,0;2025-11-08;;
Oeste do Maranhão;20932,0;ZÉ DOCA;20130,12;301;38,0;2025-11-10;;
Oeste do Maranhão;20932,0;ZÉ DOCA;15446,07;236;25,0;2025-11-11;;
Oeste do Maranhão;20932,0;ZÉ DOCA;11011,98;200;22,0;2025-11-12;;
Oeste do Maranhão;20932,0;ZÉ DOCA;10483,75;331;21,0;2025-11-13;;
Oeste do Maranhão;20932,0;ZÉ DOCA;16367,4;408;30,0;2025-11-14;;
Oeste do Maranhão;20932,0;ZÉ DOCA;3070,53;79;10,0;2025-11-15;;
Oeste do Maranhão;20932,0;ZÉ DOCA;4153,54;86;6,0;2025-11-17;;
Oeste do Maranhão;20932,0;ZÉ DOCA;14062,09;282;26,0;2025-11-18;;
Oeste do Maranhão;20932,0;ZÉ DOCA;15842,31;335;27,0;2025-11-19;;
Oeste do Maranhão;20932,0;ZÉ DOCA;20251,39;358;29,0;2025-11-20;;
Oeste do Maranhão;20932,0;ZÉ DOCA;19494,44;382;23,0;2025-11-21;;
Oeste do Maranhão;20932,0;ZÉ DOCA;3526,63;94;12,0;2025-11-22;;
Oeste do Maranhão;20932,0;ZÉ DOCA;30855,6;591;37,0;2025-11-24;;
Oeste do Maranhão;20932,0;ZÉ DOCA;27734,93;430;39,0;2025-11-25;;
Oeste do Maranhão;20932,0;ZÉ DOCA;25597,67;443;30,0;2025-11-26;;
Oeste do Maranhão;20932,0;ZÉ DOCA;61754,09;1026;60,0;2025-11-27;;
Oeste do Maranhão;20932,0;ZÉ DOCA;30968,95;498;45,0;2025-11-28;;
Oeste do Maranhão;20932,0;ZÉ DOCA;16495,16;258;21,0;2025-11-29;;
Oeste do Maranhão;20932,0;ZÉ DOCA;2429,65;30;5,0;2025-11-30;;
Oeste do Maranhão;20932,0;ZÉ DOCA;17049,0;301;35,0;2025-12-01;;
Oeste do Maranhão;20932,0;ZÉ DOCA;31199,06;453;45,0;2025-12-02;;
Oeste do Maranhão;20932,0;ZÉ DOCA;21885,72;405;34,0;2025-12-03;;
Oeste do Maranhão;20932,0;ZÉ DOCA;24178,49;419;41,0;2025-12-04;;
Oeste do Maranhão;20932,0;ZÉ DOCA;20202,23;320;23,0;2025-12-05;;
Oeste do Maranhão;20932,0;ZÉ DOCA;7388,99;159;12,0;2025-12-06;;
Oeste do Maranhão;20932,0;ZÉ DOCA;17870,74;420;30,0;2025-12-08;;
Oeste do Maranhão;20932,0;ZÉ DOCA;9922,4;278;26,0;2025-12-09;;
Oeste do Maranhão;20932,0;ZÉ DOCA;22610,13;414;30,0;2025-12-10;;
Oeste do Maranhão;20932,0;ZÉ DOCA;13656,92;283;27,0;2025-12-11;;
Oeste do Maranhão;20932,0;ZÉ DOCA;14917,94;280;28,0;2025-12-12;;
Oeste do Maranhão;20932,0;ZÉ DOCA;9002,08;224;30,0;2025-12-13;;
Oeste do Maranhão;20932,0;ZÉ DOCA;12308,78;265;34,0;2025-12-15;;
Oeste do Maranhão;20932,0;ZÉ DOCA;27757,0;428;34,0;2025-12-16;;
Oeste do Maranhão;20932,0;ZÉ DOCA;13913,15;317;34,0;2025-12-17;;
Oeste do Maranhão;20932,0;ZÉ DOCA;15990,42;369;33,0;2025-12-18;;
Oeste do Maranhão;20932,0;ZÉ DOCA;11084,08;245;21,0;2025-12-19;;
Oeste do Maranhão;20932,0;ZÉ DOCA;12341,53;220;20,0;2025-12-20;;
Oeste do Maranhão;20932,0;ZÉ DOCA;10014,51;163;18,0;2025-12-21;;
Oeste do Maranhão;20932,0;ZÉ DOCA;16623,11;326;39,0;2025-12-22;;
Oeste do Maranhão;20932,0;ZÉ DOCA;28989,54;464;36,0;2025-12-23;;
Oeste do Maranhão;20932,0;ZÉ DOCA;24467,93;465;45,0;2025-12-24;;
Oeste do Maranhão;20932,0;ZÉ DOCA;40941,78;823;46,0;2025-12-26;;
Oeste do Maranhão;20932,0;ZÉ DOCA;19536,33;395;24,0;2025-12-27;;
Oeste do Maranhão;20932,0;ZÉ DOCA;21690,35;412;37,0;2025-12-29;;
Oeste do Maranhão;20932,0;ZÉ DOCA;18768,41;390;34,0;2025-12-30;;
Oeste do Maranhão;20932,0;ZÉ DOCA;8418,18;157;17,0;2025-12-31;;
